#! FIELDS index mass charge
 0      14.01000022888184     0.1591999977827072
 1      1.008000016212463      0.198400005698204
 2      1.008000016212463      0.198400005698204
 3      1.008000016212463      0.198400005698204
 4      12.01000022888184    0.02209999971091747
 5      1.008000016212463     0.1115999966859818
 6      12.01000022888184    0.08649999648332596
 7      1.008000016212463    0.01250000018626451
 8      1.008000016212463    0.01250000018626451
 9      12.01000022888184    0.03339999914169312
 10      1.008000016212463    0.02920000068843365
 11      1.008000016212463    0.02920000068843365
 12      32.06000137329102    -0.2773999869823456
 13      12.01000022888184    -0.0340999998152256
 14      1.008000016212463    0.05970000103116035
 15      1.008000016212463    0.05970000103116035
 16      1.008000016212463    0.05970000103116035
 17      12.01000022888184     0.6122999787330627
 18                     16    -0.5713000297546387
 19      14.01000022888184    -0.4156999886035919
 20      1.008000016212463     0.2718999981880188
 21      12.01000022888184    0.01429999992251396
 22      1.008000016212463     0.1048000007867813
 23      12.01000022888184    -0.2040999978780746
 24      1.008000016212463    0.07970000058412552
 25      1.008000016212463    0.07970000058412552
 26      12.01000022888184     0.7129999995231628
 27                     16    -0.5931000113487244
 28      14.01000022888184    -0.9190999865531921
 29      1.008000016212463     0.4196000099182129
 30      1.008000016212463     0.4196000099182129
 31      12.01000022888184     0.5972999930381775
 32                     16    -0.5679000020027161
 33      14.01000022888184    -0.4156999886035919
 34      1.008000016212463     0.2718999981880188
 35      12.01000022888184    0.03370000049471855
 36      1.008000016212463    0.08229999989271164
 37      12.01000022888184    -0.1825000047683716
 38      1.008000016212463    0.06030000001192093
 39      1.008000016212463    0.06030000001192093
 40      1.008000016212463    0.06030000001192093
 41      12.01000022888184     0.5972999930381775
 42                     16    -0.5679000020027161
 43      14.01000022888184    -0.4156999886035919
 44      1.008000016212463     0.2718999981880188
 45      12.01000022888184   -0.02490000054240227
 46      1.008000016212463    0.08429999649524689
 47      12.01000022888184     0.2117000073194504
 48      1.008000016212463    0.03519999980926514
 49      1.008000016212463    0.03519999980926514
 50                     16    -0.6546000242233276
 51      1.008000016212463     0.4275000095367432
 52      12.01000022888184     0.5972999930381775
 53                     16    -0.5679000020027161
 54      14.01000022888184    -0.5163000226020813
 55      1.008000016212463     0.2935999929904938
 56      12.01000022888184    0.03970000147819519
 57      1.008000016212463     0.1105000004172325
 58      12.01000022888184     0.0560000017285347
 59      1.008000016212463   -0.01730000041425228
 60      1.008000016212463   -0.01730000041425228
 61      12.01000022888184    0.01360000018030405
 62      1.008000016212463   -0.04250000044703484
 63      1.008000016212463   -0.04250000044703484
 64      12.01000022888184      0.805400013923645
 65                     16    -0.8187999725341797
 66                     16    -0.8187999725341797
 67      12.01000022888184     0.5365999937057495
 68                     16    -0.5819000005722046
 69      14.01000022888184    -0.4156999886035919
 70      1.008000016212463     0.2718999981880188
 71      12.01000022888184  -0.002400000113993883
 72      1.008000016212463    0.09780000150203705
 73      12.01000022888184   -0.03429999947547913
 74      1.008000016212463    0.02950000017881393
 75      1.008000016212463    0.02950000017881393
 76      12.01000022888184     0.0118000004440546
 77      12.01000022888184    -0.1255999952554703
 78      1.008000016212463     0.1330000013113022
 79      12.01000022888184    -0.1703999936580658
 80      1.008000016212463     0.1430000066757202
 81      12.01000022888184    -0.1071999967098236
 82      1.008000016212463     0.1297000050544739
 83      12.01000022888184    -0.1703999936580658
 84      1.008000016212463     0.1430000066757202
 85      12.01000022888184    -0.1255999952554703
 86      1.008000016212463     0.1330000013113022
 87      12.01000022888184     0.5972999930381775
 88                     16    -0.5679000020027161
 89      14.01000022888184     -0.347900003194809
 90      1.008000016212463     0.2746999859809875
 91      12.01000022888184     -0.263700008392334
 92      1.008000016212463     0.1560000032186508
 93      12.01000022888184  -0.000699999975040555
 94      1.008000016212463    0.03269999846816063
 95      1.008000016212463    0.03269999846816063
 96      12.01000022888184     0.0390000008046627
 97      1.008000016212463    0.02850000001490116
 98      1.008000016212463    0.02850000001490116
 99      12.01000022888184    0.04859999939799309
 100      1.008000016212463    0.06870000064373016
 101      1.008000016212463    0.06870000064373016
 102      14.01000022888184    -0.5295000076293945
 103      1.008000016212463     0.3456000089645386
 104      12.01000022888184     0.8076000213623047
 105      14.01000022888184    -0.8626999855041504
 106      1.008000016212463     0.4478000104427338
 107      1.008000016212463     0.4478000104427338
 108      14.01000022888184    -0.8626999855041504
 109      1.008000016212463     0.4478000104427338
 110      1.008000016212463     0.4478000104427338
 111      12.01000022888184     0.7340999841690063
 112                     16    -0.5893999934196472
 113      14.01000022888184     -0.347900003194809
 114      1.008000016212463     0.2746999859809875
 115      12.01000022888184     -0.263700008392334
 116      1.008000016212463     0.1560000032186508
 117      12.01000022888184  -0.000699999975040555
 118      1.008000016212463    0.03269999846816063
 119      1.008000016212463    0.03269999846816063
 120      12.01000022888184     0.0390000008046627
 121      1.008000016212463    0.02850000001490116
 122      1.008000016212463    0.02850000001490116
 123      12.01000022888184    0.04859999939799309
 124      1.008000016212463    0.06870000064373016
 125      1.008000016212463    0.06870000064373016
 126      14.01000022888184    -0.5295000076293945
 127      1.008000016212463     0.3456000089645386
 128      12.01000022888184     0.8076000213623047
 129      14.01000022888184    -0.8626999855041504
 130      1.008000016212463     0.4478000104427338
 131      1.008000016212463     0.4478000104427338
 132      14.01000022888184    -0.8626999855041504
 133      1.008000016212463     0.4478000104427338
 134      1.008000016212463     0.4478000104427338
 135      12.01000022888184     0.7340999841690063
 136                     16    -0.5893999934196472
 137      14.01000022888184     -0.347900003194809
 138      1.008000016212463     0.2746999859809875
 139      12.01000022888184     -0.263700008392334
 140      1.008000016212463     0.1560000032186508
 141      12.01000022888184  -0.000699999975040555
 142      1.008000016212463    0.03269999846816063
 143      1.008000016212463    0.03269999846816063
 144      12.01000022888184     0.0390000008046627
 145      1.008000016212463    0.02850000001490116
 146      1.008000016212463    0.02850000001490116
 147      12.01000022888184    0.04859999939799309
 148      1.008000016212463    0.06870000064373016
 149      1.008000016212463    0.06870000064373016
 150      14.01000022888184    -0.5295000076293945
 151      1.008000016212463     0.3456000089645386
 152      12.01000022888184     0.8076000213623047
 153      14.01000022888184    -0.8626999855041504
 154      1.008000016212463     0.4478000104427338
 155      1.008000016212463     0.4478000104427338
 156      14.01000022888184    -0.8626999855041504
 157      1.008000016212463     0.4478000104427338
 158      1.008000016212463     0.4478000104427338
 159      12.01000022888184     0.7340999841690063
 160                     16    -0.5893999934196472
 161      14.01000022888184    -0.4156999886035919
 162      1.008000016212463     0.2718999981880188
 163      12.01000022888184   -0.02520000003278255
 164      1.008000016212463     0.0697999969124794
 165      1.008000016212463     0.0697999969124794
 166      12.01000022888184     0.5972999930381775
 167                     16    -0.5679000020027161
 168      14.01000022888184     -0.347900003194809
 169      1.008000016212463     0.2746999859809875
 170      12.01000022888184     -0.239999994635582
 171      1.008000016212463     0.1425999999046326
 172      12.01000022888184  -0.009399999864399433
 173      1.008000016212463    0.03620000183582306
 174      1.008000016212463    0.03620000183582306
 175      12.01000022888184     0.0186999998986721
 176      1.008000016212463    0.01030000019818544
 177      1.008000016212463    0.01030000019818544
 178      12.01000022888184    -0.0478999987244606
 179      1.008000016212463    0.06210000067949295
 180      1.008000016212463    0.06210000067949295
 181      12.01000022888184   -0.01429999992251396
 182      1.008000016212463     0.1134999990463257
 183      1.008000016212463     0.1134999990463257
 184      14.01000022888184    -0.3853999972343445
 185      1.008000016212463     0.3400000035762787
 186      1.008000016212463     0.3400000035762787
 187      1.008000016212463     0.3400000035762787
 188      12.01000022888184     0.7340999841690063
 189                     16    -0.5893999934196472
 190      14.01000022888184    -0.5163000226020813
 191      1.008000016212463     0.2935999929904938
 192      12.01000022888184    0.03970000147819519
 193      1.008000016212463     0.1105000004172325
 194      12.01000022888184     0.0560000017285347
 195      1.008000016212463   -0.01730000041425228
 196      1.008000016212463   -0.01730000041425228
 197      12.01000022888184    0.01360000018030405
 198      1.008000016212463   -0.04250000044703484
 199      1.008000016212463   -0.04250000044703484
 200      12.01000022888184      0.805400013923645
 201                     16    -0.8187999725341797
 202                     16    -0.8187999725341797
 203      12.01000022888184     0.5365999937057495
 204                     16    -0.5819000005722046
 205      14.01000022888184    -0.4156999886035919
 206      1.008000016212463     0.2718999981880188
 207      12.01000022888184   -0.02370000071823597
 208      1.008000016212463    0.08799999952316284
 209      12.01000022888184    0.03420000150799751
 210      1.008000016212463    0.02410000003874302
 211      1.008000016212463    0.02410000003874302
 212      12.01000022888184   0.001799999969080091
 213      1.008000016212463    0.04399999976158142
 214      1.008000016212463    0.04399999976158142
 215      32.06000137329102    -0.2736999988555908
 216      12.01000022888184    -0.0535999983549118
 217      1.008000016212463    0.06840000301599503
 218      1.008000016212463    0.06840000301599503
 219      1.008000016212463    0.06840000301599503
 220      12.01000022888184     0.5972999930381775
 221                     16    -0.5679000020027161
 222      14.01000022888184    -0.4156999886035919
 223      1.008000016212463     0.2718999981880188
 224      12.01000022888184   -0.08749999850988388
 225      1.008000016212463    0.09690000116825104
 226      12.01000022888184     0.2985000014305115
 227      1.008000016212463   -0.02969999983906746
 228      12.01000022888184    -0.3192000091075897
 229      1.008000016212463    0.07909999787807465
 230      1.008000016212463    0.07909999787807465
 231      1.008000016212463    0.07909999787807465
 232      12.01000022888184    -0.3192000091075897
 233      1.008000016212463    0.07909999787807465
 234      1.008000016212463    0.07909999787807465
 235      1.008000016212463    0.07909999787807465
 236      12.01000022888184     0.5972999930381775
 237                     16    -0.5679000020027161
 238      14.01000022888184    -0.5163000226020813
 239      1.008000016212463     0.2935999929904938
 240      12.01000022888184    0.03810000047087669
 241      1.008000016212463    0.08799999952316284
 242      12.01000022888184   -0.03030000068247318
 243      1.008000016212463   -0.01219999976456165
 244      1.008000016212463   -0.01219999976456165
 245      12.01000022888184     0.7993999719619751
 246                     16    -0.8014000058174133
 247                     16    -0.8014000058174133
 248      12.01000022888184     0.5365999937057495
 249                     16    -0.5819000005722046
 250      14.01000022888184    -0.4156999886035919
 251      1.008000016212463     0.2718999981880188
 252      12.01000022888184   -0.00139999995008111
 253      1.008000016212463    0.08760000020265579
 254      12.01000022888184   -0.01520000025629997
 255      1.008000016212463    0.02950000017881393
 256      1.008000016212463    0.02950000017881393
 257      12.01000022888184  -0.001099999994039536
 258      12.01000022888184    -0.1905999928712845
 259      1.008000016212463     0.1699000000953674
 260      12.01000022888184    -0.2340999990701675
 261      1.008000016212463     0.1656000018119812
 262      12.01000022888184     0.3226000070571899
 263                     16    -0.5579000115394592
 264      1.008000016212463     0.3991999924182892
 265      12.01000022888184    -0.2340999990701675
 266      1.008000016212463     0.1656000018119812
 267      12.01000022888184    -0.1905999928712845
 268      1.008000016212463     0.1699000000953674
 269      12.01000022888184     0.5972999930381775
 270                     16    -0.5679000020027161
 271      14.01000022888184    -0.4156999886035919
 272      1.008000016212463     0.2718999981880188
 273      12.01000022888184   -0.02370000071823597
 274      1.008000016212463    0.08799999952316284
 275      12.01000022888184    0.03420000150799751
 276      1.008000016212463    0.02410000003874302
 277      1.008000016212463    0.02410000003874302
 278      12.01000022888184   0.001799999969080091
 279      1.008000016212463    0.04399999976158142
 280      1.008000016212463    0.04399999976158142
 281      32.06000137329102    -0.2736999988555908
 282      12.01000022888184    -0.0535999983549118
 283      1.008000016212463    0.06840000301599503
 284      1.008000016212463    0.06840000301599503
 285      1.008000016212463    0.06840000301599503
 286      12.01000022888184     0.5972999930381775
 287                     16    -0.5679000020027161
 288      14.01000022888184    -0.4156999886035919
 289      1.008000016212463     0.2718999981880188
 290      12.01000022888184    0.03370000049471855
 291      1.008000016212463    0.08229999989271164
 292      12.01000022888184    -0.1825000047683716
 293      1.008000016212463    0.06030000001192093
 294      1.008000016212463    0.06030000001192093
 295      1.008000016212463    0.06030000001192093
 296      12.01000022888184     0.5972999930381775
 297                     16    -0.5679000020027161
 298      14.01000022888184    -0.4156999886035919
 299      1.008000016212463     0.2718999981880188
 300      12.01000022888184    0.01429999992251396
 301      1.008000016212463     0.1048000007867813
 302      12.01000022888184    -0.2040999978780746
 303      1.008000016212463    0.07970000058412552
 304      1.008000016212463    0.07970000058412552
 305      12.01000022888184     0.7129999995231628
 306                     16    -0.5931000113487244
 307      14.01000022888184    -0.9190999865531921
 308      1.008000016212463     0.4196000099182129
 309      1.008000016212463     0.4196000099182129
 310      12.01000022888184     0.5972999930381775
 311                     16    -0.5679000020027161
 312      14.01000022888184    -0.4156999886035919
 313      1.008000016212463     0.2718999981880188
 314      12.01000022888184   -0.00139999995008111
 315      1.008000016212463    0.08760000020265579
 316      12.01000022888184   -0.01520000025629997
 317      1.008000016212463    0.02950000017881393
 318      1.008000016212463    0.02950000017881393
 319      12.01000022888184  -0.001099999994039536
 320      12.01000022888184    -0.1905999928712845
 321      1.008000016212463     0.1699000000953674
 322      12.01000022888184    -0.2340999990701675
 323      1.008000016212463     0.1656000018119812
 324      12.01000022888184     0.3226000070571899
 325                     16    -0.5579000115394592
 326      1.008000016212463     0.3991999924182892
 327      12.01000022888184    -0.2340999990701675
 328      1.008000016212463     0.1656000018119812
 329      12.01000022888184    -0.1905999928712845
 330      1.008000016212463     0.1699000000953674
 331      12.01000022888184     0.5972999930381775
 332                     16    -0.5679000020027161
 333      14.01000022888184    -0.4156999886035919
 334      1.008000016212463     0.2718999981880188
 335      12.01000022888184   -0.02370000071823597
 336      1.008000016212463    0.08799999952316284
 337      12.01000022888184    0.03420000150799751
 338      1.008000016212463    0.02410000003874302
 339      1.008000016212463    0.02410000003874302
 340      12.01000022888184   0.001799999969080091
 341      1.008000016212463    0.04399999976158142
 342      1.008000016212463    0.04399999976158142
 343      32.06000137329102    -0.2736999988555908
 344      12.01000022888184    -0.0535999983549118
 345      1.008000016212463    0.06840000301599503
 346      1.008000016212463    0.06840000301599503
 347      1.008000016212463    0.06840000301599503
 348      12.01000022888184     0.5972999930381775
 349                     16    -0.5679000020027161
 350      14.01000022888184    -0.5163000226020813
 351      1.008000016212463     0.2935999929904938
 352      12.01000022888184    0.03970000147819519
 353      1.008000016212463     0.1105000004172325
 354      12.01000022888184     0.0560000017285347
 355      1.008000016212463   -0.01730000041425228
 356      1.008000016212463   -0.01730000041425228
 357      12.01000022888184    0.01360000018030405
 358      1.008000016212463   -0.04250000044703484
 359      1.008000016212463   -0.04250000044703484
 360      12.01000022888184      0.805400013923645
 361                     16    -0.8187999725341797
 362                     16    -0.8187999725341797
 363      12.01000022888184     0.5365999937057495
 364                     16    -0.5819000005722046
 365      14.01000022888184    -0.4156999886035919
 366      1.008000016212463     0.2718999981880188
 367      12.01000022888184   -0.02520000003278255
 368      1.008000016212463     0.0697999969124794
 369      1.008000016212463     0.0697999969124794
 370      12.01000022888184     0.5972999930381775
 371                     16    -0.5679000020027161
 372      14.01000022888184    -0.4156999886035919
 373      1.008000016212463     0.2718999981880188
 374      12.01000022888184   -0.05970000103116035
 375      1.008000016212463     0.0869000032544136
 376      12.01000022888184     0.1303000003099442
 377      1.008000016212463     0.0186999998986721
 378      12.01000022888184    -0.3203999996185303
 379      1.008000016212463    0.08820000290870667
 380      1.008000016212463    0.08820000290870667
 381      1.008000016212463    0.08820000290870667
 382      12.01000022888184    -0.0430000014603138
 383      1.008000016212463    0.02360000088810921
 384      1.008000016212463    0.02360000088810921
 385      12.01000022888184   -0.06599999964237213
 386      1.008000016212463    0.01860000006854534
 387      1.008000016212463    0.01860000006854534
 388      1.008000016212463    0.01860000006854534
 389      12.01000022888184     0.5972999930381775
 390                     16    -0.5679000020027161
 391      14.01000022888184    -0.5163000226020813
 392      1.008000016212463     0.2935999929904938
 393      12.01000022888184    0.03970000147819519
 394      1.008000016212463     0.1105000004172325
 395      12.01000022888184     0.0560000017285347
 396      1.008000016212463   -0.01730000041425228
 397      1.008000016212463   -0.01730000041425228
 398      12.01000022888184    0.01360000018030405
 399      1.008000016212463   -0.04250000044703484
 400      1.008000016212463   -0.04250000044703484
 401      12.01000022888184      0.805400013923645
 402                     16    -0.8187999725341797
 403                     16    -0.8187999725341797
 404      12.01000022888184     0.5365999937057495
 405                     16    -0.5819000005722046
 406      14.01000022888184    -0.4156999886035919
 407      1.008000016212463     0.2718999981880188
 408      12.01000022888184   -0.02520000003278255
 409      1.008000016212463     0.0697999969124794
 410      1.008000016212463     0.0697999969124794
 411      12.01000022888184     0.5972999930381775
 412                     16    -0.5679000020027161
 413      14.01000022888184     -0.347900003194809
 414      1.008000016212463     0.2746999859809875
 415      12.01000022888184     -0.263700008392334
 416      1.008000016212463     0.1560000032186508
 417      12.01000022888184  -0.000699999975040555
 418      1.008000016212463    0.03269999846816063
 419      1.008000016212463    0.03269999846816063
 420      12.01000022888184     0.0390000008046627
 421      1.008000016212463    0.02850000001490116
 422      1.008000016212463    0.02850000001490116
 423      12.01000022888184    0.04859999939799309
 424      1.008000016212463    0.06870000064373016
 425      1.008000016212463    0.06870000064373016
 426      14.01000022888184    -0.5295000076293945
 427      1.008000016212463     0.3456000089645386
 428      12.01000022888184     0.8076000213623047
 429      14.01000022888184    -0.8626999855041504
 430      1.008000016212463     0.4478000104427338
 431      1.008000016212463     0.4478000104427338
 432      14.01000022888184    -0.8626999855041504
 433      1.008000016212463     0.4478000104427338
 434      1.008000016212463     0.4478000104427338
 435      12.01000022888184     0.7340999841690063
 436                     16    -0.5893999934196472
 437      14.01000022888184    -0.4156999886035919
 438      1.008000016212463     0.2718999981880188
 439      12.01000022888184  -0.003100000089034438
 440      1.008000016212463    0.08500000089406967
 441      12.01000022888184  -0.003599999938160181
 442      1.008000016212463    0.01710000075399876
 443      1.008000016212463    0.01710000075399876
 444      12.01000022888184   -0.06449999660253525
 445      1.008000016212463    0.03519999980926514
 446      1.008000016212463    0.03519999980926514
 447      12.01000022888184     0.6951000094413757
 448                     16    -0.6086000204086304
 449      14.01000022888184    -0.9406999945640564
 450      1.008000016212463     0.4250999987125397
 451      1.008000016212463     0.4250999987125397
 452      12.01000022888184     0.5972999930381775
 453                     16    -0.5679000020027161
 454      14.01000022888184    -0.4156999886035919
 455      1.008000016212463     0.2718999981880188
 456      12.01000022888184   -0.08749999850988388
 457      1.008000016212463    0.09690000116825104
 458      12.01000022888184     0.2985000014305115
 459      1.008000016212463   -0.02969999983906746
 460      12.01000022888184    -0.3192000091075897
 461      1.008000016212463    0.07909999787807465
 462      1.008000016212463    0.07909999787807465
 463      1.008000016212463    0.07909999787807465
 464      12.01000022888184    -0.3192000091075897
 465      1.008000016212463    0.07909999787807465
 466      1.008000016212463    0.07909999787807465
 467      1.008000016212463    0.07909999787807465
 468      12.01000022888184     0.5972999930381775
 469                     16    -0.5679000020027161
 470      14.01000022888184    -0.4156999886035919
 471      1.008000016212463     0.2718999981880188
 472      12.01000022888184   -0.00139999995008111
 473      1.008000016212463    0.08760000020265579
 474      12.01000022888184   -0.01520000025629997
 475      1.008000016212463    0.02950000017881393
 476      1.008000016212463    0.02950000017881393
 477      12.01000022888184  -0.001099999994039536
 478      12.01000022888184    -0.1905999928712845
 479      1.008000016212463     0.1699000000953674
 480      12.01000022888184    -0.2340999990701675
 481      1.008000016212463     0.1656000018119812
 482      12.01000022888184     0.3226000070571899
 483                     16    -0.5579000115394592
 484      1.008000016212463     0.3991999924182892
 485      12.01000022888184    -0.2340999990701675
 486      1.008000016212463     0.1656000018119812
 487      12.01000022888184    -0.1905999928712845
 488      1.008000016212463     0.1699000000953674
 489      12.01000022888184     0.5972999930381775
 490                     16    -0.5679000020027161
 491      14.01000022888184    -0.2547999918460846
 492      12.01000022888184    0.01920000091195107
 493      1.008000016212463    0.03909999877214432
 494      1.008000016212463    0.03909999877214432
 495      12.01000022888184    0.01889999955892563
 496      1.008000016212463    0.02129999920725822
 497      1.008000016212463    0.02129999920725822
 498      12.01000022888184  -0.007000000216066837
 499      1.008000016212463    0.02529999986290932
 500      1.008000016212463    0.02529999986290932
 501      12.01000022888184   -0.02659999951720238
 502      1.008000016212463     0.0640999972820282
 503      12.01000022888184     0.5896000266075134
 504                     16    -0.5748000144958496
 505      14.01000022888184    -0.5163000226020813
 506      1.008000016212463     0.2935999929904938
 507      12.01000022888184    0.03810000047087669
 508      1.008000016212463    0.08799999952316284
 509      12.01000022888184   -0.03030000068247318
 510      1.008000016212463   -0.01219999976456165
 511      1.008000016212463   -0.01219999976456165
 512      12.01000022888184     0.7993999719619751
 513                     16    -0.8014000058174133
 514                     16    -0.8014000058174133
 515      12.01000022888184     0.5365999937057495
 516                     16    -0.5819000005722046
 517      14.01000022888184    -0.4156999886035919
 518      1.008000016212463     0.2718999981880188
 519      12.01000022888184   -0.08749999850988388
 520      1.008000016212463    0.09690000116825104
 521      12.01000022888184     0.2985000014305115
 522      1.008000016212463   -0.02969999983906746
 523      12.01000022888184    -0.3192000091075897
 524      1.008000016212463    0.07909999787807465
 525      1.008000016212463    0.07909999787807465
 526      1.008000016212463    0.07909999787807465
 527      12.01000022888184    -0.3192000091075897
 528      1.008000016212463    0.07909999787807465
 529      1.008000016212463    0.07909999787807465
 530      1.008000016212463    0.07909999787807465
 531      12.01000022888184     0.5972999930381775
 532                     16    -0.5679000020027161
 533      14.01000022888184    -0.5163000226020813
 534      1.008000016212463     0.2935999929904938
 535      12.01000022888184    0.03970000147819519
 536      1.008000016212463     0.1105000004172325
 537      12.01000022888184     0.0560000017285347
 538      1.008000016212463   -0.01730000041425228
 539      1.008000016212463   -0.01730000041425228
 540      12.01000022888184    0.01360000018030405
 541      1.008000016212463   -0.04250000044703484
 542      1.008000016212463   -0.04250000044703484
 543      12.01000022888184      0.805400013923645
 544                     16    -0.8187999725341797
 545                     16    -0.8187999725341797
 546      12.01000022888184     0.5365999937057495
 547                     16    -0.5819000005722046
 548      14.01000022888184    -0.2547999918460846
 549      12.01000022888184    0.01920000091195107
 550      1.008000016212463    0.03909999877214432
 551      1.008000016212463    0.03909999877214432
 552      12.01000022888184    0.01889999955892563
 553      1.008000016212463    0.02129999920725822
 554      1.008000016212463    0.02129999920725822
 555      12.01000022888184  -0.007000000216066837
 556      1.008000016212463    0.02529999986290932
 557      1.008000016212463    0.02529999986290932
 558      12.01000022888184   -0.02659999951720238
 559      1.008000016212463     0.0640999972820282
 560      12.01000022888184     0.5896000266075134
 561                     16    -0.5748000144958496
 562      14.01000022888184    -0.4156999886035919
 563      1.008000016212463     0.2718999981880188
 564      12.01000022888184   -0.02520000003278255
 565      1.008000016212463     0.0697999969124794
 566      1.008000016212463     0.0697999969124794
 567      12.01000022888184     0.5972999930381775
 568                     16    -0.5679000020027161
 569      14.01000022888184    -0.4156999886035919
 570      1.008000016212463     0.2718999981880188
 571      12.01000022888184   -0.00139999995008111
 572      1.008000016212463    0.08760000020265579
 573      12.01000022888184   -0.01520000025629997
 574      1.008000016212463    0.02950000017881393
 575      1.008000016212463    0.02950000017881393
 576      12.01000022888184  -0.001099999994039536
 577      12.01000022888184    -0.1905999928712845
 578      1.008000016212463     0.1699000000953674
 579      12.01000022888184    -0.2340999990701675
 580      1.008000016212463     0.1656000018119812
 581      12.01000022888184     0.3226000070571899
 582                     16    -0.5579000115394592
 583      1.008000016212463     0.3991999924182892
 584      12.01000022888184    -0.2340999990701675
 585      1.008000016212463     0.1656000018119812
 586      12.01000022888184    -0.1905999928712845
 587      1.008000016212463     0.1699000000953674
 588      12.01000022888184     0.5972999930381775
 589                     16    -0.5679000020027161
 590      14.01000022888184    -0.4156999886035919
 591      1.008000016212463     0.2718999981880188
 592      12.01000022888184   -0.05180000141263008
 593      1.008000016212463    0.09220000356435776
 594      12.01000022888184    -0.1102000027894974
 595      1.008000016212463    0.04569999873638153
 596      1.008000016212463    0.04569999873638153
 597      12.01000022888184     0.3531000018119812
 598      1.008000016212463   -0.03610000014305115
 599      12.01000022888184    -0.4120999872684479
 600      1.008000016212463     0.1000000014901161
 601      1.008000016212463     0.1000000014901161
 602      1.008000016212463     0.1000000014901161
 603      12.01000022888184    -0.4120999872684479
 604      1.008000016212463     0.1000000014901161
 605      1.008000016212463     0.1000000014901161
 606      1.008000016212463     0.1000000014901161
 607      12.01000022888184     0.5972999930381775
 608                     16    -0.5679000020027161
 609      14.01000022888184     -0.347900003194809
 610      1.008000016212463     0.2746999859809875
 611      12.01000022888184     -0.263700008392334
 612      1.008000016212463     0.1560000032186508
 613      12.01000022888184  -0.000699999975040555
 614      1.008000016212463    0.03269999846816063
 615      1.008000016212463    0.03269999846816063
 616      12.01000022888184     0.0390000008046627
 617      1.008000016212463    0.02850000001490116
 618      1.008000016212463    0.02850000001490116
 619      12.01000022888184    0.04859999939799309
 620      1.008000016212463    0.06870000064373016
 621      1.008000016212463    0.06870000064373016
 622      14.01000022888184    -0.5295000076293945
 623      1.008000016212463     0.3456000089645386
 624      12.01000022888184     0.8076000213623047
 625      14.01000022888184    -0.8626999855041504
 626      1.008000016212463     0.4478000104427338
 627      1.008000016212463     0.4478000104427338
 628      14.01000022888184    -0.8626999855041504
 629      1.008000016212463     0.4478000104427338
 630      1.008000016212463     0.4478000104427338
 631      12.01000022888184     0.7340999841690063
 632                     16    -0.5893999934196472
 633      14.01000022888184    -0.2547999918460846
 634      12.01000022888184    0.01920000091195107
 635      1.008000016212463    0.03909999877214432
 636      1.008000016212463    0.03909999877214432
 637      12.01000022888184    0.01889999955892563
 638      1.008000016212463    0.02129999920725822
 639      1.008000016212463    0.02129999920725822
 640      12.01000022888184  -0.007000000216066837
 641      1.008000016212463    0.02529999986290932
 642      1.008000016212463    0.02529999986290932
 643      12.01000022888184   -0.02659999951720238
 644      1.008000016212463     0.0640999972820282
 645      12.01000022888184     0.5896000266075134
 646                     16    -0.5748000144958496
 647      14.01000022888184    -0.4156999886035919
 648      1.008000016212463     0.2718999981880188
 649      12.01000022888184   -0.05180000141263008
 650      1.008000016212463    0.09220000356435776
 651      12.01000022888184    -0.1102000027894974
 652      1.008000016212463    0.04569999873638153
 653      1.008000016212463    0.04569999873638153
 654      12.01000022888184     0.3531000018119812
 655      1.008000016212463   -0.03610000014305115
 656      12.01000022888184    -0.4120999872684479
 657      1.008000016212463     0.1000000014901161
 658      1.008000016212463     0.1000000014901161
 659      1.008000016212463     0.1000000014901161
 660      12.01000022888184    -0.4120999872684479
 661      1.008000016212463     0.1000000014901161
 662      1.008000016212463     0.1000000014901161
 663      1.008000016212463     0.1000000014901161
 664      12.01000022888184     0.5972999930381775
 665                     16    -0.5679000020027161
 666      14.01000022888184    -0.4156999886035919
 667      1.008000016212463     0.2718999981880188
 668      12.01000022888184   -0.05970000103116035
 669      1.008000016212463     0.0869000032544136
 670      12.01000022888184     0.1303000003099442
 671      1.008000016212463     0.0186999998986721
 672      12.01000022888184    -0.3203999996185303
 673      1.008000016212463    0.08820000290870667
 674      1.008000016212463    0.08820000290870667
 675      1.008000016212463    0.08820000290870667
 676      12.01000022888184    -0.0430000014603138
 677      1.008000016212463    0.02360000088810921
 678      1.008000016212463    0.02360000088810921
 679      12.01000022888184   -0.06599999964237213
 680      1.008000016212463    0.01860000006854534
 681      1.008000016212463    0.01860000006854534
 682      1.008000016212463    0.01860000006854534
 683      12.01000022888184     0.5972999930381775
 684                     16    -0.5679000020027161
 685      14.01000022888184    -0.2547999918460846
 686      12.01000022888184    0.01920000091195107
 687      1.008000016212463    0.03909999877214432
 688      1.008000016212463    0.03909999877214432
 689      12.01000022888184    0.01889999955892563
 690      1.008000016212463    0.02129999920725822
 691      1.008000016212463    0.02129999920725822
 692      12.01000022888184  -0.007000000216066837
 693      1.008000016212463    0.02529999986290932
 694      1.008000016212463    0.02529999986290932
 695      12.01000022888184   -0.02659999951720238
 696      1.008000016212463     0.0640999972820282
 697      12.01000022888184     0.5896000266075134
 698                     16    -0.5748000144958496
 699      14.01000022888184    -0.4156999886035919
 700      1.008000016212463     0.2718999981880188
 701      12.01000022888184    0.03370000049471855
 702      1.008000016212463    0.08229999989271164
 703      12.01000022888184    -0.1825000047683716
 704      1.008000016212463    0.06030000001192093
 705      1.008000016212463    0.06030000001192093
 706      1.008000016212463    0.06030000001192093
 707      12.01000022888184     0.5972999930381775
 708                     16    -0.5679000020027161
 709      14.01000022888184    -0.4156999886035919
 710      1.008000016212463     0.2718999981880188
 711      12.01000022888184    0.03370000049471855
 712      1.008000016212463    0.08229999989271164
 713      12.01000022888184    -0.1825000047683716
 714      1.008000016212463    0.06030000001192093
 715      1.008000016212463    0.06030000001192093
 716      1.008000016212463    0.06030000001192093
 717      12.01000022888184     0.5972999930381775
 718                     16    -0.5679000020027161
 719      14.01000022888184    -0.4156999886035919
 720      1.008000016212463     0.2718999981880188
 721      12.01000022888184    0.03370000049471855
 722      1.008000016212463    0.08229999989271164
 723      12.01000022888184    -0.1825000047683716
 724      1.008000016212463    0.06030000001192093
 725      1.008000016212463    0.06030000001192093
 726      1.008000016212463    0.06030000001192093
 727      12.01000022888184     0.5972999930381775
 728                     16    -0.5679000020027161
 729      14.01000022888184    -0.2547999918460846
 730      12.01000022888184    0.01920000091195107
 731      1.008000016212463    0.03909999877214432
 732      1.008000016212463    0.03909999877214432
 733      12.01000022888184    0.01889999955892563
 734      1.008000016212463    0.02129999920725822
 735      1.008000016212463    0.02129999920725822
 736      12.01000022888184  -0.007000000216066837
 737      1.008000016212463    0.02529999986290932
 738      1.008000016212463    0.02529999986290932
 739      12.01000022888184   -0.02659999951720238
 740      1.008000016212463     0.0640999972820282
 741      12.01000022888184     0.5896000266075134
 742                     16    -0.5748000144958496
 743      14.01000022888184    -0.4156999886035919
 744      1.008000016212463     0.2718999981880188
 745      12.01000022888184  -0.003100000089034438
 746      1.008000016212463    0.08500000089406967
 747      12.01000022888184  -0.003599999938160181
 748      1.008000016212463    0.01710000075399876
 749      1.008000016212463    0.01710000075399876
 750      12.01000022888184   -0.06449999660253525
 751      1.008000016212463    0.03519999980926514
 752      1.008000016212463    0.03519999980926514
 753      12.01000022888184     0.6951000094413757
 754                     16    -0.6086000204086304
 755      14.01000022888184    -0.9406999945640564
 756      1.008000016212463     0.4250999987125397
 757      1.008000016212463     0.4250999987125397
 758      12.01000022888184     0.5972999930381775
 759                     16    -0.5679000020027161
 760      14.01000022888184    -0.5163000226020813
 761      1.008000016212463     0.2935999929904938
 762      12.01000022888184    0.03970000147819519
 763      1.008000016212463     0.1105000004172325
 764      12.01000022888184     0.0560000017285347
 765      1.008000016212463   -0.01730000041425228
 766      1.008000016212463   -0.01730000041425228
 767      12.01000022888184    0.01360000018030405
 768      1.008000016212463   -0.04250000044703484
 769      1.008000016212463   -0.04250000044703484
 770      12.01000022888184      0.805400013923645
 771                     16    -0.8187999725341797
 772                     16    -0.8187999725341797
 773      12.01000022888184     0.5365999937057495
 774                     16    -0.5819000005722046
 775      14.01000022888184    -0.2547999918460846
 776      12.01000022888184    0.01920000091195107
 777      1.008000016212463    0.03909999877214432
 778      1.008000016212463    0.03909999877214432
 779      12.01000022888184    0.01889999955892563
 780      1.008000016212463    0.02129999920725822
 781      1.008000016212463    0.02129999920725822
 782      12.01000022888184  -0.007000000216066837
 783      1.008000016212463    0.02529999986290932
 784      1.008000016212463    0.02529999986290932
 785      12.01000022888184   -0.02659999951720238
 786      1.008000016212463     0.0640999972820282
 787      12.01000022888184     0.5896000266075134
 788                     16    -0.5748000144958496
 789      14.01000022888184    -0.5163000226020813
 790      1.008000016212463     0.2935999929904938
 791      12.01000022888184    0.03810000047087669
 792      1.008000016212463    0.08799999952316284
 793      12.01000022888184   -0.03030000068247318
 794      1.008000016212463   -0.01219999976456165
 795      1.008000016212463   -0.01219999976456165
 796      12.01000022888184     0.7993999719619751
 797                     16    -0.8014000058174133
 798                     16    -0.8014000058174133
 799      12.01000022888184     0.5365999937057495
 800                     16    -0.5819000005722046
 801      14.01000022888184    -0.4156999886035919
 802      1.008000016212463     0.2718999981880188
 803      12.01000022888184   -0.03889999911189079
 804      1.008000016212463     0.1006999984383583
 805      12.01000022888184     0.3653999865055084
 806      1.008000016212463    0.00430000014603138
 807      12.01000022888184    -0.2437999993562698
 808      1.008000016212463    0.06419999897480011
 809      1.008000016212463    0.06419999897480011
 810      1.008000016212463    0.06419999897480011
 811                     16    -0.6761000156402588
 812      1.008000016212463     0.4101999998092651
 813      12.01000022888184     0.5972999930381775
 814                     16    -0.5679000020027161
 815      14.01000022888184    -0.4156999886035919
 816      1.008000016212463     0.2718999981880188
 817      12.01000022888184  -0.002400000113993883
 818      1.008000016212463    0.09780000150203705
 819      12.01000022888184   -0.03429999947547913
 820      1.008000016212463    0.02950000017881393
 821      1.008000016212463    0.02950000017881393
 822      12.01000022888184     0.0118000004440546
 823      12.01000022888184    -0.1255999952554703
 824      1.008000016212463     0.1330000013113022
 825      12.01000022888184    -0.1703999936580658
 826      1.008000016212463     0.1430000066757202
 827      12.01000022888184    -0.1071999967098236
 828      1.008000016212463     0.1297000050544739
 829      12.01000022888184    -0.1703999936580658
 830      1.008000016212463     0.1430000066757202
 831      12.01000022888184    -0.1255999952554703
 832      1.008000016212463     0.1330000013113022
 833      12.01000022888184     0.5972999930381775
 834                     16    -0.5679000020027161
 835      14.01000022888184    -0.5163000226020813
 836      1.008000016212463     0.2935999929904938
 837      12.01000022888184    0.03970000147819519
 838      1.008000016212463     0.1105000004172325
 839      12.01000022888184     0.0560000017285347
 840      1.008000016212463   -0.01730000041425228
 841      1.008000016212463   -0.01730000041425228
 842      12.01000022888184    0.01360000018030405
 843      1.008000016212463   -0.04250000044703484
 844      1.008000016212463   -0.04250000044703484
 845      12.01000022888184      0.805400013923645
 846                     16    -0.8187999725341797
 847                     16    -0.8187999725341797
 848      12.01000022888184     0.5365999937057495
 849                     16    -0.5819000005722046
 850      14.01000022888184    -0.5163000226020813
 851      1.008000016212463     0.2935999929904938
 852      12.01000022888184    0.03810000047087669
 853      1.008000016212463    0.08799999952316284
 854      12.01000022888184   -0.03030000068247318
 855      1.008000016212463   -0.01219999976456165
 856      1.008000016212463   -0.01219999976456165
 857      12.01000022888184     0.7993999719619751
 858                     16    -0.8014000058174133
 859                     16    -0.8014000058174133
 860      12.01000022888184     0.5365999937057495
 861                     16    -0.5819000005722046
 862      14.01000022888184    -0.4156999886035919
 863      1.008000016212463     0.2718999981880188
 864      12.01000022888184   -0.05970000103116035
 865      1.008000016212463     0.0869000032544136
 866      12.01000022888184     0.1303000003099442
 867      1.008000016212463     0.0186999998986721
 868      12.01000022888184    -0.3203999996185303
 869      1.008000016212463    0.08820000290870667
 870      1.008000016212463    0.08820000290870667
 871      1.008000016212463    0.08820000290870667
 872      12.01000022888184    -0.0430000014603138
 873      1.008000016212463    0.02360000088810921
 874      1.008000016212463    0.02360000088810921
 875      12.01000022888184   -0.06599999964237213
 876      1.008000016212463    0.01860000006854534
 877      1.008000016212463    0.01860000006854534
 878      1.008000016212463    0.01860000006854534
 879      12.01000022888184     0.5972999930381775
 880                     16    -0.5679000020027161
 881      14.01000022888184    -0.4156999886035919
 882      1.008000016212463     0.2718999981880188
 883      12.01000022888184   -0.05970000103116035
 884      1.008000016212463     0.0869000032544136
 885      12.01000022888184     0.1303000003099442
 886      1.008000016212463     0.0186999998986721
 887      12.01000022888184    -0.3203999996185303
 888      1.008000016212463    0.08820000290870667
 889      1.008000016212463    0.08820000290870667
 890      1.008000016212463    0.08820000290870667
 891      12.01000022888184    -0.0430000014603138
 892      1.008000016212463    0.02360000088810921
 893      1.008000016212463    0.02360000088810921
 894      12.01000022888184   -0.06599999964237213
 895      1.008000016212463    0.01860000006854534
 896      1.008000016212463    0.01860000006854534
 897      1.008000016212463    0.01860000006854534
 898      12.01000022888184     0.5972999930381775
 899                     16    -0.5679000020027161
 900      14.01000022888184    -0.4156999886035919
 901      1.008000016212463     0.2718999981880188
 902      12.01000022888184    0.01429999992251396
 903      1.008000016212463     0.1048000007867813
 904      12.01000022888184    -0.2040999978780746
 905      1.008000016212463    0.07970000058412552
 906      1.008000016212463    0.07970000058412552
 907      12.01000022888184     0.7129999995231628
 908                     16    -0.5931000113487244
 909      14.01000022888184    -0.9190999865531921
 910      1.008000016212463     0.4196000099182129
 911      1.008000016212463     0.4196000099182129
 912      12.01000022888184     0.5972999930381775
 913                     16    -0.5679000020027161
 914      14.01000022888184    -0.5163000226020813
 915      1.008000016212463     0.2935999929904938
 916      12.01000022888184    0.03810000047087669
 917      1.008000016212463    0.08799999952316284
 918      12.01000022888184   -0.03030000068247318
 919      1.008000016212463   -0.01219999976456165
 920      1.008000016212463   -0.01219999976456165
 921      12.01000022888184     0.7993999719619751
 922                     16    -0.8014000058174133
 923                     16    -0.8014000058174133
 924      12.01000022888184     0.5365999937057495
 925                     16    -0.5819000005722046
 926      14.01000022888184    -0.4156999886035919
 927      1.008000016212463     0.2718999981880188
 928      12.01000022888184   -0.08749999850988388
 929      1.008000016212463    0.09690000116825104
 930      12.01000022888184     0.2985000014305115
 931      1.008000016212463   -0.02969999983906746
 932      12.01000022888184    -0.3192000091075897
 933      1.008000016212463    0.07909999787807465
 934      1.008000016212463    0.07909999787807465
 935      1.008000016212463    0.07909999787807465
 936      12.01000022888184    -0.3192000091075897
 937      1.008000016212463    0.07909999787807465
 938      1.008000016212463    0.07909999787807465
 939      1.008000016212463    0.07909999787807465
 940      12.01000022888184     0.5972999930381775
 941                     16    -0.5679000020027161
 942      14.01000022888184    -0.5163000226020813
 943      1.008000016212463     0.2935999929904938
 944      12.01000022888184    0.03970000147819519
 945      1.008000016212463     0.1105000004172325
 946      12.01000022888184     0.0560000017285347
 947      1.008000016212463   -0.01730000041425228
 948      1.008000016212463   -0.01730000041425228
 949      12.01000022888184    0.01360000018030405
 950      1.008000016212463   -0.04250000044703484
 951      1.008000016212463   -0.04250000044703484
 952      12.01000022888184      0.805400013923645
 953                     16    -0.8187999725341797
 954                     16    -0.8187999725341797
 955      12.01000022888184     0.5365999937057495
 956                     16    -0.5819000005722046
 957      14.01000022888184     -0.347900003194809
 958      1.008000016212463     0.2746999859809875
 959      12.01000022888184     -0.239999994635582
 960      1.008000016212463     0.1425999999046326
 961      12.01000022888184  -0.009399999864399433
 962      1.008000016212463    0.03620000183582306
 963      1.008000016212463    0.03620000183582306
 964      12.01000022888184     0.0186999998986721
 965      1.008000016212463    0.01030000019818544
 966      1.008000016212463    0.01030000019818544
 967      12.01000022888184    -0.0478999987244606
 968      1.008000016212463    0.06210000067949295
 969      1.008000016212463    0.06210000067949295
 970      12.01000022888184   -0.01429999992251396
 971      1.008000016212463     0.1134999990463257
 972      1.008000016212463     0.1134999990463257
 973      14.01000022888184    -0.3853999972343445
 974      1.008000016212463     0.3400000035762787
 975      1.008000016212463     0.3400000035762787
 976      1.008000016212463     0.3400000035762787
 977      12.01000022888184     0.7340999841690063
 978                     16    -0.5893999934196472
 979      14.01000022888184    -0.4156999886035919
 980      1.008000016212463     0.2718999981880188
 981      12.01000022888184   -0.05970000103116035
 982      1.008000016212463     0.0869000032544136
 983      12.01000022888184     0.1303000003099442
 984      1.008000016212463     0.0186999998986721
 985      12.01000022888184    -0.3203999996185303
 986      1.008000016212463    0.08820000290870667
 987      1.008000016212463    0.08820000290870667
 988      1.008000016212463    0.08820000290870667
 989      12.01000022888184    -0.0430000014603138
 990      1.008000016212463    0.02360000088810921
 991      1.008000016212463    0.02360000088810921
 992      12.01000022888184   -0.06599999964237213
 993      1.008000016212463    0.01860000006854534
 994      1.008000016212463    0.01860000006854534
 995      1.008000016212463    0.01860000006854534
 996      12.01000022888184     0.5972999930381775
 997                     16    -0.5679000020027161
 998      14.01000022888184    -0.4156999886035919
 999      1.008000016212463     0.2718999981880188
 1000      12.01000022888184   -0.05970000103116035
 1001      1.008000016212463     0.0869000032544136
 1002      12.01000022888184     0.1303000003099442
 1003      1.008000016212463     0.0186999998986721
 1004      12.01000022888184    -0.3203999996185303
 1005      1.008000016212463    0.08820000290870667
 1006      1.008000016212463    0.08820000290870667
 1007      1.008000016212463    0.08820000290870667
 1008      12.01000022888184    -0.0430000014603138
 1009      1.008000016212463    0.02360000088810921
 1010      1.008000016212463    0.02360000088810921
 1011      12.01000022888184   -0.06599999964237213
 1012      1.008000016212463    0.01860000006854534
 1013      1.008000016212463    0.01860000006854534
 1014      1.008000016212463    0.01860000006854534
 1015      12.01000022888184     0.5972999930381775
 1016                     16    -0.5679000020027161
 1017      14.01000022888184    -0.4156999886035919
 1018      1.008000016212463     0.2718999981880188
 1019      12.01000022888184   -0.02370000071823597
 1020      1.008000016212463    0.08799999952316284
 1021      12.01000022888184    0.03420000150799751
 1022      1.008000016212463    0.02410000003874302
 1023      1.008000016212463    0.02410000003874302
 1024      12.01000022888184   0.001799999969080091
 1025      1.008000016212463    0.04399999976158142
 1026      1.008000016212463    0.04399999976158142
 1027      32.06000137329102    -0.2736999988555908
 1028      12.01000022888184    -0.0535999983549118
 1029      1.008000016212463    0.06840000301599503
 1030      1.008000016212463    0.06840000301599503
 1031      1.008000016212463    0.06840000301599503
 1032      12.01000022888184     0.5972999930381775
 1033                     16    -0.5679000020027161
 1034      14.01000022888184    -0.2547999918460846
 1035      12.01000022888184    0.01920000091195107
 1036      1.008000016212463    0.03909999877214432
 1037      1.008000016212463    0.03909999877214432
 1038      12.01000022888184    0.01889999955892563
 1039      1.008000016212463    0.02129999920725822
 1040      1.008000016212463    0.02129999920725822
 1041      12.01000022888184  -0.007000000216066837
 1042      1.008000016212463    0.02529999986290932
 1043      1.008000016212463    0.02529999986290932
 1044      12.01000022888184   -0.02659999951720238
 1045      1.008000016212463     0.0640999972820282
 1046      12.01000022888184     0.5896000266075134
 1047                     16    -0.5748000144958496
 1048      14.01000022888184    -0.4156999886035919
 1049      1.008000016212463     0.2718999981880188
 1050      12.01000022888184   -0.02520000003278255
 1051      1.008000016212463     0.0697999969124794
 1052      1.008000016212463     0.0697999969124794
 1053      12.01000022888184     0.5972999930381775
 1054                     16    -0.5679000020027161
 1055      14.01000022888184    -0.4156999886035919
 1056      1.008000016212463     0.2718999981880188
 1057      12.01000022888184   -0.08749999850988388
 1058      1.008000016212463    0.09690000116825104
 1059      12.01000022888184     0.2985000014305115
 1060      1.008000016212463   -0.02969999983906746
 1061      12.01000022888184    -0.3192000091075897
 1062      1.008000016212463    0.07909999787807465
 1063      1.008000016212463    0.07909999787807465
 1064      1.008000016212463    0.07909999787807465
 1065      12.01000022888184    -0.3192000091075897
 1066      1.008000016212463    0.07909999787807465
 1067      1.008000016212463    0.07909999787807465
 1068      1.008000016212463    0.07909999787807465
 1069      12.01000022888184     0.5972999930381775
 1070                     16    -0.5679000020027161
 1071      14.01000022888184    -0.4156999886035919
 1072      1.008000016212463     0.2718999981880188
 1073      12.01000022888184   -0.03889999911189079
 1074      1.008000016212463     0.1006999984383583
 1075      12.01000022888184     0.3653999865055084
 1076      1.008000016212463    0.00430000014603138
 1077      12.01000022888184    -0.2437999993562698
 1078      1.008000016212463    0.06419999897480011
 1079      1.008000016212463    0.06419999897480011
 1080      1.008000016212463    0.06419999897480011
 1081                     16    -0.6761000156402588
 1082      1.008000016212463     0.4101999998092651
 1083      12.01000022888184     0.5972999930381775
 1084                     16    -0.5679000020027161
 1085      14.01000022888184    -0.4156999886035919
 1086      1.008000016212463     0.2718999981880188
 1087      12.01000022888184   -0.05810000002384186
 1088      1.008000016212463      0.136000007390976
 1089      12.01000022888184  -0.007400000002235174
 1090      1.008000016212463    0.03669999912381172
 1091      1.008000016212463    0.03669999912381172
 1092      12.01000022888184     0.1868000030517578
 1093      14.01000022888184    -0.5432000160217285
 1094      12.01000022888184     0.1634999960660934
 1095      1.008000016212463     0.1435000002384186
 1096      14.01000022888184    -0.2795000076293945
 1097      1.008000016212463     0.3339000046253204
 1098      12.01000022888184    -0.2206999957561493
 1099      1.008000016212463     0.1861999928951263
 1100      12.01000022888184     0.5972999930381775
 1101                     16    -0.5679000020027161
 1102      14.01000022888184    -0.4156999886035919
 1103      1.008000016212463     0.2718999981880188
 1104      12.01000022888184   -0.02749999985098839
 1105      1.008000016212463     0.1123000010848045
 1106      12.01000022888184  -0.004999999888241291
 1107      1.008000016212463    0.03390000015497208
 1108      1.008000016212463    0.03390000015497208
 1109      12.01000022888184    -0.1414999961853027
 1110      12.01000022888184    -0.1638000011444092
 1111      1.008000016212463     0.2062000036239624
 1112      14.01000022888184    -0.3418000042438507
 1113      1.008000016212463     0.3411999940872192
 1114      12.01000022888184     0.1379999965429306
 1115      12.01000022888184    -0.2601000070571899
 1116      1.008000016212463     0.1571999937295914
 1117      12.01000022888184    -0.1133999973535538
 1118      1.008000016212463     0.1416999995708466
 1119      12.01000022888184    -0.1972000002861023
 1120      1.008000016212463     0.1447000056505203
 1121      12.01000022888184    -0.2387000024318695
 1122      1.008000016212463     0.1700000017881393
 1123      12.01000022888184     0.1243000030517578
 1124      12.01000022888184     0.5972999930381775
 1125                     16    -0.5679000020027161
 1126      14.01000022888184    -0.4156999886035919
 1127      1.008000016212463     0.2718999981880188
 1128      12.01000022888184   -0.05810000002384186
 1129      1.008000016212463      0.136000007390976
 1130      12.01000022888184  -0.007400000002235174
 1131      1.008000016212463    0.03669999912381172
 1132      1.008000016212463    0.03669999912381172
 1133      12.01000022888184     0.1868000030517578
 1134      14.01000022888184    -0.5432000160217285
 1135      12.01000022888184     0.1634999960660934
 1136      1.008000016212463     0.1435000002384186
 1137      14.01000022888184    -0.2795000076293945
 1138      1.008000016212463     0.3339000046253204
 1139      12.01000022888184    -0.2206999957561493
 1140      1.008000016212463     0.1861999928951263
 1141      12.01000022888184     0.5972999930381775
 1142                     16    -0.5679000020027161
 1143      14.01000022888184    -0.4156999886035919
 1144      1.008000016212463     0.2718999981880188
 1145      12.01000022888184   -0.02490000054240227
 1146      1.008000016212463    0.08429999649524689
 1147      12.01000022888184     0.2117000073194504
 1148      1.008000016212463    0.03519999980926514
 1149      1.008000016212463    0.03519999980926514
 1150                     16    -0.6546000242233276
 1151      1.008000016212463     0.4275000095367432
 1152      12.01000022888184     0.5972999930381775
 1153                     16    -0.5679000020027161
 1154      14.01000022888184    -0.2547999918460846
 1155      12.01000022888184    0.01920000091195107
 1156      1.008000016212463    0.03909999877214432
 1157      1.008000016212463    0.03909999877214432
 1158      12.01000022888184    0.01889999955892563
 1159      1.008000016212463    0.02129999920725822
 1160      1.008000016212463    0.02129999920725822
 1161      12.01000022888184  -0.007000000216066837
 1162      1.008000016212463    0.02529999986290932
 1163      1.008000016212463    0.02529999986290932
 1164      12.01000022888184   -0.02659999951720238
 1165      1.008000016212463     0.0640999972820282
 1166      12.01000022888184     0.5896000266075134
 1167                     16    -0.5748000144958496
 1168      14.01000022888184    -0.4156999886035919
 1169      1.008000016212463     0.2718999981880188
 1170      12.01000022888184   -0.00139999995008111
 1171      1.008000016212463    0.08760000020265579
 1172      12.01000022888184   -0.01520000025629997
 1173      1.008000016212463    0.02950000017881393
 1174      1.008000016212463    0.02950000017881393
 1175      12.01000022888184  -0.001099999994039536
 1176      12.01000022888184    -0.1905999928712845
 1177      1.008000016212463     0.1699000000953674
 1178      12.01000022888184    -0.2340999990701675
 1179      1.008000016212463     0.1656000018119812
 1180      12.01000022888184     0.3226000070571899
 1181                     16    -0.5579000115394592
 1182      1.008000016212463     0.3991999924182892
 1183      12.01000022888184    -0.2340999990701675
 1184      1.008000016212463     0.1656000018119812
 1185      12.01000022888184    -0.1905999928712845
 1186      1.008000016212463     0.1699000000953674
 1187      12.01000022888184     0.5972999930381775
 1188                     16    -0.5679000020027161
 1189      14.01000022888184    -0.4156999886035919
 1190      1.008000016212463     0.2718999981880188
 1191      12.01000022888184  -0.002400000113993883
 1192      1.008000016212463    0.09780000150203705
 1193      12.01000022888184   -0.03429999947547913
 1194      1.008000016212463    0.02950000017881393
 1195      1.008000016212463    0.02950000017881393
 1196      12.01000022888184     0.0118000004440546
 1197      12.01000022888184    -0.1255999952554703
 1198      1.008000016212463     0.1330000013113022
 1199      12.01000022888184    -0.1703999936580658
 1200      1.008000016212463     0.1430000066757202
 1201      12.01000022888184    -0.1071999967098236
 1202      1.008000016212463     0.1297000050544739
 1203      12.01000022888184    -0.1703999936580658
 1204      1.008000016212463     0.1430000066757202
 1205      12.01000022888184    -0.1255999952554703
 1206      1.008000016212463     0.1330000013113022
 1207      12.01000022888184     0.5972999930381775
 1208                     16    -0.5679000020027161
 1209      14.01000022888184    -0.4156999886035919
 1210      1.008000016212463     0.2718999981880188
 1211      12.01000022888184  -0.002400000113993883
 1212      1.008000016212463    0.09780000150203705
 1213      12.01000022888184   -0.03429999947547913
 1214      1.008000016212463    0.02950000017881393
 1215      1.008000016212463    0.02950000017881393
 1216      12.01000022888184     0.0118000004440546
 1217      12.01000022888184    -0.1255999952554703
 1218      1.008000016212463     0.1330000013113022
 1219      12.01000022888184    -0.1703999936580658
 1220      1.008000016212463     0.1430000066757202
 1221      12.01000022888184    -0.1071999967098236
 1222      1.008000016212463     0.1297000050544739
 1223      12.01000022888184    -0.1703999936580658
 1224      1.008000016212463     0.1430000066757202
 1225      12.01000022888184    -0.1255999952554703
 1226      1.008000016212463     0.1330000013113022
 1227      12.01000022888184     0.5972999930381775
 1228                     16    -0.5679000020027161
 1229      14.01000022888184    -0.4156999886035919
 1230      1.008000016212463     0.2718999981880188
 1231      12.01000022888184    0.03370000049471855
 1232      1.008000016212463    0.08229999989271164
 1233      12.01000022888184    -0.1825000047683716
 1234      1.008000016212463    0.06030000001192093
 1235      1.008000016212463    0.06030000001192093
 1236      1.008000016212463    0.06030000001192093
 1237      12.01000022888184     0.5972999930381775
 1238                     16    -0.5679000020027161
 1239      14.01000022888184    -0.4156999886035919
 1240      1.008000016212463     0.2718999981880188
 1241      12.01000022888184   -0.00139999995008111
 1242      1.008000016212463    0.08760000020265579
 1243      12.01000022888184   -0.01520000025629997
 1244      1.008000016212463    0.02950000017881393
 1245      1.008000016212463    0.02950000017881393
 1246      12.01000022888184  -0.001099999994039536
 1247      12.01000022888184    -0.1905999928712845
 1248      1.008000016212463     0.1699000000953674
 1249      12.01000022888184    -0.2340999990701675
 1250      1.008000016212463     0.1656000018119812
 1251      12.01000022888184     0.3226000070571899
 1252                     16    -0.5579000115394592
 1253      1.008000016212463     0.3991999924182892
 1254      12.01000022888184    -0.2340999990701675
 1255      1.008000016212463     0.1656000018119812
 1256      12.01000022888184    -0.1905999928712845
 1257      1.008000016212463     0.1699000000953674
 1258      12.01000022888184     0.5972999930381775
 1259                     16    -0.5679000020027161
 1260      14.01000022888184    -0.4156999886035919
 1261      1.008000016212463     0.2718999981880188
 1262      12.01000022888184  -0.002400000113993883
 1263      1.008000016212463    0.09780000150203705
 1264      12.01000022888184   -0.03429999947547913
 1265      1.008000016212463    0.02950000017881393
 1266      1.008000016212463    0.02950000017881393
 1267      12.01000022888184     0.0118000004440546
 1268      12.01000022888184    -0.1255999952554703
 1269      1.008000016212463     0.1330000013113022
 1270      12.01000022888184    -0.1703999936580658
 1271      1.008000016212463     0.1430000066757202
 1272      12.01000022888184    -0.1071999967098236
 1273      1.008000016212463     0.1297000050544739
 1274      12.01000022888184    -0.1703999936580658
 1275      1.008000016212463     0.1430000066757202
 1276      12.01000022888184    -0.1255999952554703
 1277      1.008000016212463     0.1330000013113022
 1278      12.01000022888184     0.5972999930381775
 1279                     16    -0.5679000020027161
 1280      14.01000022888184    -0.2547999918460846
 1281      12.01000022888184    0.01920000091195107
 1282      1.008000016212463    0.03909999877214432
 1283      1.008000016212463    0.03909999877214432
 1284      12.01000022888184    0.01889999955892563
 1285      1.008000016212463    0.02129999920725822
 1286      1.008000016212463    0.02129999920725822
 1287      12.01000022888184  -0.007000000216066837
 1288      1.008000016212463    0.02529999986290932
 1289      1.008000016212463    0.02529999986290932
 1290      12.01000022888184   -0.02659999951720238
 1291      1.008000016212463     0.0640999972820282
 1292      12.01000022888184     0.5896000266075134
 1293                     16    -0.5748000144958496
 1294      14.01000022888184    -0.4156999886035919
 1295      1.008000016212463     0.2718999981880188
 1296      12.01000022888184   -0.03889999911189079
 1297      1.008000016212463     0.1006999984383583
 1298      12.01000022888184     0.3653999865055084
 1299      1.008000016212463    0.00430000014603138
 1300      12.01000022888184    -0.2437999993562698
 1301      1.008000016212463    0.06419999897480011
 1302      1.008000016212463    0.06419999897480011
 1303      1.008000016212463    0.06419999897480011
 1304                     16    -0.6761000156402588
 1305      1.008000016212463     0.4101999998092651
 1306      12.01000022888184     0.5972999930381775
 1307                     16    -0.5679000020027161
 1308      14.01000022888184    -0.4156999886035919
 1309      1.008000016212463     0.2718999981880188
 1310      12.01000022888184    0.03370000049471855
 1311      1.008000016212463    0.08229999989271164
 1312      12.01000022888184    -0.1825000047683716
 1313      1.008000016212463    0.06030000001192093
 1314      1.008000016212463    0.06030000001192093
 1315      1.008000016212463    0.06030000001192093
 1316      12.01000022888184     0.5972999930381775
 1317                     16    -0.5679000020027161
 1318      14.01000022888184    -0.4156999886035919
 1319      1.008000016212463     0.2718999981880188
 1320      12.01000022888184   -0.02490000054240227
 1321      1.008000016212463    0.08429999649524689
 1322      12.01000022888184     0.2117000073194504
 1323      1.008000016212463    0.03519999980926514
 1324      1.008000016212463    0.03519999980926514
 1325                     16    -0.6546000242233276
 1326      1.008000016212463     0.4275000095367432
 1327      12.01000022888184     0.5972999930381775
 1328                     16    -0.5679000020027161
 1329      14.01000022888184    -0.4156999886035919
 1330      1.008000016212463     0.2718999981880188
 1331      12.01000022888184   -0.02490000054240227
 1332      1.008000016212463    0.08429999649524689
 1333      12.01000022888184     0.2117000073194504
 1334      1.008000016212463    0.03519999980926514
 1335      1.008000016212463    0.03519999980926514
 1336                     16    -0.6546000242233276
 1337      1.008000016212463     0.4275000095367432
 1338      12.01000022888184     0.5972999930381775
 1339                     16    -0.5679000020027161
 1340      14.01000022888184    -0.4156999886035919
 1341      1.008000016212463     0.2718999981880188
 1342      12.01000022888184   -0.00139999995008111
 1343      1.008000016212463    0.08760000020265579
 1344      12.01000022888184   -0.01520000025629997
 1345      1.008000016212463    0.02950000017881393
 1346      1.008000016212463    0.02950000017881393
 1347      12.01000022888184  -0.001099999994039536
 1348      12.01000022888184    -0.1905999928712845
 1349      1.008000016212463     0.1699000000953674
 1350      12.01000022888184    -0.2340999990701675
 1351      1.008000016212463     0.1656000018119812
 1352      12.01000022888184     0.3226000070571899
 1353                     16    -0.5579000115394592
 1354      1.008000016212463     0.3991999924182892
 1355      12.01000022888184    -0.2340999990701675
 1356      1.008000016212463     0.1656000018119812
 1357      12.01000022888184    -0.1905999928712845
 1358      1.008000016212463     0.1699000000953674
 1359      12.01000022888184     0.5972999930381775
 1360                     16    -0.5679000020027161
 1361      14.01000022888184    -0.2547999918460846
 1362      12.01000022888184    0.01920000091195107
 1363      1.008000016212463    0.03909999877214432
 1364      1.008000016212463    0.03909999877214432
 1365      12.01000022888184    0.01889999955892563
 1366      1.008000016212463    0.02129999920725822
 1367      1.008000016212463    0.02129999920725822
 1368      12.01000022888184  -0.007000000216066837
 1369      1.008000016212463    0.02529999986290932
 1370      1.008000016212463    0.02529999986290932
 1371      12.01000022888184   -0.02659999951720238
 1372      1.008000016212463     0.0640999972820282
 1373      12.01000022888184     0.5896000266075134
 1374                     16    -0.5748000144958496
 1375      14.01000022888184    -0.4156999886035919
 1376      1.008000016212463     0.2718999981880188
 1377      12.01000022888184    0.03370000049471855
 1378      1.008000016212463    0.08229999989271164
 1379      12.01000022888184    -0.1825000047683716
 1380      1.008000016212463    0.06030000001192093
 1381      1.008000016212463    0.06030000001192093
 1382      1.008000016212463    0.06030000001192093
 1383      12.01000022888184     0.5972999930381775
 1384                     16    -0.5679000020027161
 1385      14.01000022888184    -0.4156999886035919
 1386      1.008000016212463     0.2718999981880188
 1387      12.01000022888184   -0.02370000071823597
 1388      1.008000016212463    0.08799999952316284
 1389      12.01000022888184    0.03420000150799751
 1390      1.008000016212463    0.02410000003874302
 1391      1.008000016212463    0.02410000003874302
 1392      12.01000022888184   0.001799999969080091
 1393      1.008000016212463    0.04399999976158142
 1394      1.008000016212463    0.04399999976158142
 1395      32.06000137329102    -0.2736999988555908
 1396      12.01000022888184    -0.0535999983549118
 1397      1.008000016212463    0.06840000301599503
 1398      1.008000016212463    0.06840000301599503
 1399      1.008000016212463    0.06840000301599503
 1400      12.01000022888184     0.5972999930381775
 1401                     16    -0.5679000020027161
 1402      14.01000022888184    -0.4156999886035919
 1403      1.008000016212463     0.2718999981880188
 1404      12.01000022888184   -0.05180000141263008
 1405      1.008000016212463    0.09220000356435776
 1406      12.01000022888184    -0.1102000027894974
 1407      1.008000016212463    0.04569999873638153
 1408      1.008000016212463    0.04569999873638153
 1409      12.01000022888184     0.3531000018119812
 1410      1.008000016212463   -0.03610000014305115
 1411      12.01000022888184    -0.4120999872684479
 1412      1.008000016212463     0.1000000014901161
 1413      1.008000016212463     0.1000000014901161
 1414      1.008000016212463     0.1000000014901161
 1415      12.01000022888184    -0.4120999872684479
 1416      1.008000016212463     0.1000000014901161
 1417      1.008000016212463     0.1000000014901161
 1418      1.008000016212463     0.1000000014901161
 1419      12.01000022888184     0.5972999930381775
 1420                     16    -0.5679000020027161
 1421      14.01000022888184    -0.4156999886035919
 1422      1.008000016212463     0.2718999981880188
 1423      12.01000022888184    0.03370000049471855
 1424      1.008000016212463    0.08229999989271164
 1425      12.01000022888184    -0.1825000047683716
 1426      1.008000016212463    0.06030000001192093
 1427      1.008000016212463    0.06030000001192093
 1428      1.008000016212463    0.06030000001192093
 1429      12.01000022888184     0.5972999930381775
 1430                     16    -0.5679000020027161
 1431      14.01000022888184    -0.5163000226020813
 1432      1.008000016212463     0.2935999929904938
 1433      12.01000022888184    0.03810000047087669
 1434      1.008000016212463    0.08799999952316284
 1435      12.01000022888184   -0.03030000068247318
 1436      1.008000016212463   -0.01219999976456165
 1437      1.008000016212463   -0.01219999976456165
 1438      12.01000022888184     0.7993999719619751
 1439                     16    -0.8014000058174133
 1440                     16    -0.8014000058174133
 1441      12.01000022888184     0.5365999937057495
 1442                     16    -0.5819000005722046
 1443      14.01000022888184    -0.4156999886035919
 1444      1.008000016212463     0.2718999981880188
 1445      12.01000022888184   -0.02370000071823597
 1446      1.008000016212463    0.08799999952316284
 1447      12.01000022888184    0.03420000150799751
 1448      1.008000016212463    0.02410000003874302
 1449      1.008000016212463    0.02410000003874302
 1450      12.01000022888184   0.001799999969080091
 1451      1.008000016212463    0.04399999976158142
 1452      1.008000016212463    0.04399999976158142
 1453      32.06000137329102    -0.2736999988555908
 1454      12.01000022888184    -0.0535999983549118
 1455      1.008000016212463    0.06840000301599503
 1456      1.008000016212463    0.06840000301599503
 1457      1.008000016212463    0.06840000301599503
 1458      12.01000022888184     0.5972999930381775
 1459                     16    -0.5679000020027161
 1460      14.01000022888184    -0.4156999886035919
 1461      1.008000016212463     0.2718999981880188
 1462      12.01000022888184   -0.05180000141263008
 1463      1.008000016212463    0.09220000356435776
 1464      12.01000022888184    -0.1102000027894974
 1465      1.008000016212463    0.04569999873638153
 1466      1.008000016212463    0.04569999873638153
 1467      12.01000022888184     0.3531000018119812
 1468      1.008000016212463   -0.03610000014305115
 1469      12.01000022888184    -0.4120999872684479
 1470      1.008000016212463     0.1000000014901161
 1471      1.008000016212463     0.1000000014901161
 1472      1.008000016212463     0.1000000014901161
 1473      12.01000022888184    -0.4120999872684479
 1474      1.008000016212463     0.1000000014901161
 1475      1.008000016212463     0.1000000014901161
 1476      1.008000016212463     0.1000000014901161
 1477      12.01000022888184     0.5972999930381775
 1478                     16    -0.5679000020027161
 1479      14.01000022888184    -0.4156999886035919
 1480      1.008000016212463     0.2718999981880188
 1481      12.01000022888184    0.02129999920725822
 1482      1.008000016212463     0.1124000027775764
 1483      12.01000022888184    -0.1230999976396561
 1484      1.008000016212463     0.1111999973654747
 1485      1.008000016212463     0.1111999973654747
 1486      32.06000137329102    -0.3118999898433685
 1487      1.008000016212463     0.1932999938726425
 1488      12.01000022888184     0.5972999930381775
 1489                     16    -0.5679000020027161
 1490      14.01000022888184    -0.4156999886035919
 1491      1.008000016212463     0.2718999981880188
 1492      12.01000022888184   -0.02520000003278255
 1493      1.008000016212463     0.0697999969124794
 1494      1.008000016212463     0.0697999969124794
 1495      12.01000022888184     0.5972999930381775
 1496                     16    -0.5679000020027161
 1497      14.01000022888184    -0.4156999886035919
 1498      1.008000016212463     0.2718999981880188
 1499      12.01000022888184    0.03370000049471855
 1500      1.008000016212463    0.08229999989271164
 1501      12.01000022888184    -0.1825000047683716
 1502      1.008000016212463    0.06030000001192093
 1503      1.008000016212463    0.06030000001192093
 1504      1.008000016212463    0.06030000001192093
 1505      12.01000022888184     0.5972999930381775
 1506                     16    -0.5679000020027161
 1507      14.01000022888184    -0.4156999886035919
 1508      1.008000016212463     0.2718999981880188
 1509      12.01000022888184   -0.05970000103116035
 1510      1.008000016212463     0.0869000032544136
 1511      12.01000022888184     0.1303000003099442
 1512      1.008000016212463     0.0186999998986721
 1513      12.01000022888184    -0.3203999996185303
 1514      1.008000016212463    0.08820000290870667
 1515      1.008000016212463    0.08820000290870667
 1516      1.008000016212463    0.08820000290870667
 1517      12.01000022888184    -0.0430000014603138
 1518      1.008000016212463    0.02360000088810921
 1519      1.008000016212463    0.02360000088810921
 1520      12.01000022888184   -0.06599999964237213
 1521      1.008000016212463    0.01860000006854534
 1522      1.008000016212463    0.01860000006854534
 1523      1.008000016212463    0.01860000006854534
 1524      12.01000022888184     0.5972999930381775
 1525                     16    -0.5679000020027161
 1526      14.01000022888184    -0.4156999886035919
 1527      1.008000016212463     0.2718999981880188
 1528      12.01000022888184   -0.02520000003278255
 1529      1.008000016212463     0.0697999969124794
 1530      1.008000016212463     0.0697999969124794
 1531      12.01000022888184     0.5972999930381775
 1532                     16    -0.5679000020027161
 1533      14.01000022888184    -0.4156999886035919
 1534      1.008000016212463     0.2718999981880188
 1535      12.01000022888184    0.02129999920725822
 1536      1.008000016212463     0.1124000027775764
 1537      12.01000022888184    -0.1230999976396561
 1538      1.008000016212463     0.1111999973654747
 1539      1.008000016212463     0.1111999973654747
 1540      32.06000137329102    -0.3118999898433685
 1541      1.008000016212463     0.1932999938726425
 1542      12.01000022888184     0.5972999930381775
 1543                     16    -0.5679000020027161
 1544      14.01000022888184    -0.4156999886035919
 1545      1.008000016212463     0.2718999981880188
 1546      12.01000022888184   -0.05970000103116035
 1547      1.008000016212463     0.0869000032544136
 1548      12.01000022888184     0.1303000003099442
 1549      1.008000016212463     0.0186999998986721
 1550      12.01000022888184    -0.3203999996185303
 1551      1.008000016212463    0.08820000290870667
 1552      1.008000016212463    0.08820000290870667
 1553      1.008000016212463    0.08820000290870667
 1554      12.01000022888184    -0.0430000014603138
 1555      1.008000016212463    0.02360000088810921
 1556      1.008000016212463    0.02360000088810921
 1557      12.01000022888184   -0.06599999964237213
 1558      1.008000016212463    0.01860000006854534
 1559      1.008000016212463    0.01860000006854534
 1560      1.008000016212463    0.01860000006854534
 1561      12.01000022888184     0.5972999930381775
 1562                     16    -0.5679000020027161
 1563      14.01000022888184    -0.4156999886035919
 1564      1.008000016212463     0.2718999981880188
 1565      12.01000022888184   -0.02520000003278255
 1566      1.008000016212463     0.0697999969124794
 1567      1.008000016212463     0.0697999969124794
 1568      12.01000022888184     0.5972999930381775
 1569                     16    -0.5679000020027161
 1570      14.01000022888184    -0.4156999886035919
 1571      1.008000016212463     0.2718999981880188
 1572      12.01000022888184  -0.002400000113993883
 1573      1.008000016212463    0.09780000150203705
 1574      12.01000022888184   -0.03429999947547913
 1575      1.008000016212463    0.02950000017881393
 1576      1.008000016212463    0.02950000017881393
 1577      12.01000022888184     0.0118000004440546
 1578      12.01000022888184    -0.1255999952554703
 1579      1.008000016212463     0.1330000013113022
 1580      12.01000022888184    -0.1703999936580658
 1581      1.008000016212463     0.1430000066757202
 1582      12.01000022888184    -0.1071999967098236
 1583      1.008000016212463     0.1297000050544739
 1584      12.01000022888184    -0.1703999936580658
 1585      1.008000016212463     0.1430000066757202
 1586      12.01000022888184    -0.1255999952554703
 1587      1.008000016212463     0.1330000013113022
 1588      12.01000022888184     0.5972999930381775
 1589                     16    -0.5679000020027161
 1590      14.01000022888184    -0.4156999886035919
 1591      1.008000016212463     0.2718999981880188
 1592      12.01000022888184   -0.02490000054240227
 1593      1.008000016212463    0.08429999649524689
 1594      12.01000022888184     0.2117000073194504
 1595      1.008000016212463    0.03519999980926514
 1596      1.008000016212463    0.03519999980926514
 1597                     16    -0.6546000242233276
 1598      1.008000016212463     0.4275000095367432
 1599      12.01000022888184     0.5972999930381775
 1600                     16    -0.5679000020027161
 1601      14.01000022888184    -0.4156999886035919
 1602      1.008000016212463     0.2718999981880188
 1603      12.01000022888184   -0.02749999985098839
 1604      1.008000016212463     0.1123000010848045
 1605      12.01000022888184  -0.004999999888241291
 1606      1.008000016212463    0.03390000015497208
 1607      1.008000016212463    0.03390000015497208
 1608      12.01000022888184    -0.1414999961853027
 1609      12.01000022888184    -0.1638000011444092
 1610      1.008000016212463     0.2062000036239624
 1611      14.01000022888184    -0.3418000042438507
 1612      1.008000016212463     0.3411999940872192
 1613      12.01000022888184     0.1379999965429306
 1614      12.01000022888184    -0.2601000070571899
 1615      1.008000016212463     0.1571999937295914
 1616      12.01000022888184    -0.1133999973535538
 1617      1.008000016212463     0.1416999995708466
 1618      12.01000022888184    -0.1972000002861023
 1619      1.008000016212463     0.1447000056505203
 1620      12.01000022888184    -0.2387000024318695
 1621      1.008000016212463     0.1700000017881393
 1622      12.01000022888184     0.1243000030517578
 1623      12.01000022888184     0.5972999930381775
 1624                     16    -0.5679000020027161
 1625      14.01000022888184    -0.4156999886035919
 1626      1.008000016212463     0.2718999981880188
 1627      12.01000022888184    0.03370000049471855
 1628      1.008000016212463    0.08229999989271164
 1629      12.01000022888184    -0.1825000047683716
 1630      1.008000016212463    0.06030000001192093
 1631      1.008000016212463    0.06030000001192093
 1632      1.008000016212463    0.06030000001192093
 1633      12.01000022888184     0.5972999930381775
 1634                     16    -0.5679000020027161
 1635      14.01000022888184    -0.4156999886035919
 1636      1.008000016212463     0.2718999981880188
 1637      12.01000022888184    0.03370000049471855
 1638      1.008000016212463    0.08229999989271164
 1639      12.01000022888184    -0.1825000047683716
 1640      1.008000016212463    0.06030000001192093
 1641      1.008000016212463    0.06030000001192093
 1642      1.008000016212463    0.06030000001192093
 1643      12.01000022888184     0.5972999930381775
 1644                     16    -0.5679000020027161
 1645      14.01000022888184    -0.4156999886035919
 1646      1.008000016212463     0.2718999981880188
 1647      12.01000022888184   -0.02490000054240227
 1648      1.008000016212463    0.08429999649524689
 1649      12.01000022888184     0.2117000073194504
 1650      1.008000016212463    0.03519999980926514
 1651      1.008000016212463    0.03519999980926514
 1652                     16    -0.6546000242233276
 1653      1.008000016212463     0.4275000095367432
 1654      12.01000022888184     0.5972999930381775
 1655                     16    -0.5679000020027161
 1656      14.01000022888184    -0.2547999918460846
 1657      12.01000022888184    0.01920000091195107
 1658      1.008000016212463    0.03909999877214432
 1659      1.008000016212463    0.03909999877214432
 1660      12.01000022888184    0.01889999955892563
 1661      1.008000016212463    0.02129999920725822
 1662      1.008000016212463    0.02129999920725822
 1663      12.01000022888184  -0.007000000216066837
 1664      1.008000016212463    0.02529999986290932
 1665      1.008000016212463    0.02529999986290932
 1666      12.01000022888184   -0.02659999951720238
 1667      1.008000016212463     0.0640999972820282
 1668      12.01000022888184     0.5896000266075134
 1669                     16    -0.5748000144958496
 1670      14.01000022888184    -0.4156999886035919
 1671      1.008000016212463     0.2718999981880188
 1672      12.01000022888184    0.03370000049471855
 1673      1.008000016212463    0.08229999989271164
 1674      12.01000022888184    -0.1825000047683716
 1675      1.008000016212463    0.06030000001192093
 1676      1.008000016212463    0.06030000001192093
 1677      1.008000016212463    0.06030000001192093
 1678      12.01000022888184     0.5972999930381775
 1679                     16    -0.5679000020027161
 1680      14.01000022888184    -0.4156999886035919
 1681      1.008000016212463     0.2718999981880188
 1682      12.01000022888184    0.02129999920725822
 1683      1.008000016212463     0.1124000027775764
 1684      12.01000022888184    -0.1230999976396561
 1685      1.008000016212463     0.1111999973654747
 1686      1.008000016212463     0.1111999973654747
 1687      32.06000137329102    -0.3118999898433685
 1688      1.008000016212463     0.1932999938726425
 1689      12.01000022888184     0.5972999930381775
 1690                     16    -0.5679000020027161
 1691      14.01000022888184    -0.4156999886035919
 1692      1.008000016212463     0.2718999981880188
 1693      12.01000022888184   -0.03889999911189079
 1694      1.008000016212463     0.1006999984383583
 1695      12.01000022888184     0.3653999865055084
 1696      1.008000016212463    0.00430000014603138
 1697      12.01000022888184    -0.2437999993562698
 1698      1.008000016212463    0.06419999897480011
 1699      1.008000016212463    0.06419999897480011
 1700      1.008000016212463    0.06419999897480011
 1701                     16    -0.6761000156402588
 1702      1.008000016212463     0.4101999998092651
 1703      12.01000022888184     0.5972999930381775
 1704                     16    -0.5679000020027161
 1705      14.01000022888184    -0.5163000226020813
 1706      1.008000016212463     0.2935999929904938
 1707      12.01000022888184    0.03970000147819519
 1708      1.008000016212463     0.1105000004172325
 1709      12.01000022888184     0.0560000017285347
 1710      1.008000016212463   -0.01730000041425228
 1711      1.008000016212463   -0.01730000041425228
 1712      12.01000022888184    0.01360000018030405
 1713      1.008000016212463   -0.04250000044703484
 1714      1.008000016212463   -0.04250000044703484
 1715      12.01000022888184      0.805400013923645
 1716                     16    -0.8187999725341797
 1717                     16    -0.8187999725341797
 1718      12.01000022888184     0.5365999937057495
 1719                     16    -0.5819000005722046
 1720      14.01000022888184    -0.4156999886035919
 1721      1.008000016212463     0.2718999981880188
 1722      12.01000022888184   -0.05180000141263008
 1723      1.008000016212463    0.09220000356435776
 1724      12.01000022888184    -0.1102000027894974
 1725      1.008000016212463    0.04569999873638153
 1726      1.008000016212463    0.04569999873638153
 1727      12.01000022888184     0.3531000018119812
 1728      1.008000016212463   -0.03610000014305115
 1729      12.01000022888184    -0.4120999872684479
 1730      1.008000016212463     0.1000000014901161
 1731      1.008000016212463     0.1000000014901161
 1732      1.008000016212463     0.1000000014901161
 1733      12.01000022888184    -0.4120999872684479
 1734      1.008000016212463     0.1000000014901161
 1735      1.008000016212463     0.1000000014901161
 1736      1.008000016212463     0.1000000014901161
 1737      12.01000022888184     0.5972999930381775
 1738                     16    -0.5679000020027161
 1739      14.01000022888184    -0.5163000226020813
 1740      1.008000016212463     0.2935999929904938
 1741      12.01000022888184    0.03970000147819519
 1742      1.008000016212463     0.1105000004172325
 1743      12.01000022888184     0.0560000017285347
 1744      1.008000016212463   -0.01730000041425228
 1745      1.008000016212463   -0.01730000041425228
 1746      12.01000022888184    0.01360000018030405
 1747      1.008000016212463   -0.04250000044703484
 1748      1.008000016212463   -0.04250000044703484
 1749      12.01000022888184      0.805400013923645
 1750                     16    -0.8187999725341797
 1751                     16    -0.8187999725341797
 1752      12.01000022888184     0.5365999937057495
 1753                     16    -0.5819000005722046
 1754      14.01000022888184    -0.4156999886035919
 1755      1.008000016212463     0.2718999981880188
 1756      12.01000022888184   -0.03889999911189079
 1757      1.008000016212463     0.1006999984383583
 1758      12.01000022888184     0.3653999865055084
 1759      1.008000016212463    0.00430000014603138
 1760      12.01000022888184    -0.2437999993562698
 1761      1.008000016212463    0.06419999897480011
 1762      1.008000016212463    0.06419999897480011
 1763      1.008000016212463    0.06419999897480011
 1764                     16    -0.6761000156402588
 1765      1.008000016212463     0.4101999998092651
 1766      12.01000022888184     0.5972999930381775
 1767                     16    -0.5679000020027161
 1768      14.01000022888184    -0.4156999886035919
 1769      1.008000016212463     0.2718999981880188
 1770      12.01000022888184   -0.08749999850988388
 1771      1.008000016212463    0.09690000116825104
 1772      12.01000022888184     0.2985000014305115
 1773      1.008000016212463   -0.02969999983906746
 1774      12.01000022888184    -0.3192000091075897
 1775      1.008000016212463    0.07909999787807465
 1776      1.008000016212463    0.07909999787807465
 1777      1.008000016212463    0.07909999787807465
 1778      12.01000022888184    -0.3192000091075897
 1779      1.008000016212463    0.07909999787807465
 1780      1.008000016212463    0.07909999787807465
 1781      1.008000016212463    0.07909999787807465
 1782      12.01000022888184     0.5972999930381775
 1783                     16    -0.5679000020027161
 1784      14.01000022888184    -0.4156999886035919
 1785      1.008000016212463     0.2718999981880188
 1786      12.01000022888184   -0.02370000071823597
 1787      1.008000016212463    0.08799999952316284
 1788      12.01000022888184    0.03420000150799751
 1789      1.008000016212463    0.02410000003874302
 1790      1.008000016212463    0.02410000003874302
 1791      12.01000022888184   0.001799999969080091
 1792      1.008000016212463    0.04399999976158142
 1793      1.008000016212463    0.04399999976158142
 1794      32.06000137329102    -0.2736999988555908
 1795      12.01000022888184    -0.0535999983549118
 1796      1.008000016212463    0.06840000301599503
 1797      1.008000016212463    0.06840000301599503
 1798      1.008000016212463    0.06840000301599503
 1799      12.01000022888184     0.5972999930381775
 1800                     16    -0.5679000020027161
 1801      14.01000022888184    -0.4156999886035919
 1802      1.008000016212463     0.2718999981880188
 1803      12.01000022888184   -0.02370000071823597
 1804      1.008000016212463    0.08799999952316284
 1805      12.01000022888184    0.03420000150799751
 1806      1.008000016212463    0.02410000003874302
 1807      1.008000016212463    0.02410000003874302
 1808      12.01000022888184   0.001799999969080091
 1809      1.008000016212463    0.04399999976158142
 1810      1.008000016212463    0.04399999976158142
 1811      32.06000137329102    -0.2736999988555908
 1812      12.01000022888184    -0.0535999983549118
 1813      1.008000016212463    0.06840000301599503
 1814      1.008000016212463    0.06840000301599503
 1815      1.008000016212463    0.06840000301599503
 1816      12.01000022888184     0.5972999930381775
 1817                     16    -0.5679000020027161
 1818      14.01000022888184    -0.5163000226020813
 1819      1.008000016212463     0.2935999929904938
 1820      12.01000022888184    0.03810000047087669
 1821      1.008000016212463    0.08799999952316284
 1822      12.01000022888184   -0.03030000068247318
 1823      1.008000016212463   -0.01219999976456165
 1824      1.008000016212463   -0.01219999976456165
 1825      12.01000022888184     0.7993999719619751
 1826                     16    -0.8014000058174133
 1827                     16    -0.8014000058174133
 1828      12.01000022888184     0.5365999937057495
 1829                     16    -0.5819000005722046
 1830      14.01000022888184    -0.4156999886035919
 1831      1.008000016212463     0.2718999981880188
 1832      12.01000022888184   -0.02749999985098839
 1833      1.008000016212463     0.1123000010848045
 1834      12.01000022888184  -0.004999999888241291
 1835      1.008000016212463    0.03390000015497208
 1836      1.008000016212463    0.03390000015497208
 1837      12.01000022888184    -0.1414999961853027
 1838      12.01000022888184    -0.1638000011444092
 1839      1.008000016212463     0.2062000036239624
 1840      14.01000022888184    -0.3418000042438507
 1841      1.008000016212463     0.3411999940872192
 1842      12.01000022888184     0.1379999965429306
 1843      12.01000022888184    -0.2601000070571899
 1844      1.008000016212463     0.1571999937295914
 1845      12.01000022888184    -0.1133999973535538
 1846      1.008000016212463     0.1416999995708466
 1847      12.01000022888184    -0.1972000002861023
 1848      1.008000016212463     0.1447000056505203
 1849      12.01000022888184    -0.2387000024318695
 1850      1.008000016212463     0.1700000017881393
 1851      12.01000022888184     0.1243000030517578
 1852      12.01000022888184     0.5972999930381775
 1853                     16    -0.5679000020027161
 1854      14.01000022888184    -0.4156999886035919
 1855      1.008000016212463     0.2718999981880188
 1856      12.01000022888184   -0.05180000141263008
 1857      1.008000016212463    0.09220000356435776
 1858      12.01000022888184    -0.1102000027894974
 1859      1.008000016212463    0.04569999873638153
 1860      1.008000016212463    0.04569999873638153
 1861      12.01000022888184     0.3531000018119812
 1862      1.008000016212463   -0.03610000014305115
 1863      12.01000022888184    -0.4120999872684479
 1864      1.008000016212463     0.1000000014901161
 1865      1.008000016212463     0.1000000014901161
 1866      1.008000016212463     0.1000000014901161
 1867      12.01000022888184    -0.4120999872684479
 1868      1.008000016212463     0.1000000014901161
 1869      1.008000016212463     0.1000000014901161
 1870      1.008000016212463     0.1000000014901161
 1871      12.01000022888184     0.5972999930381775
 1872                     16    -0.5679000020027161
 1873      14.01000022888184    -0.4156999886035919
 1874      1.008000016212463     0.2718999981880188
 1875      12.01000022888184   -0.02520000003278255
 1876      1.008000016212463     0.0697999969124794
 1877      1.008000016212463     0.0697999969124794
 1878      12.01000022888184     0.5972999930381775
 1879                     16    -0.5679000020027161
 1880      14.01000022888184     -0.347900003194809
 1881      1.008000016212463     0.2746999859809875
 1882      12.01000022888184     -0.239999994635582
 1883      1.008000016212463     0.1425999999046326
 1884      12.01000022888184  -0.009399999864399433
 1885      1.008000016212463    0.03620000183582306
 1886      1.008000016212463    0.03620000183582306
 1887      12.01000022888184     0.0186999998986721
 1888      1.008000016212463    0.01030000019818544
 1889      1.008000016212463    0.01030000019818544
 1890      12.01000022888184    -0.0478999987244606
 1891      1.008000016212463    0.06210000067949295
 1892      1.008000016212463    0.06210000067949295
 1893      12.01000022888184   -0.01429999992251396
 1894      1.008000016212463     0.1134999990463257
 1895      1.008000016212463     0.1134999990463257
 1896      14.01000022888184    -0.3853999972343445
 1897      1.008000016212463     0.3400000035762787
 1898      1.008000016212463     0.3400000035762787
 1899      1.008000016212463     0.3400000035762787
 1900      12.01000022888184     0.7340999841690063
 1901                     16    -0.5893999934196472
 1902      14.01000022888184    -0.4156999886035919
 1903      1.008000016212463     0.2718999981880188
 1904      12.01000022888184   -0.02370000071823597
 1905      1.008000016212463    0.08799999952316284
 1906      12.01000022888184    0.03420000150799751
 1907      1.008000016212463    0.02410000003874302
 1908      1.008000016212463    0.02410000003874302
 1909      12.01000022888184   0.001799999969080091
 1910      1.008000016212463    0.04399999976158142
 1911      1.008000016212463    0.04399999976158142
 1912      32.06000137329102    -0.2736999988555908
 1913      12.01000022888184    -0.0535999983549118
 1914      1.008000016212463    0.06840000301599503
 1915      1.008000016212463    0.06840000301599503
 1916      1.008000016212463    0.06840000301599503
 1917      12.01000022888184     0.5972999930381775
 1918                     16    -0.5679000020027161
 1919      14.01000022888184    -0.4156999886035919
 1920      1.008000016212463     0.2718999981880188
 1921      12.01000022888184   -0.05180000141263008
 1922      1.008000016212463    0.09220000356435776
 1923      12.01000022888184    -0.1102000027894974
 1924      1.008000016212463    0.04569999873638153
 1925      1.008000016212463    0.04569999873638153
 1926      12.01000022888184     0.3531000018119812
 1927      1.008000016212463   -0.03610000014305115
 1928      12.01000022888184    -0.4120999872684479
 1929      1.008000016212463     0.1000000014901161
 1930      1.008000016212463     0.1000000014901161
 1931      1.008000016212463     0.1000000014901161
 1932      12.01000022888184    -0.4120999872684479
 1933      1.008000016212463     0.1000000014901161
 1934      1.008000016212463     0.1000000014901161
 1935      1.008000016212463     0.1000000014901161
 1936      12.01000022888184     0.5972999930381775
 1937                     16    -0.5679000020027161
 1938      14.01000022888184    -0.5163000226020813
 1939      1.008000016212463     0.2935999929904938
 1940      12.01000022888184    0.03970000147819519
 1941      1.008000016212463     0.1105000004172325
 1942      12.01000022888184     0.0560000017285347
 1943      1.008000016212463   -0.01730000041425228
 1944      1.008000016212463   -0.01730000041425228
 1945      12.01000022888184    0.01360000018030405
 1946      1.008000016212463   -0.04250000044703484
 1947      1.008000016212463   -0.04250000044703484
 1948      12.01000022888184      0.805400013923645
 1949                     16    -0.8187999725341797
 1950                     16    -0.8187999725341797
 1951      12.01000022888184     0.5365999937057495
 1952                     16    -0.5819000005722046
 1953      14.01000022888184    -0.4156999886035919
 1954      1.008000016212463     0.2718999981880188
 1955      12.01000022888184   -0.05180000141263008
 1956      1.008000016212463    0.09220000356435776
 1957      12.01000022888184    -0.1102000027894974
 1958      1.008000016212463    0.04569999873638153
 1959      1.008000016212463    0.04569999873638153
 1960      12.01000022888184     0.3531000018119812
 1961      1.008000016212463   -0.03610000014305115
 1962      12.01000022888184    -0.4120999872684479
 1963      1.008000016212463     0.1000000014901161
 1964      1.008000016212463     0.1000000014901161
 1965      1.008000016212463     0.1000000014901161
 1966      12.01000022888184    -0.4120999872684479
 1967      1.008000016212463     0.1000000014901161
 1968      1.008000016212463     0.1000000014901161
 1969      1.008000016212463     0.1000000014901161
 1970      12.01000022888184     0.5972999930381775
 1971                     16    -0.5679000020027161
 1972      14.01000022888184    -0.2547999918460846
 1973      12.01000022888184    0.01920000091195107
 1974      1.008000016212463    0.03909999877214432
 1975      1.008000016212463    0.03909999877214432
 1976      12.01000022888184    0.01889999955892563
 1977      1.008000016212463    0.02129999920725822
 1978      1.008000016212463    0.02129999920725822
 1979      12.01000022888184  -0.007000000216066837
 1980      1.008000016212463    0.02529999986290932
 1981      1.008000016212463    0.02529999986290932
 1982      12.01000022888184   -0.02659999951720238
 1983      1.008000016212463     0.0640999972820282
 1984      12.01000022888184     0.5896000266075134
 1985                     16    -0.5748000144958496
 1986      14.01000022888184     -0.347900003194809
 1987      1.008000016212463     0.2746999859809875
 1988      12.01000022888184     -0.239999994635582
 1989      1.008000016212463     0.1425999999046326
 1990      12.01000022888184  -0.009399999864399433
 1991      1.008000016212463    0.03620000183582306
 1992      1.008000016212463    0.03620000183582306
 1993      12.01000022888184     0.0186999998986721
 1994      1.008000016212463    0.01030000019818544
 1995      1.008000016212463    0.01030000019818544
 1996      12.01000022888184    -0.0478999987244606
 1997      1.008000016212463    0.06210000067949295
 1998      1.008000016212463    0.06210000067949295
 1999      12.01000022888184   -0.01429999992251396
 2000      1.008000016212463     0.1134999990463257
 2001      1.008000016212463     0.1134999990463257
 2002      14.01000022888184    -0.3853999972343445
 2003      1.008000016212463     0.3400000035762787
 2004      1.008000016212463     0.3400000035762787
 2005      1.008000016212463     0.3400000035762787
 2006      12.01000022888184     0.7340999841690063
 2007                     16    -0.5893999934196472
 2008      14.01000022888184    -0.4156999886035919
 2009      1.008000016212463     0.2718999981880188
 2010      12.01000022888184    0.03370000049471855
 2011      1.008000016212463    0.08229999989271164
 2012      12.01000022888184    -0.1825000047683716
 2013      1.008000016212463    0.06030000001192093
 2014      1.008000016212463    0.06030000001192093
 2015      1.008000016212463    0.06030000001192093
 2016      12.01000022888184     0.5972999930381775
 2017                     16    -0.5679000020027161
 2018      14.01000022888184    -0.4156999886035919
 2019      1.008000016212463     0.2718999981880188
 2020      12.01000022888184  -0.002400000113993883
 2021      1.008000016212463    0.09780000150203705
 2022      12.01000022888184   -0.03429999947547913
 2023      1.008000016212463    0.02950000017881393
 2024      1.008000016212463    0.02950000017881393
 2025      12.01000022888184     0.0118000004440546
 2026      12.01000022888184    -0.1255999952554703
 2027      1.008000016212463     0.1330000013113022
 2028      12.01000022888184    -0.1703999936580658
 2029      1.008000016212463     0.1430000066757202
 2030      12.01000022888184    -0.1071999967098236
 2031      1.008000016212463     0.1297000050544739
 2032      12.01000022888184    -0.1703999936580658
 2033      1.008000016212463     0.1430000066757202
 2034      12.01000022888184    -0.1255999952554703
 2035      1.008000016212463     0.1330000013113022
 2036      12.01000022888184     0.5972999930381775
 2037                     16    -0.5679000020027161
 2038      14.01000022888184    -0.4156999886035919
 2039      1.008000016212463     0.2718999981880188
 2040      12.01000022888184   -0.05180000141263008
 2041      1.008000016212463    0.09220000356435776
 2042      12.01000022888184    -0.1102000027894974
 2043      1.008000016212463    0.04569999873638153
 2044      1.008000016212463    0.04569999873638153
 2045      12.01000022888184     0.3531000018119812
 2046      1.008000016212463   -0.03610000014305115
 2047      12.01000022888184    -0.4120999872684479
 2048      1.008000016212463     0.1000000014901161
 2049      1.008000016212463     0.1000000014901161
 2050      1.008000016212463     0.1000000014901161
 2051      12.01000022888184    -0.4120999872684479
 2052      1.008000016212463     0.1000000014901161
 2053      1.008000016212463     0.1000000014901161
 2054      1.008000016212463     0.1000000014901161
 2055      12.01000022888184     0.5972999930381775
 2056                     16    -0.5679000020027161
 2057      14.01000022888184    -0.4156999886035919
 2058      1.008000016212463     0.2718999981880188
 2059      12.01000022888184    0.01429999992251396
 2060      1.008000016212463     0.1048000007867813
 2061      12.01000022888184    -0.2040999978780746
 2062      1.008000016212463    0.07970000058412552
 2063      1.008000016212463    0.07970000058412552
 2064      12.01000022888184     0.7129999995231628
 2065                     16    -0.5931000113487244
 2066      14.01000022888184    -0.9190999865531921
 2067      1.008000016212463     0.4196000099182129
 2068      1.008000016212463     0.4196000099182129
 2069      12.01000022888184     0.5972999930381775
 2070                     16    -0.5679000020027161
 2071      14.01000022888184    -0.5163000226020813
 2072      1.008000016212463     0.2935999929904938
 2073      12.01000022888184    0.03970000147819519
 2074      1.008000016212463     0.1105000004172325
 2075      12.01000022888184     0.0560000017285347
 2076      1.008000016212463   -0.01730000041425228
 2077      1.008000016212463   -0.01730000041425228
 2078      12.01000022888184    0.01360000018030405
 2079      1.008000016212463   -0.04250000044703484
 2080      1.008000016212463   -0.04250000044703484
 2081      12.01000022888184      0.805400013923645
 2082                     16    -0.8187999725341797
 2083                     16    -0.8187999725341797
 2084      12.01000022888184     0.5365999937057495
 2085                     16    -0.5819000005722046
 2086      14.01000022888184     -0.347900003194809
 2087      1.008000016212463     0.2746999859809875
 2088      12.01000022888184     -0.239999994635582
 2089      1.008000016212463     0.1425999999046326
 2090      12.01000022888184  -0.009399999864399433
 2091      1.008000016212463    0.03620000183582306
 2092      1.008000016212463    0.03620000183582306
 2093      12.01000022888184     0.0186999998986721
 2094      1.008000016212463    0.01030000019818544
 2095      1.008000016212463    0.01030000019818544
 2096      12.01000022888184    -0.0478999987244606
 2097      1.008000016212463    0.06210000067949295
 2098      1.008000016212463    0.06210000067949295
 2099      12.01000022888184   -0.01429999992251396
 2100      1.008000016212463     0.1134999990463257
 2101      1.008000016212463     0.1134999990463257
 2102      14.01000022888184    -0.3853999972343445
 2103      1.008000016212463     0.3400000035762787
 2104      1.008000016212463     0.3400000035762787
 2105      1.008000016212463     0.3400000035762787
 2106      12.01000022888184     0.7340999841690063
 2107                     16    -0.5893999934196472
 2108      14.01000022888184    -0.4156999886035919
 2109      1.008000016212463     0.2718999981880188
 2110      12.01000022888184    0.03370000049471855
 2111      1.008000016212463    0.08229999989271164
 2112      12.01000022888184    -0.1825000047683716
 2113      1.008000016212463    0.06030000001192093
 2114      1.008000016212463    0.06030000001192093
 2115      1.008000016212463    0.06030000001192093
 2116      12.01000022888184     0.5972999930381775
 2117                     16    -0.5679000020027161
 2118      14.01000022888184    -0.4156999886035919
 2119      1.008000016212463     0.2718999981880188
 2120      12.01000022888184   -0.02520000003278255
 2121      1.008000016212463     0.0697999969124794
 2122      1.008000016212463     0.0697999969124794
 2123      12.01000022888184     0.5972999930381775
 2124                     16    -0.5679000020027161
 2125      14.01000022888184    -0.5163000226020813
 2126      1.008000016212463     0.2935999929904938
 2127      12.01000022888184    0.03970000147819519
 2128      1.008000016212463     0.1105000004172325
 2129      12.01000022888184     0.0560000017285347
 2130      1.008000016212463   -0.01730000041425228
 2131      1.008000016212463   -0.01730000041425228
 2132      12.01000022888184    0.01360000018030405
 2133      1.008000016212463   -0.04250000044703484
 2134      1.008000016212463   -0.04250000044703484
 2135      12.01000022888184      0.805400013923645
 2136                     16    -0.8187999725341797
 2137                     16    -0.8187999725341797
 2138      12.01000022888184     0.5365999937057495
 2139                     16    -0.5819000005722046
 2140      14.01000022888184    -0.4156999886035919
 2141      1.008000016212463     0.2718999981880188
 2142      12.01000022888184   -0.02520000003278255
 2143      1.008000016212463     0.0697999969124794
 2144      1.008000016212463     0.0697999969124794
 2145      12.01000022888184     0.5972999930381775
 2146                     16    -0.5679000020027161
 2147      14.01000022888184    -0.4156999886035919
 2148      1.008000016212463     0.2718999981880188
 2149      12.01000022888184   -0.02520000003278255
 2150      1.008000016212463     0.0697999969124794
 2151      1.008000016212463     0.0697999969124794
 2152      12.01000022888184     0.5972999930381775
 2153                     16    -0.5679000020027161
 2154      14.01000022888184    -0.4156999886035919
 2155      1.008000016212463     0.2718999981880188
 2156      12.01000022888184   -0.02520000003278255
 2157      1.008000016212463     0.0697999969124794
 2158      1.008000016212463     0.0697999969124794
 2159      12.01000022888184     0.5972999930381775
 2160                     16    -0.5679000020027161
 2161      14.01000022888184    -0.4156999886035919
 2162      1.008000016212463     0.2718999981880188
 2163      12.01000022888184   -0.08749999850988388
 2164      1.008000016212463    0.09690000116825104
 2165      12.01000022888184     0.2985000014305115
 2166      1.008000016212463   -0.02969999983906746
 2167      12.01000022888184    -0.3192000091075897
 2168      1.008000016212463    0.07909999787807465
 2169      1.008000016212463    0.07909999787807465
 2170      1.008000016212463    0.07909999787807465
 2171      12.01000022888184    -0.3192000091075897
 2172      1.008000016212463    0.07909999787807465
 2173      1.008000016212463    0.07909999787807465
 2174      1.008000016212463    0.07909999787807465
 2175      12.01000022888184     0.5972999930381775
 2176                     16    -0.5679000020027161
 2177      14.01000022888184    -0.4156999886035919
 2178      1.008000016212463     0.2718999981880188
 2179      12.01000022888184   -0.05970000103116035
 2180      1.008000016212463     0.0869000032544136
 2181      12.01000022888184     0.1303000003099442
 2182      1.008000016212463     0.0186999998986721
 2183      12.01000022888184    -0.3203999996185303
 2184      1.008000016212463    0.08820000290870667
 2185      1.008000016212463    0.08820000290870667
 2186      1.008000016212463    0.08820000290870667
 2187      12.01000022888184    -0.0430000014603138
 2188      1.008000016212463    0.02360000088810921
 2189      1.008000016212463    0.02360000088810921
 2190      12.01000022888184   -0.06599999964237213
 2191      1.008000016212463    0.01860000006854534
 2192      1.008000016212463    0.01860000006854534
 2193      1.008000016212463    0.01860000006854534
 2194      12.01000022888184     0.5972999930381775
 2195                     16    -0.5679000020027161
 2196      14.01000022888184    -0.4156999886035919
 2197      1.008000016212463     0.2718999981880188
 2198      12.01000022888184  -0.003100000089034438
 2199      1.008000016212463    0.08500000089406967
 2200      12.01000022888184  -0.003599999938160181
 2201      1.008000016212463    0.01710000075399876
 2202      1.008000016212463    0.01710000075399876
 2203      12.01000022888184   -0.06449999660253525
 2204      1.008000016212463    0.03519999980926514
 2205      1.008000016212463    0.03519999980926514
 2206      12.01000022888184     0.6951000094413757
 2207                     16    -0.6086000204086304
 2208      14.01000022888184    -0.9406999945640564
 2209      1.008000016212463     0.4250999987125397
 2210      1.008000016212463     0.4250999987125397
 2211      12.01000022888184     0.5972999930381775
 2212                     16    -0.5679000020027161
 2213      14.01000022888184    -0.4156999886035919
 2214      1.008000016212463     0.2718999981880188
 2215      12.01000022888184   -0.02520000003278255
 2216      1.008000016212463     0.0697999969124794
 2217      1.008000016212463     0.0697999969124794
 2218      12.01000022888184     0.5972999930381775
 2219                     16    -0.5679000020027161
 2220      14.01000022888184    -0.4156999886035919
 2221      1.008000016212463     0.2718999981880188
 2222      12.01000022888184   -0.02490000054240227
 2223      1.008000016212463    0.08429999649524689
 2224      12.01000022888184     0.2117000073194504
 2225      1.008000016212463    0.03519999980926514
 2226      1.008000016212463    0.03519999980926514
 2227                     16    -0.6546000242233276
 2228      1.008000016212463     0.4275000095367432
 2229      12.01000022888184     0.5972999930381775
 2230                     16    -0.5679000020027161
 2231      14.01000022888184    -0.4156999886035919
 2232      1.008000016212463     0.2718999981880188
 2233      12.01000022888184    0.03370000049471855
 2234      1.008000016212463    0.08229999989271164
 2235      12.01000022888184    -0.1825000047683716
 2236      1.008000016212463    0.06030000001192093
 2237      1.008000016212463    0.06030000001192093
 2238      1.008000016212463    0.06030000001192093
 2239      12.01000022888184     0.5972999930381775
 2240                     16    -0.5679000020027161
 2241      14.01000022888184    -0.4156999886035919
 2242      1.008000016212463     0.2718999981880188
 2243      12.01000022888184   -0.02490000054240227
 2244      1.008000016212463    0.08429999649524689
 2245      12.01000022888184     0.2117000073194504
 2246      1.008000016212463    0.03519999980926514
 2247      1.008000016212463    0.03519999980926514
 2248                     16    -0.6546000242233276
 2249      1.008000016212463     0.4275000095367432
 2250      12.01000022888184     0.5972999930381775
 2251                     16    -0.5679000020027161
 2252      14.01000022888184    -0.5163000226020813
 2253      1.008000016212463     0.2935999929904938
 2254      12.01000022888184    0.03970000147819519
 2255      1.008000016212463     0.1105000004172325
 2256      12.01000022888184     0.0560000017285347
 2257      1.008000016212463   -0.01730000041425228
 2258      1.008000016212463   -0.01730000041425228
 2259      12.01000022888184    0.01360000018030405
 2260      1.008000016212463   -0.04250000044703484
 2261      1.008000016212463   -0.04250000044703484
 2262      12.01000022888184      0.805400013923645
 2263                     16    -0.8187999725341797
 2264                     16    -0.8187999725341797
 2265      12.01000022888184     0.5365999937057495
 2266                     16    -0.5819000005722046
 2267      14.01000022888184    -0.4156999886035919
 2268      1.008000016212463     0.2718999981880188
 2269      12.01000022888184    0.03370000049471855
 2270      1.008000016212463    0.08229999989271164
 2271      12.01000022888184    -0.1825000047683716
 2272      1.008000016212463    0.06030000001192093
 2273      1.008000016212463    0.06030000001192093
 2274      1.008000016212463    0.06030000001192093
 2275      12.01000022888184     0.5972999930381775
 2276                     16    -0.5679000020027161
 2277      14.01000022888184    -0.4156999886035919
 2278      1.008000016212463     0.2718999981880188
 2279      12.01000022888184   -0.03889999911189079
 2280      1.008000016212463     0.1006999984383583
 2281      12.01000022888184     0.3653999865055084
 2282      1.008000016212463    0.00430000014603138
 2283      12.01000022888184    -0.2437999993562698
 2284      1.008000016212463    0.06419999897480011
 2285      1.008000016212463    0.06419999897480011
 2286      1.008000016212463    0.06419999897480011
 2287                     16    -0.6761000156402588
 2288      1.008000016212463     0.4101999998092651
 2289      12.01000022888184     0.5972999930381775
 2290                     16    -0.5679000020027161
 2291      14.01000022888184    -0.4156999886035919
 2292      1.008000016212463     0.2718999981880188
 2293      12.01000022888184   -0.05180000141263008
 2294      1.008000016212463    0.09220000356435776
 2295      12.01000022888184    -0.1102000027894974
 2296      1.008000016212463    0.04569999873638153
 2297      1.008000016212463    0.04569999873638153
 2298      12.01000022888184     0.3531000018119812
 2299      1.008000016212463   -0.03610000014305115
 2300      12.01000022888184    -0.4120999872684479
 2301      1.008000016212463     0.1000000014901161
 2302      1.008000016212463     0.1000000014901161
 2303      1.008000016212463     0.1000000014901161
 2304      12.01000022888184    -0.4120999872684479
 2305      1.008000016212463     0.1000000014901161
 2306      1.008000016212463     0.1000000014901161
 2307      1.008000016212463     0.1000000014901161
 2308      12.01000022888184     0.5972999930381775
 2309                     16    -0.5679000020027161
 2310      14.01000022888184    -0.4156999886035919
 2311      1.008000016212463     0.2718999981880188
 2312      12.01000022888184   -0.08749999850988388
 2313      1.008000016212463    0.09690000116825104
 2314      12.01000022888184     0.2985000014305115
 2315      1.008000016212463   -0.02969999983906746
 2316      12.01000022888184    -0.3192000091075897
 2317      1.008000016212463    0.07909999787807465
 2318      1.008000016212463    0.07909999787807465
 2319      1.008000016212463    0.07909999787807465
 2320      12.01000022888184    -0.3192000091075897
 2321      1.008000016212463    0.07909999787807465
 2322      1.008000016212463    0.07909999787807465
 2323      1.008000016212463    0.07909999787807465
 2324      12.01000022888184     0.5972999930381775
 2325                     16    -0.5679000020027161
 2326      14.01000022888184    -0.4156999886035919
 2327      1.008000016212463     0.2718999981880188
 2328      12.01000022888184    0.03370000049471855
 2329      1.008000016212463    0.08229999989271164
 2330      12.01000022888184    -0.1825000047683716
 2331      1.008000016212463    0.06030000001192093
 2332      1.008000016212463    0.06030000001192093
 2333      1.008000016212463    0.06030000001192093
 2334      12.01000022888184     0.5972999930381775
 2335                     16    -0.5679000020027161
 2336      14.01000022888184    -0.4156999886035919
 2337      1.008000016212463     0.2718999981880188
 2338      12.01000022888184   -0.05180000141263008
 2339      1.008000016212463    0.09220000356435776
 2340      12.01000022888184    -0.1102000027894974
 2341      1.008000016212463    0.04569999873638153
 2342      1.008000016212463    0.04569999873638153
 2343      12.01000022888184     0.3531000018119812
 2344      1.008000016212463   -0.03610000014305115
 2345      12.01000022888184    -0.4120999872684479
 2346      1.008000016212463     0.1000000014901161
 2347      1.008000016212463     0.1000000014901161
 2348      1.008000016212463     0.1000000014901161
 2349      12.01000022888184    -0.4120999872684479
 2350      1.008000016212463     0.1000000014901161
 2351      1.008000016212463     0.1000000014901161
 2352      1.008000016212463     0.1000000014901161
 2353      12.01000022888184     0.5972999930381775
 2354                     16    -0.5679000020027161
 2355      14.01000022888184    -0.4156999886035919
 2356      1.008000016212463     0.2718999981880188
 2357      12.01000022888184   -0.05180000141263008
 2358      1.008000016212463    0.09220000356435776
 2359      12.01000022888184    -0.1102000027894974
 2360      1.008000016212463    0.04569999873638153
 2361      1.008000016212463    0.04569999873638153
 2362      12.01000022888184     0.3531000018119812
 2363      1.008000016212463   -0.03610000014305115
 2364      12.01000022888184    -0.4120999872684479
 2365      1.008000016212463     0.1000000014901161
 2366      1.008000016212463     0.1000000014901161
 2367      1.008000016212463     0.1000000014901161
 2368      12.01000022888184    -0.4120999872684479
 2369      1.008000016212463     0.1000000014901161
 2370      1.008000016212463     0.1000000014901161
 2371      1.008000016212463     0.1000000014901161
 2372      12.01000022888184     0.5972999930381775
 2373                     16    -0.5679000020027161
 2374      14.01000022888184    -0.4156999886035919
 2375      1.008000016212463     0.2718999981880188
 2376      12.01000022888184    0.03370000049471855
 2377      1.008000016212463    0.08229999989271164
 2378      12.01000022888184    -0.1825000047683716
 2379      1.008000016212463    0.06030000001192093
 2380      1.008000016212463    0.06030000001192093
 2381      1.008000016212463    0.06030000001192093
 2382      12.01000022888184     0.5972999930381775
 2383                     16    -0.5679000020027161
 2384      14.01000022888184    -0.4156999886035919
 2385      1.008000016212463     0.2718999981880188
 2386      12.01000022888184    0.03370000049471855
 2387      1.008000016212463    0.08229999989271164
 2388      12.01000022888184    -0.1825000047683716
 2389      1.008000016212463    0.06030000001192093
 2390      1.008000016212463    0.06030000001192093
 2391      1.008000016212463    0.06030000001192093
 2392      12.01000022888184     0.5972999930381775
 2393                     16    -0.5679000020027161
 2394      14.01000022888184     -0.347900003194809
 2395      1.008000016212463     0.2746999859809875
 2396      12.01000022888184     -0.263700008392334
 2397      1.008000016212463     0.1560000032186508
 2398      12.01000022888184  -0.000699999975040555
 2399      1.008000016212463    0.03269999846816063
 2400      1.008000016212463    0.03269999846816063
 2401      12.01000022888184     0.0390000008046627
 2402      1.008000016212463    0.02850000001490116
 2403      1.008000016212463    0.02850000001490116
 2404      12.01000022888184    0.04859999939799309
 2405      1.008000016212463    0.06870000064373016
 2406      1.008000016212463    0.06870000064373016
 2407      14.01000022888184    -0.5295000076293945
 2408      1.008000016212463     0.3456000089645386
 2409      12.01000022888184     0.8076000213623047
 2410      14.01000022888184    -0.8626999855041504
 2411      1.008000016212463     0.4478000104427338
 2412      1.008000016212463     0.4478000104427338
 2413      14.01000022888184    -0.8626999855041504
 2414      1.008000016212463     0.4478000104427338
 2415      1.008000016212463     0.4478000104427338
 2416      12.01000022888184     0.7340999841690063
 2417                     16    -0.5893999934196472
 2418      14.01000022888184    -0.4156999886035919
 2419      1.008000016212463     0.2718999981880188
 2420      12.01000022888184   -0.03889999911189079
 2421      1.008000016212463     0.1006999984383583
 2422      12.01000022888184     0.3653999865055084
 2423      1.008000016212463    0.00430000014603138
 2424      12.01000022888184    -0.2437999993562698
 2425      1.008000016212463    0.06419999897480011
 2426      1.008000016212463    0.06419999897480011
 2427      1.008000016212463    0.06419999897480011
 2428                     16    -0.6761000156402588
 2429      1.008000016212463     0.4101999998092651
 2430      12.01000022888184     0.5972999930381775
 2431                     16    -0.5679000020027161
 2432      14.01000022888184     -0.347900003194809
 2433      1.008000016212463     0.2746999859809875
 2434      12.01000022888184     -0.239999994635582
 2435      1.008000016212463     0.1425999999046326
 2436      12.01000022888184  -0.009399999864399433
 2437      1.008000016212463    0.03620000183582306
 2438      1.008000016212463    0.03620000183582306
 2439      12.01000022888184     0.0186999998986721
 2440      1.008000016212463    0.01030000019818544
 2441      1.008000016212463    0.01030000019818544
 2442      12.01000022888184    -0.0478999987244606
 2443      1.008000016212463    0.06210000067949295
 2444      1.008000016212463    0.06210000067949295
 2445      12.01000022888184   -0.01429999992251396
 2446      1.008000016212463     0.1134999990463257
 2447      1.008000016212463     0.1134999990463257
 2448      14.01000022888184    -0.3853999972343445
 2449      1.008000016212463     0.3400000035762787
 2450      1.008000016212463     0.3400000035762787
 2451      1.008000016212463     0.3400000035762787
 2452      12.01000022888184     0.7340999841690063
 2453                     16    -0.5893999934196472
 2454      14.01000022888184    -0.4156999886035919
 2455      1.008000016212463     0.2718999981880188
 2456      12.01000022888184   -0.08749999850988388
 2457      1.008000016212463    0.09690000116825104
 2458      12.01000022888184     0.2985000014305115
 2459      1.008000016212463   -0.02969999983906746
 2460      12.01000022888184    -0.3192000091075897
 2461      1.008000016212463    0.07909999787807465
 2462      1.008000016212463    0.07909999787807465
 2463      1.008000016212463    0.07909999787807465
 2464      12.01000022888184    -0.3192000091075897
 2465      1.008000016212463    0.07909999787807465
 2466      1.008000016212463    0.07909999787807465
 2467      1.008000016212463    0.07909999787807465
 2468      12.01000022888184     0.5972999930381775
 2469                     16    -0.5679000020027161
 2470      14.01000022888184    -0.4156999886035919
 2471      1.008000016212463     0.2718999981880188
 2472      12.01000022888184   -0.05970000103116035
 2473      1.008000016212463     0.0869000032544136
 2474      12.01000022888184     0.1303000003099442
 2475      1.008000016212463     0.0186999998986721
 2476      12.01000022888184    -0.3203999996185303
 2477      1.008000016212463    0.08820000290870667
 2478      1.008000016212463    0.08820000290870667
 2479      1.008000016212463    0.08820000290870667
 2480      12.01000022888184    -0.0430000014603138
 2481      1.008000016212463    0.02360000088810921
 2482      1.008000016212463    0.02360000088810921
 2483      12.01000022888184   -0.06599999964237213
 2484      1.008000016212463    0.01860000006854534
 2485      1.008000016212463    0.01860000006854534
 2486      1.008000016212463    0.01860000006854534
 2487      12.01000022888184     0.5972999930381775
 2488                     16    -0.5679000020027161
 2489      14.01000022888184    -0.4156999886035919
 2490      1.008000016212463     0.2718999981880188
 2491      12.01000022888184    0.01879999972879887
 2492      1.008000016212463    0.08810000121593475
 2493      12.01000022888184   -0.04619999974966049
 2494      1.008000016212463    0.04019999876618385
 2495      1.008000016212463    0.04019999876618385
 2496      12.01000022888184   -0.02659999951720238
 2497      14.01000022888184    -0.3810999989509583
 2498      1.008000016212463     0.3648999929428101
 2499      12.01000022888184     0.2056999951601028
 2500      1.008000016212463     0.1392000019550323
 2501      14.01000022888184     -0.572700023651123
 2502      12.01000022888184     0.1291999965906143
 2503      1.008000016212463     0.1146999970078468
 2504      12.01000022888184     0.5972999930381775
 2505                     16    -0.5679000020027161
 2506      14.01000022888184     -0.347900003194809
 2507      1.008000016212463     0.2746999859809875
 2508      12.01000022888184     -0.263700008392334
 2509      1.008000016212463     0.1560000032186508
 2510      12.01000022888184  -0.000699999975040555
 2511      1.008000016212463    0.03269999846816063
 2512      1.008000016212463    0.03269999846816063
 2513      12.01000022888184     0.0390000008046627
 2514      1.008000016212463    0.02850000001490116
 2515      1.008000016212463    0.02850000001490116
 2516      12.01000022888184    0.04859999939799309
 2517      1.008000016212463    0.06870000064373016
 2518      1.008000016212463    0.06870000064373016
 2519      14.01000022888184    -0.5295000076293945
 2520      1.008000016212463     0.3456000089645386
 2521      12.01000022888184     0.8076000213623047
 2522      14.01000022888184    -0.8626999855041504
 2523      1.008000016212463     0.4478000104427338
 2524      1.008000016212463     0.4478000104427338
 2525      14.01000022888184    -0.8626999855041504
 2526      1.008000016212463     0.4478000104427338
 2527      1.008000016212463     0.4478000104427338
 2528      12.01000022888184     0.7340999841690063
 2529                     16    -0.5893999934196472
 2530      14.01000022888184    -0.4156999886035919
 2531      1.008000016212463     0.2718999981880188
 2532      12.01000022888184   -0.05180000141263008
 2533      1.008000016212463    0.09220000356435776
 2534      12.01000022888184    -0.1102000027894974
 2535      1.008000016212463    0.04569999873638153
 2536      1.008000016212463    0.04569999873638153
 2537      12.01000022888184     0.3531000018119812
 2538      1.008000016212463   -0.03610000014305115
 2539      12.01000022888184    -0.4120999872684479
 2540      1.008000016212463     0.1000000014901161
 2541      1.008000016212463     0.1000000014901161
 2542      1.008000016212463     0.1000000014901161
 2543      12.01000022888184    -0.4120999872684479
 2544      1.008000016212463     0.1000000014901161
 2545      1.008000016212463     0.1000000014901161
 2546      1.008000016212463     0.1000000014901161
 2547      12.01000022888184     0.5972999930381775
 2548                     16    -0.5679000020027161
 2549      14.01000022888184    -0.4156999886035919
 2550      1.008000016212463     0.2718999981880188
 2551      12.01000022888184  -0.003100000089034438
 2552      1.008000016212463    0.08500000089406967
 2553      12.01000022888184  -0.003599999938160181
 2554      1.008000016212463    0.01710000075399876
 2555      1.008000016212463    0.01710000075399876
 2556      12.01000022888184   -0.06449999660253525
 2557      1.008000016212463    0.03519999980926514
 2558      1.008000016212463    0.03519999980926514
 2559      12.01000022888184     0.6951000094413757
 2560                     16    -0.6086000204086304
 2561      14.01000022888184    -0.9406999945640564
 2562      1.008000016212463     0.4250999987125397
 2563      1.008000016212463     0.4250999987125397
 2564      12.01000022888184     0.5972999930381775
 2565                     16    -0.5679000020027161
 2566      14.01000022888184    -0.4156999886035919
 2567      1.008000016212463     0.2718999981880188
 2568      12.01000022888184    0.03370000049471855
 2569      1.008000016212463    0.08229999989271164
 2570      12.01000022888184    -0.1825000047683716
 2571      1.008000016212463    0.06030000001192093
 2572      1.008000016212463    0.06030000001192093
 2573      1.008000016212463    0.06030000001192093
 2574      12.01000022888184     0.5972999930381775
 2575                     16    -0.5679000020027161
 2576      14.01000022888184    -0.4156999886035919
 2577      1.008000016212463     0.2718999981880188
 2578      12.01000022888184    0.03370000049471855
 2579      1.008000016212463    0.08229999989271164
 2580      12.01000022888184    -0.1825000047683716
 2581      1.008000016212463    0.06030000001192093
 2582      1.008000016212463    0.06030000001192093
 2583      1.008000016212463    0.06030000001192093
 2584      12.01000022888184     0.5972999930381775
 2585                     16    -0.5679000020027161
 2586      14.01000022888184    -0.4156999886035919
 2587      1.008000016212463     0.2718999981880188
 2588      12.01000022888184   -0.02490000054240227
 2589      1.008000016212463    0.08429999649524689
 2590      12.01000022888184     0.2117000073194504
 2591      1.008000016212463    0.03519999980926514
 2592      1.008000016212463    0.03519999980926514
 2593                     16    -0.6546000242233276
 2594      1.008000016212463     0.4275000095367432
 2595      12.01000022888184     0.5972999930381775
 2596                     16    -0.5679000020027161
 2597      14.01000022888184    -0.2547999918460846
 2598      12.01000022888184    0.01920000091195107
 2599      1.008000016212463    0.03909999877214432
 2600      1.008000016212463    0.03909999877214432
 2601      12.01000022888184    0.01889999955892563
 2602      1.008000016212463    0.02129999920725822
 2603      1.008000016212463    0.02129999920725822
 2604      12.01000022888184  -0.007000000216066837
 2605      1.008000016212463    0.02529999986290932
 2606      1.008000016212463    0.02529999986290932
 2607      12.01000022888184   -0.02659999951720238
 2608      1.008000016212463     0.0640999972820282
 2609      12.01000022888184     0.5896000266075134
 2610                     16    -0.5748000144958496
 2611      14.01000022888184    -0.5163000226020813
 2612      1.008000016212463     0.2935999929904938
 2613      12.01000022888184    0.03970000147819519
 2614      1.008000016212463     0.1105000004172325
 2615      12.01000022888184     0.0560000017285347
 2616      1.008000016212463   -0.01730000041425228
 2617      1.008000016212463   -0.01730000041425228
 2618      12.01000022888184    0.01360000018030405
 2619      1.008000016212463   -0.04250000044703484
 2620      1.008000016212463   -0.04250000044703484
 2621      12.01000022888184      0.805400013923645
 2622                     16    -0.8187999725341797
 2623                     16    -0.8187999725341797
 2624      12.01000022888184     0.5365999937057495
 2625                     16    -0.5819000005722046
 2626      14.01000022888184    -0.4156999886035919
 2627      1.008000016212463     0.2718999981880188
 2628      12.01000022888184   -0.05180000141263008
 2629      1.008000016212463    0.09220000356435776
 2630      12.01000022888184    -0.1102000027894974
 2631      1.008000016212463    0.04569999873638153
 2632      1.008000016212463    0.04569999873638153
 2633      12.01000022888184     0.3531000018119812
 2634      1.008000016212463   -0.03610000014305115
 2635      12.01000022888184    -0.4120999872684479
 2636      1.008000016212463     0.1000000014901161
 2637      1.008000016212463     0.1000000014901161
 2638      1.008000016212463     0.1000000014901161
 2639      12.01000022888184    -0.4120999872684479
 2640      1.008000016212463     0.1000000014901161
 2641      1.008000016212463     0.1000000014901161
 2642      1.008000016212463     0.1000000014901161
 2643      12.01000022888184     0.5972999930381775
 2644                     16    -0.5679000020027161
 2645      14.01000022888184    -0.4156999886035919
 2646      1.008000016212463     0.2718999981880188
 2647      12.01000022888184   -0.03889999911189079
 2648      1.008000016212463     0.1006999984383583
 2649      12.01000022888184     0.3653999865055084
 2650      1.008000016212463    0.00430000014603138
 2651      12.01000022888184    -0.2437999993562698
 2652      1.008000016212463    0.06419999897480011
 2653      1.008000016212463    0.06419999897480011
 2654      1.008000016212463    0.06419999897480011
 2655                     16    -0.6761000156402588
 2656      1.008000016212463     0.4101999998092651
 2657      12.01000022888184     0.5972999930381775
 2658                     16    -0.5679000020027161
 2659      14.01000022888184    -0.4156999886035919
 2660      1.008000016212463     0.2718999981880188
 2661      12.01000022888184  -0.003100000089034438
 2662      1.008000016212463    0.08500000089406967
 2663      12.01000022888184  -0.003599999938160181
 2664      1.008000016212463    0.01710000075399876
 2665      1.008000016212463    0.01710000075399876
 2666      12.01000022888184   -0.06449999660253525
 2667      1.008000016212463    0.03519999980926514
 2668      1.008000016212463    0.03519999980926514
 2669      12.01000022888184     0.6951000094413757
 2670                     16    -0.6086000204086304
 2671      14.01000022888184    -0.9406999945640564
 2672      1.008000016212463     0.4250999987125397
 2673      1.008000016212463     0.4250999987125397
 2674      12.01000022888184     0.5972999930381775
 2675                     16    -0.5679000020027161
 2676      14.01000022888184    -0.4156999886035919
 2677      1.008000016212463     0.2718999981880188
 2678      12.01000022888184    0.03370000049471855
 2679      1.008000016212463    0.08229999989271164
 2680      12.01000022888184    -0.1825000047683716
 2681      1.008000016212463    0.06030000001192093
 2682      1.008000016212463    0.06030000001192093
 2683      1.008000016212463    0.06030000001192093
 2684      12.01000022888184     0.5972999930381775
 2685                     16    -0.5679000020027161
 2686      14.01000022888184    -0.4156999886035919
 2687      1.008000016212463     0.2718999981880188
 2688      12.01000022888184    0.03370000049471855
 2689      1.008000016212463    0.08229999989271164
 2690      12.01000022888184    -0.1825000047683716
 2691      1.008000016212463    0.06030000001192093
 2692      1.008000016212463    0.06030000001192093
 2693      1.008000016212463    0.06030000001192093
 2694      12.01000022888184     0.5972999930381775
 2695                     16    -0.5679000020027161
 2696      14.01000022888184    -0.4156999886035919
 2697      1.008000016212463     0.2718999981880188
 2698      12.01000022888184   -0.05970000103116035
 2699      1.008000016212463     0.0869000032544136
 2700      12.01000022888184     0.1303000003099442
 2701      1.008000016212463     0.0186999998986721
 2702      12.01000022888184    -0.3203999996185303
 2703      1.008000016212463    0.08820000290870667
 2704      1.008000016212463    0.08820000290870667
 2705      1.008000016212463    0.08820000290870667
 2706      12.01000022888184    -0.0430000014603138
 2707      1.008000016212463    0.02360000088810921
 2708      1.008000016212463    0.02360000088810921
 2709      12.01000022888184   -0.06599999964237213
 2710      1.008000016212463    0.01860000006854534
 2711      1.008000016212463    0.01860000006854534
 2712      1.008000016212463    0.01860000006854534
 2713      12.01000022888184     0.5972999930381775
 2714                     16    -0.5679000020027161
 2715      14.01000022888184    -0.4156999886035919
 2716      1.008000016212463     0.2718999981880188
 2717      12.01000022888184   -0.02370000071823597
 2718      1.008000016212463    0.08799999952316284
 2719      12.01000022888184    0.03420000150799751
 2720      1.008000016212463    0.02410000003874302
 2721      1.008000016212463    0.02410000003874302
 2722      12.01000022888184   0.001799999969080091
 2723      1.008000016212463    0.04399999976158142
 2724      1.008000016212463    0.04399999976158142
 2725      32.06000137329102    -0.2736999988555908
 2726      12.01000022888184    -0.0535999983549118
 2727      1.008000016212463    0.06840000301599503
 2728      1.008000016212463    0.06840000301599503
 2729      1.008000016212463    0.06840000301599503
 2730      12.01000022888184     0.5972999930381775
 2731                     16    -0.5679000020027161
 2732      14.01000022888184    -0.5163000226020813
 2733      1.008000016212463     0.2935999929904938
 2734      12.01000022888184    0.03970000147819519
 2735      1.008000016212463     0.1105000004172325
 2736      12.01000022888184     0.0560000017285347
 2737      1.008000016212463   -0.01730000041425228
 2738      1.008000016212463   -0.01730000041425228
 2739      12.01000022888184    0.01360000018030405
 2740      1.008000016212463   -0.04250000044703484
 2741      1.008000016212463   -0.04250000044703484
 2742      12.01000022888184      0.805400013923645
 2743                     16    -0.8187999725341797
 2744                     16    -0.8187999725341797
 2745      12.01000022888184     0.5365999937057495
 2746                     16    -0.5819000005722046
 2747      14.01000022888184     -0.347900003194809
 2748      1.008000016212463     0.2746999859809875
 2749      12.01000022888184     -0.239999994635582
 2750      1.008000016212463     0.1425999999046326
 2751      12.01000022888184  -0.009399999864399433
 2752      1.008000016212463    0.03620000183582306
 2753      1.008000016212463    0.03620000183582306
 2754      12.01000022888184     0.0186999998986721
 2755      1.008000016212463    0.01030000019818544
 2756      1.008000016212463    0.01030000019818544
 2757      12.01000022888184    -0.0478999987244606
 2758      1.008000016212463    0.06210000067949295
 2759      1.008000016212463    0.06210000067949295
 2760      12.01000022888184   -0.01429999992251396
 2761      1.008000016212463     0.1134999990463257
 2762      1.008000016212463     0.1134999990463257
 2763      14.01000022888184    -0.3853999972343445
 2764      1.008000016212463     0.3400000035762787
 2765      1.008000016212463     0.3400000035762787
 2766      1.008000016212463     0.3400000035762787
 2767      12.01000022888184     0.7340999841690063
 2768                     16    -0.5893999934196472
 2769      14.01000022888184    -0.4156999886035919
 2770      1.008000016212463     0.2718999981880188
 2771      12.01000022888184   -0.05180000141263008
 2772      1.008000016212463    0.09220000356435776
 2773      12.01000022888184    -0.1102000027894974
 2774      1.008000016212463    0.04569999873638153
 2775      1.008000016212463    0.04569999873638153
 2776      12.01000022888184     0.3531000018119812
 2777      1.008000016212463   -0.03610000014305115
 2778      12.01000022888184    -0.4120999872684479
 2779      1.008000016212463     0.1000000014901161
 2780      1.008000016212463     0.1000000014901161
 2781      1.008000016212463     0.1000000014901161
 2782      12.01000022888184    -0.4120999872684479
 2783      1.008000016212463     0.1000000014901161
 2784      1.008000016212463     0.1000000014901161
 2785      1.008000016212463     0.1000000014901161
 2786      12.01000022888184     0.5972999930381775
 2787                     16    -0.5679000020027161
 2788      14.01000022888184    -0.4156999886035919
 2789      1.008000016212463     0.2718999981880188
 2790      12.01000022888184   -0.08749999850988388
 2791      1.008000016212463    0.09690000116825104
 2792      12.01000022888184     0.2985000014305115
 2793      1.008000016212463   -0.02969999983906746
 2794      12.01000022888184    -0.3192000091075897
 2795      1.008000016212463    0.07909999787807465
 2796      1.008000016212463    0.07909999787807465
 2797      1.008000016212463    0.07909999787807465
 2798      12.01000022888184    -0.3192000091075897
 2799      1.008000016212463    0.07909999787807465
 2800      1.008000016212463    0.07909999787807465
 2801      1.008000016212463    0.07909999787807465
 2802      12.01000022888184     0.5972999930381775
 2803                     16    -0.5679000020027161
 2804      14.01000022888184    -0.4156999886035919
 2805      1.008000016212463     0.2718999981880188
 2806      12.01000022888184    0.03370000049471855
 2807      1.008000016212463    0.08229999989271164
 2808      12.01000022888184    -0.1825000047683716
 2809      1.008000016212463    0.06030000001192093
 2810      1.008000016212463    0.06030000001192093
 2811      1.008000016212463    0.06030000001192093
 2812      12.01000022888184     0.5972999930381775
 2813                     16    -0.5679000020027161
 2814      14.01000022888184    -0.4156999886035919
 2815      1.008000016212463     0.2718999981880188
 2816      12.01000022888184   -0.00139999995008111
 2817      1.008000016212463    0.08760000020265579
 2818      12.01000022888184   -0.01520000025629997
 2819      1.008000016212463    0.02950000017881393
 2820      1.008000016212463    0.02950000017881393
 2821      12.01000022888184  -0.001099999994039536
 2822      12.01000022888184    -0.1905999928712845
 2823      1.008000016212463     0.1699000000953674
 2824      12.01000022888184    -0.2340999990701675
 2825      1.008000016212463     0.1656000018119812
 2826      12.01000022888184     0.3226000070571899
 2827                     16    -0.5579000115394592
 2828      1.008000016212463     0.3991999924182892
 2829      12.01000022888184    -0.2340999990701675
 2830      1.008000016212463     0.1656000018119812
 2831      12.01000022888184    -0.1905999928712845
 2832      1.008000016212463     0.1699000000953674
 2833      12.01000022888184     0.5972999930381775
 2834                     16    -0.5679000020027161
 2835      14.01000022888184    -0.4156999886035919
 2836      1.008000016212463     0.2718999981880188
 2837      12.01000022888184   -0.02490000054240227
 2838      1.008000016212463    0.08429999649524689
 2839      12.01000022888184     0.2117000073194504
 2840      1.008000016212463    0.03519999980926514
 2841      1.008000016212463    0.03519999980926514
 2842                     16    -0.6546000242233276
 2843      1.008000016212463     0.4275000095367432
 2844      12.01000022888184     0.5972999930381775
 2845                     16    -0.5679000020027161
 2846      14.01000022888184    -0.4156999886035919
 2847      1.008000016212463     0.2718999981880188
 2848      12.01000022888184   -0.02490000054240227
 2849      1.008000016212463    0.08429999649524689
 2850      12.01000022888184     0.2117000073194504
 2851      1.008000016212463    0.03519999980926514
 2852      1.008000016212463    0.03519999980926514
 2853                     16    -0.6546000242233276
 2854      1.008000016212463     0.4275000095367432
 2855      12.01000022888184     0.5972999930381775
 2856                     16    -0.5679000020027161
 2857      14.01000022888184    -0.5163000226020813
 2858      1.008000016212463     0.2935999929904938
 2859      12.01000022888184    0.03810000047087669
 2860      1.008000016212463    0.08799999952316284
 2861      12.01000022888184   -0.03030000068247318
 2862      1.008000016212463   -0.01219999976456165
 2863      1.008000016212463   -0.01219999976456165
 2864      12.01000022888184     0.7993999719619751
 2865                     16    -0.8014000058174133
 2866                     16    -0.8014000058174133
 2867      12.01000022888184     0.5365999937057495
 2868                     16    -0.5819000005722046
 2869      14.01000022888184    -0.4156999886035919
 2870      1.008000016212463     0.2718999981880188
 2871      12.01000022888184  -0.003100000089034438
 2872      1.008000016212463    0.08500000089406967
 2873      12.01000022888184  -0.003599999938160181
 2874      1.008000016212463    0.01710000075399876
 2875      1.008000016212463    0.01710000075399876
 2876      12.01000022888184   -0.06449999660253525
 2877      1.008000016212463    0.03519999980926514
 2878      1.008000016212463    0.03519999980926514
 2879      12.01000022888184     0.6951000094413757
 2880                     16    -0.6086000204086304
 2881      14.01000022888184    -0.9406999945640564
 2882      1.008000016212463     0.4250999987125397
 2883      1.008000016212463     0.4250999987125397
 2884      12.01000022888184     0.5972999930381775
 2885                     16    -0.5679000020027161
 2886      14.01000022888184    -0.4156999886035919
 2887      1.008000016212463     0.2718999981880188
 2888      12.01000022888184    0.03370000049471855
 2889      1.008000016212463    0.08229999989271164
 2890      12.01000022888184    -0.1825000047683716
 2891      1.008000016212463    0.06030000001192093
 2892      1.008000016212463    0.06030000001192093
 2893      1.008000016212463    0.06030000001192093
 2894      12.01000022888184     0.5972999930381775
 2895                     16    -0.5679000020027161
 2896      14.01000022888184    -0.4156999886035919
 2897      1.008000016212463     0.2718999981880188
 2898      12.01000022888184   -0.05810000002384186
 2899      1.008000016212463      0.136000007390976
 2900      12.01000022888184  -0.007400000002235174
 2901      1.008000016212463    0.03669999912381172
 2902      1.008000016212463    0.03669999912381172
 2903      12.01000022888184     0.1868000030517578
 2904      14.01000022888184    -0.5432000160217285
 2905      12.01000022888184     0.1634999960660934
 2906      1.008000016212463     0.1435000002384186
 2907      14.01000022888184    -0.2795000076293945
 2908      1.008000016212463     0.3339000046253204
 2909      12.01000022888184    -0.2206999957561493
 2910      1.008000016212463     0.1861999928951263
 2911      12.01000022888184     0.5972999930381775
 2912                     16    -0.5679000020027161
 2913      14.01000022888184    -0.4156999886035919
 2914      1.008000016212463     0.2718999981880188
 2915      12.01000022888184   -0.02490000054240227
 2916      1.008000016212463    0.08429999649524689
 2917      12.01000022888184     0.2117000073194504
 2918      1.008000016212463    0.03519999980926514
 2919      1.008000016212463    0.03519999980926514
 2920                     16    -0.6546000242233276
 2921      1.008000016212463     0.4275000095367432
 2922      12.01000022888184     0.5972999930381775
 2923                     16    -0.5679000020027161
 2924      14.01000022888184    -0.4156999886035919
 2925      1.008000016212463     0.2718999981880188
 2926      12.01000022888184   -0.02490000054240227
 2927      1.008000016212463    0.08429999649524689
 2928      12.01000022888184     0.2117000073194504
 2929      1.008000016212463    0.03519999980926514
 2930      1.008000016212463    0.03519999980926514
 2931                     16    -0.6546000242233276
 2932      1.008000016212463     0.4275000095367432
 2933      12.01000022888184     0.5972999930381775
 2934                     16    -0.5679000020027161
 2935      14.01000022888184    -0.4156999886035919
 2936      1.008000016212463     0.2718999981880188
 2937      12.01000022888184   -0.08749999850988388
 2938      1.008000016212463    0.09690000116825104
 2939      12.01000022888184     0.2985000014305115
 2940      1.008000016212463   -0.02969999983906746
 2941      12.01000022888184    -0.3192000091075897
 2942      1.008000016212463    0.07909999787807465
 2943      1.008000016212463    0.07909999787807465
 2944      1.008000016212463    0.07909999787807465
 2945      12.01000022888184    -0.3192000091075897
 2946      1.008000016212463    0.07909999787807465
 2947      1.008000016212463    0.07909999787807465
 2948      1.008000016212463    0.07909999787807465
 2949      12.01000022888184     0.5972999930381775
 2950                     16    -0.5679000020027161
 2951      14.01000022888184    -0.5163000226020813
 2952      1.008000016212463     0.2935999929904938
 2953      12.01000022888184    0.03970000147819519
 2954      1.008000016212463     0.1105000004172325
 2955      12.01000022888184     0.0560000017285347
 2956      1.008000016212463   -0.01730000041425228
 2957      1.008000016212463   -0.01730000041425228
 2958      12.01000022888184    0.01360000018030405
 2959      1.008000016212463   -0.04250000044703484
 2960      1.008000016212463   -0.04250000044703484
 2961      12.01000022888184      0.805400013923645
 2962                     16    -0.8187999725341797
 2963                     16    -0.8187999725341797
 2964      12.01000022888184     0.5365999937057495
 2965                     16    -0.5819000005722046
 2966      14.01000022888184     -0.347900003194809
 2967      1.008000016212463     0.2746999859809875
 2968      12.01000022888184     -0.263700008392334
 2969      1.008000016212463     0.1560000032186508
 2970      12.01000022888184  -0.000699999975040555
 2971      1.008000016212463    0.03269999846816063
 2972      1.008000016212463    0.03269999846816063
 2973      12.01000022888184     0.0390000008046627
 2974      1.008000016212463    0.02850000001490116
 2975      1.008000016212463    0.02850000001490116
 2976      12.01000022888184    0.04859999939799309
 2977      1.008000016212463    0.06870000064373016
 2978      1.008000016212463    0.06870000064373016
 2979      14.01000022888184    -0.5295000076293945
 2980      1.008000016212463     0.3456000089645386
 2981      12.01000022888184     0.8076000213623047
 2982      14.01000022888184    -0.8626999855041504
 2983      1.008000016212463     0.4478000104427338
 2984      1.008000016212463     0.4478000104427338
 2985      14.01000022888184    -0.8626999855041504
 2986      1.008000016212463     0.4478000104427338
 2987      1.008000016212463     0.4478000104427338
 2988      12.01000022888184     0.7340999841690063
 2989                     16    -0.5893999934196472
 2990      14.01000022888184    -0.4156999886035919
 2991      1.008000016212463     0.2718999981880188
 2992      12.01000022888184    0.03370000049471855
 2993      1.008000016212463    0.08229999989271164
 2994      12.01000022888184    -0.1825000047683716
 2995      1.008000016212463    0.06030000001192093
 2996      1.008000016212463    0.06030000001192093
 2997      1.008000016212463    0.06030000001192093
 2998      12.01000022888184     0.5972999930381775
 2999                     16    -0.5679000020027161
 3000      14.01000022888184    -0.4156999886035919
 3001      1.008000016212463     0.2718999981880188
 3002      12.01000022888184   -0.02520000003278255
 3003      1.008000016212463     0.0697999969124794
 3004      1.008000016212463     0.0697999969124794
 3005      12.01000022888184     0.5972999930381775
 3006                     16    -0.5679000020027161
 3007      14.01000022888184    -0.4156999886035919
 3008      1.008000016212463     0.2718999981880188
 3009      12.01000022888184   -0.05180000141263008
 3010      1.008000016212463    0.09220000356435776
 3011      12.01000022888184    -0.1102000027894974
 3012      1.008000016212463    0.04569999873638153
 3013      1.008000016212463    0.04569999873638153
 3014      12.01000022888184     0.3531000018119812
 3015      1.008000016212463   -0.03610000014305115
 3016      12.01000022888184    -0.4120999872684479
 3017      1.008000016212463     0.1000000014901161
 3018      1.008000016212463     0.1000000014901161
 3019      1.008000016212463     0.1000000014901161
 3020      12.01000022888184    -0.4120999872684479
 3021      1.008000016212463     0.1000000014901161
 3022      1.008000016212463     0.1000000014901161
 3023      1.008000016212463     0.1000000014901161
 3024      12.01000022888184     0.5972999930381775
 3025                     16    -0.5679000020027161
 3026      14.01000022888184    -0.4156999886035919
 3027      1.008000016212463     0.2718999981880188
 3028      12.01000022888184   -0.05970000103116035
 3029      1.008000016212463     0.0869000032544136
 3030      12.01000022888184     0.1303000003099442
 3031      1.008000016212463     0.0186999998986721
 3032      12.01000022888184    -0.3203999996185303
 3033      1.008000016212463    0.08820000290870667
 3034      1.008000016212463    0.08820000290870667
 3035      1.008000016212463    0.08820000290870667
 3036      12.01000022888184    -0.0430000014603138
 3037      1.008000016212463    0.02360000088810921
 3038      1.008000016212463    0.02360000088810921
 3039      12.01000022888184   -0.06599999964237213
 3040      1.008000016212463    0.01860000006854534
 3041      1.008000016212463    0.01860000006854534
 3042      1.008000016212463    0.01860000006854534
 3043      12.01000022888184     0.5972999930381775
 3044                     16    -0.5679000020027161
 3045      14.01000022888184    -0.4156999886035919
 3046      1.008000016212463     0.2718999981880188
 3047      12.01000022888184   -0.02520000003278255
 3048      1.008000016212463     0.0697999969124794
 3049      1.008000016212463     0.0697999969124794
 3050      12.01000022888184     0.5972999930381775
 3051                     16    -0.5679000020027161
 3052      14.01000022888184    -0.4156999886035919
 3053      1.008000016212463     0.2718999981880188
 3054      12.01000022888184   -0.02520000003278255
 3055      1.008000016212463     0.0697999969124794
 3056      1.008000016212463     0.0697999969124794
 3057      12.01000022888184     0.5972999930381775
 3058                     16    -0.5679000020027161
 3059      14.01000022888184    -0.4156999886035919
 3060      1.008000016212463     0.2718999981880188
 3061      12.01000022888184   -0.08749999850988388
 3062      1.008000016212463    0.09690000116825104
 3063      12.01000022888184     0.2985000014305115
 3064      1.008000016212463   -0.02969999983906746
 3065      12.01000022888184    -0.3192000091075897
 3066      1.008000016212463    0.07909999787807465
 3067      1.008000016212463    0.07909999787807465
 3068      1.008000016212463    0.07909999787807465
 3069      12.01000022888184    -0.3192000091075897
 3070      1.008000016212463    0.07909999787807465
 3071      1.008000016212463    0.07909999787807465
 3072      1.008000016212463    0.07909999787807465
 3073      12.01000022888184     0.5972999930381775
 3074                     16    -0.5679000020027161
 3075      14.01000022888184     -0.347900003194809
 3076      1.008000016212463     0.2746999859809875
 3077      12.01000022888184     -0.239999994635582
 3078      1.008000016212463     0.1425999999046326
 3079      12.01000022888184  -0.009399999864399433
 3080      1.008000016212463    0.03620000183582306
 3081      1.008000016212463    0.03620000183582306
 3082      12.01000022888184     0.0186999998986721
 3083      1.008000016212463    0.01030000019818544
 3084      1.008000016212463    0.01030000019818544
 3085      12.01000022888184    -0.0478999987244606
 3086      1.008000016212463    0.06210000067949295
 3087      1.008000016212463    0.06210000067949295
 3088      12.01000022888184   -0.01429999992251396
 3089      1.008000016212463     0.1134999990463257
 3090      1.008000016212463     0.1134999990463257
 3091      14.01000022888184    -0.3853999972343445
 3092      1.008000016212463     0.3400000035762787
 3093      1.008000016212463     0.3400000035762787
 3094      1.008000016212463     0.3400000035762787
 3095      12.01000022888184     0.7340999841690063
 3096                     16    -0.5893999934196472
 3097      14.01000022888184    -0.4156999886035919
 3098      1.008000016212463     0.2718999981880188
 3099      12.01000022888184   -0.05180000141263008
 3100      1.008000016212463    0.09220000356435776
 3101      12.01000022888184    -0.1102000027894974
 3102      1.008000016212463    0.04569999873638153
 3103      1.008000016212463    0.04569999873638153
 3104      12.01000022888184     0.3531000018119812
 3105      1.008000016212463   -0.03610000014305115
 3106      12.01000022888184    -0.4120999872684479
 3107      1.008000016212463     0.1000000014901161
 3108      1.008000016212463     0.1000000014901161
 3109      1.008000016212463     0.1000000014901161
 3110      12.01000022888184    -0.4120999872684479
 3111      1.008000016212463     0.1000000014901161
 3112      1.008000016212463     0.1000000014901161
 3113      1.008000016212463     0.1000000014901161
 3114      12.01000022888184     0.5972999930381775
 3115                     16    -0.5679000020027161
 3116      14.01000022888184     -0.347900003194809
 3117      1.008000016212463     0.2746999859809875
 3118      12.01000022888184     -0.239999994635582
 3119      1.008000016212463     0.1425999999046326
 3120      12.01000022888184  -0.009399999864399433
 3121      1.008000016212463    0.03620000183582306
 3122      1.008000016212463    0.03620000183582306
 3123      12.01000022888184     0.0186999998986721
 3124      1.008000016212463    0.01030000019818544
 3125      1.008000016212463    0.01030000019818544
 3126      12.01000022888184    -0.0478999987244606
 3127      1.008000016212463    0.06210000067949295
 3128      1.008000016212463    0.06210000067949295
 3129      12.01000022888184   -0.01429999992251396
 3130      1.008000016212463     0.1134999990463257
 3131      1.008000016212463     0.1134999990463257
 3132      14.01000022888184    -0.3853999972343445
 3133      1.008000016212463     0.3400000035762787
 3134      1.008000016212463     0.3400000035762787
 3135      1.008000016212463     0.3400000035762787
 3136      12.01000022888184     0.7340999841690063
 3137                     16    -0.5893999934196472
 3138      14.01000022888184    -0.4156999886035919
 3139      1.008000016212463     0.2718999981880188
 3140      12.01000022888184    0.03370000049471855
 3141      1.008000016212463    0.08229999989271164
 3142      12.01000022888184    -0.1825000047683716
 3143      1.008000016212463    0.06030000001192093
 3144      1.008000016212463    0.06030000001192093
 3145      1.008000016212463    0.06030000001192093
 3146      12.01000022888184     0.5972999930381775
 3147                     16    -0.5679000020027161
 3148      14.01000022888184    -0.4156999886035919
 3149      1.008000016212463     0.2718999981880188
 3150      12.01000022888184   -0.05970000103116035
 3151      1.008000016212463     0.0869000032544136
 3152      12.01000022888184     0.1303000003099442
 3153      1.008000016212463     0.0186999998986721
 3154      12.01000022888184    -0.3203999996185303
 3155      1.008000016212463    0.08820000290870667
 3156      1.008000016212463    0.08820000290870667
 3157      1.008000016212463    0.08820000290870667
 3158      12.01000022888184    -0.0430000014603138
 3159      1.008000016212463    0.02360000088810921
 3160      1.008000016212463    0.02360000088810921
 3161      12.01000022888184   -0.06599999964237213
 3162      1.008000016212463    0.01860000006854534
 3163      1.008000016212463    0.01860000006854534
 3164      1.008000016212463    0.01860000006854534
 3165      12.01000022888184     0.5972999930381775
 3166                     16    -0.5679000020027161
 3167      14.01000022888184    -0.2547999918460846
 3168      12.01000022888184    0.01920000091195107
 3169      1.008000016212463    0.03909999877214432
 3170      1.008000016212463    0.03909999877214432
 3171      12.01000022888184    0.01889999955892563
 3172      1.008000016212463    0.02129999920725822
 3173      1.008000016212463    0.02129999920725822
 3174      12.01000022888184  -0.007000000216066837
 3175      1.008000016212463    0.02529999986290932
 3176      1.008000016212463    0.02529999986290932
 3177      12.01000022888184   -0.02659999951720238
 3178      1.008000016212463     0.0640999972820282
 3179      12.01000022888184     0.5896000266075134
 3180                     16    -0.5748000144958496
 3181      14.01000022888184    -0.4156999886035919
 3182      1.008000016212463     0.2718999981880188
 3183      12.01000022888184   -0.02490000054240227
 3184      1.008000016212463    0.08429999649524689
 3185      12.01000022888184     0.2117000073194504
 3186      1.008000016212463    0.03519999980926514
 3187      1.008000016212463    0.03519999980926514
 3188                     16    -0.6546000242233276
 3189      1.008000016212463     0.4275000095367432
 3190      12.01000022888184     0.5972999930381775
 3191                     16    -0.5679000020027161
 3192      14.01000022888184    -0.5163000226020813
 3193      1.008000016212463     0.2935999929904938
 3194      12.01000022888184    0.03810000047087669
 3195      1.008000016212463    0.08799999952316284
 3196      12.01000022888184   -0.03030000068247318
 3197      1.008000016212463   -0.01219999976456165
 3198      1.008000016212463   -0.01219999976456165
 3199      12.01000022888184     0.7993999719619751
 3200                     16    -0.8014000058174133
 3201                     16    -0.8014000058174133
 3202      12.01000022888184     0.5365999937057495
 3203                     16    -0.5819000005722046
 3204      14.01000022888184    -0.4156999886035919
 3205      1.008000016212463     0.2718999981880188
 3206      12.01000022888184   -0.02520000003278255
 3207      1.008000016212463     0.0697999969124794
 3208      1.008000016212463     0.0697999969124794
 3209      12.01000022888184     0.5972999930381775
 3210                     16    -0.5679000020027161
 3211      14.01000022888184    -0.4156999886035919
 3212      1.008000016212463     0.2718999981880188
 3213      12.01000022888184    0.01429999992251396
 3214      1.008000016212463     0.1048000007867813
 3215      12.01000022888184    -0.2040999978780746
 3216      1.008000016212463    0.07970000058412552
 3217      1.008000016212463    0.07970000058412552
 3218      12.01000022888184     0.7129999995231628
 3219                     16    -0.5931000113487244
 3220      14.01000022888184    -0.9190999865531921
 3221      1.008000016212463     0.4196000099182129
 3222      1.008000016212463     0.4196000099182129
 3223      12.01000022888184     0.5972999930381775
 3224                     16    -0.5679000020027161
 3225      14.01000022888184    -0.4156999886035919
 3226      1.008000016212463     0.2718999981880188
 3227      12.01000022888184  -0.002400000113993883
 3228      1.008000016212463    0.09780000150203705
 3229      12.01000022888184   -0.03429999947547913
 3230      1.008000016212463    0.02950000017881393
 3231      1.008000016212463    0.02950000017881393
 3232      12.01000022888184     0.0118000004440546
 3233      12.01000022888184    -0.1255999952554703
 3234      1.008000016212463     0.1330000013113022
 3235      12.01000022888184    -0.1703999936580658
 3236      1.008000016212463     0.1430000066757202
 3237      12.01000022888184    -0.1071999967098236
 3238      1.008000016212463     0.1297000050544739
 3239      12.01000022888184    -0.1703999936580658
 3240      1.008000016212463     0.1430000066757202
 3241      12.01000022888184    -0.1255999952554703
 3242      1.008000016212463     0.1330000013113022
 3243      12.01000022888184     0.5972999930381775
 3244                     16    -0.5679000020027161
 3245      14.01000022888184    -0.4156999886035919
 3246      1.008000016212463     0.2718999981880188
 3247      12.01000022888184    0.03370000049471855
 3248      1.008000016212463    0.08229999989271164
 3249      12.01000022888184    -0.1825000047683716
 3250      1.008000016212463    0.06030000001192093
 3251      1.008000016212463    0.06030000001192093
 3252      1.008000016212463    0.06030000001192093
 3253      12.01000022888184     0.5972999930381775
 3254                     16    -0.5679000020027161
 3255      14.01000022888184    -0.4156999886035919
 3256      1.008000016212463     0.2718999981880188
 3257      12.01000022888184   -0.02370000071823597
 3258      1.008000016212463    0.08799999952316284
 3259      12.01000022888184    0.03420000150799751
 3260      1.008000016212463    0.02410000003874302
 3261      1.008000016212463    0.02410000003874302
 3262      12.01000022888184   0.001799999969080091
 3263      1.008000016212463    0.04399999976158142
 3264      1.008000016212463    0.04399999976158142
 3265      32.06000137329102    -0.2736999988555908
 3266      12.01000022888184    -0.0535999983549118
 3267      1.008000016212463    0.06840000301599503
 3268      1.008000016212463    0.06840000301599503
 3269      1.008000016212463    0.06840000301599503
 3270      12.01000022888184     0.5972999930381775
 3271                     16    -0.5679000020027161
 3272      14.01000022888184     -0.347900003194809
 3273      1.008000016212463     0.2746999859809875
 3274      12.01000022888184     -0.263700008392334
 3275      1.008000016212463     0.1560000032186508
 3276      12.01000022888184  -0.000699999975040555
 3277      1.008000016212463    0.03269999846816063
 3278      1.008000016212463    0.03269999846816063
 3279      12.01000022888184     0.0390000008046627
 3280      1.008000016212463    0.02850000001490116
 3281      1.008000016212463    0.02850000001490116
 3282      12.01000022888184    0.04859999939799309
 3283      1.008000016212463    0.06870000064373016
 3284      1.008000016212463    0.06870000064373016
 3285      14.01000022888184    -0.5295000076293945
 3286      1.008000016212463     0.3456000089645386
 3287      12.01000022888184     0.8076000213623047
 3288      14.01000022888184    -0.8626999855041504
 3289      1.008000016212463     0.4478000104427338
 3290      1.008000016212463     0.4478000104427338
 3291      14.01000022888184    -0.8626999855041504
 3292      1.008000016212463     0.4478000104427338
 3293      1.008000016212463     0.4478000104427338
 3294      12.01000022888184     0.7340999841690063
 3295                     16    -0.5893999934196472
 3296      14.01000022888184    -0.4156999886035919
 3297      1.008000016212463     0.2718999981880188
 3298      12.01000022888184    0.03370000049471855
 3299      1.008000016212463    0.08229999989271164
 3300      12.01000022888184    -0.1825000047683716
 3301      1.008000016212463    0.06030000001192093
 3302      1.008000016212463    0.06030000001192093
 3303      1.008000016212463    0.06030000001192093
 3304      12.01000022888184     0.5972999930381775
 3305                     16    -0.5679000020027161
 3306      14.01000022888184    -0.4156999886035919
 3307      1.008000016212463     0.2718999981880188
 3308      12.01000022888184   -0.02490000054240227
 3309      1.008000016212463    0.08429999649524689
 3310      12.01000022888184     0.2117000073194504
 3311      1.008000016212463    0.03519999980926514
 3312      1.008000016212463    0.03519999980926514
 3313                     16    -0.6546000242233276
 3314      1.008000016212463     0.4275000095367432
 3315      12.01000022888184     0.5972999930381775
 3316                     16    -0.5679000020027161
 3317      14.01000022888184    -0.4156999886035919
 3318      1.008000016212463     0.2718999981880188
 3319      12.01000022888184    0.03370000049471855
 3320      1.008000016212463    0.08229999989271164
 3321      12.01000022888184    -0.1825000047683716
 3322      1.008000016212463    0.06030000001192093
 3323      1.008000016212463    0.06030000001192093
 3324      1.008000016212463    0.06030000001192093
 3325      12.01000022888184     0.5972999930381775
 3326                     16    -0.5679000020027161
 3327      14.01000022888184    -0.4156999886035919
 3328      1.008000016212463     0.2718999981880188
 3329      12.01000022888184   -0.05180000141263008
 3330      1.008000016212463    0.09220000356435776
 3331      12.01000022888184    -0.1102000027894974
 3332      1.008000016212463    0.04569999873638153
 3333      1.008000016212463    0.04569999873638153
 3334      12.01000022888184     0.3531000018119812
 3335      1.008000016212463   -0.03610000014305115
 3336      12.01000022888184    -0.4120999872684479
 3337      1.008000016212463     0.1000000014901161
 3338      1.008000016212463     0.1000000014901161
 3339      1.008000016212463     0.1000000014901161
 3340      12.01000022888184    -0.4120999872684479
 3341      1.008000016212463     0.1000000014901161
 3342      1.008000016212463     0.1000000014901161
 3343      1.008000016212463     0.1000000014901161
 3344      12.01000022888184     0.5972999930381775
 3345                     16    -0.5679000020027161
 3346      14.01000022888184    -0.4156999886035919
 3347      1.008000016212463     0.2718999981880188
 3348      12.01000022888184  -0.003100000089034438
 3349      1.008000016212463    0.08500000089406967
 3350      12.01000022888184  -0.003599999938160181
 3351      1.008000016212463    0.01710000075399876
 3352      1.008000016212463    0.01710000075399876
 3353      12.01000022888184   -0.06449999660253525
 3354      1.008000016212463    0.03519999980926514
 3355      1.008000016212463    0.03519999980926514
 3356      12.01000022888184     0.6951000094413757
 3357                     16    -0.6086000204086304
 3358      14.01000022888184    -0.9406999945640564
 3359      1.008000016212463     0.4250999987125397
 3360      1.008000016212463     0.4250999987125397
 3361      12.01000022888184     0.5972999930381775
 3362                     16    -0.5679000020027161
 3363      14.01000022888184    -0.5163000226020813
 3364      1.008000016212463     0.2935999929904938
 3365      12.01000022888184    0.03970000147819519
 3366      1.008000016212463     0.1105000004172325
 3367      12.01000022888184     0.0560000017285347
 3368      1.008000016212463   -0.01730000041425228
 3369      1.008000016212463   -0.01730000041425228
 3370      12.01000022888184    0.01360000018030405
 3371      1.008000016212463   -0.04250000044703484
 3372      1.008000016212463   -0.04250000044703484
 3373      12.01000022888184      0.805400013923645
 3374                     16    -0.8187999725341797
 3375                     16    -0.8187999725341797
 3376      12.01000022888184     0.5365999937057495
 3377                     16    -0.5819000005722046
 3378      14.01000022888184    -0.4156999886035919
 3379      1.008000016212463     0.2718999981880188
 3380      12.01000022888184    0.03370000049471855
 3381      1.008000016212463    0.08229999989271164
 3382      12.01000022888184    -0.1825000047683716
 3383      1.008000016212463    0.06030000001192093
 3384      1.008000016212463    0.06030000001192093
 3385      1.008000016212463    0.06030000001192093
 3386      12.01000022888184     0.5972999930381775
 3387                     16    -0.5679000020027161
 3388      14.01000022888184    -0.4156999886035919
 3389      1.008000016212463     0.2718999981880188
 3390      12.01000022888184   -0.05180000141263008
 3391      1.008000016212463    0.09220000356435776
 3392      12.01000022888184    -0.1102000027894974
 3393      1.008000016212463    0.04569999873638153
 3394      1.008000016212463    0.04569999873638153
 3395      12.01000022888184     0.3531000018119812
 3396      1.008000016212463   -0.03610000014305115
 3397      12.01000022888184    -0.4120999872684479
 3398      1.008000016212463     0.1000000014901161
 3399      1.008000016212463     0.1000000014901161
 3400      1.008000016212463     0.1000000014901161
 3401      12.01000022888184    -0.4120999872684479
 3402      1.008000016212463     0.1000000014901161
 3403      1.008000016212463     0.1000000014901161
 3404      1.008000016212463     0.1000000014901161
 3405      12.01000022888184     0.5972999930381775
 3406                     16    -0.5679000020027161
 3407      14.01000022888184    -0.5163000226020813
 3408      1.008000016212463     0.2935999929904938
 3409      12.01000022888184    0.03970000147819519
 3410      1.008000016212463     0.1105000004172325
 3411      12.01000022888184     0.0560000017285347
 3412      1.008000016212463   -0.01730000041425228
 3413      1.008000016212463   -0.01730000041425228
 3414      12.01000022888184    0.01360000018030405
 3415      1.008000016212463   -0.04250000044703484
 3416      1.008000016212463   -0.04250000044703484
 3417      12.01000022888184      0.805400013923645
 3418                     16    -0.8187999725341797
 3419                     16    -0.8187999725341797
 3420      12.01000022888184     0.5365999937057495
 3421                     16    -0.5819000005722046
 3422      14.01000022888184     -0.347900003194809
 3423      1.008000016212463     0.2746999859809875
 3424      12.01000022888184     -0.263700008392334
 3425      1.008000016212463     0.1560000032186508
 3426      12.01000022888184  -0.000699999975040555
 3427      1.008000016212463    0.03269999846816063
 3428      1.008000016212463    0.03269999846816063
 3429      12.01000022888184     0.0390000008046627
 3430      1.008000016212463    0.02850000001490116
 3431      1.008000016212463    0.02850000001490116
 3432      12.01000022888184    0.04859999939799309
 3433      1.008000016212463    0.06870000064373016
 3434      1.008000016212463    0.06870000064373016
 3435      14.01000022888184    -0.5295000076293945
 3436      1.008000016212463     0.3456000089645386
 3437      12.01000022888184     0.8076000213623047
 3438      14.01000022888184    -0.8626999855041504
 3439      1.008000016212463     0.4478000104427338
 3440      1.008000016212463     0.4478000104427338
 3441      14.01000022888184    -0.8626999855041504
 3442      1.008000016212463     0.4478000104427338
 3443      1.008000016212463     0.4478000104427338
 3444      12.01000022888184     0.7340999841690063
 3445                     16    -0.5893999934196472
 3446      14.01000022888184    -0.5163000226020813
 3447      1.008000016212463     0.2935999929904938
 3448      12.01000022888184    0.03810000047087669
 3449      1.008000016212463    0.08799999952316284
 3450      12.01000022888184   -0.03030000068247318
 3451      1.008000016212463   -0.01219999976456165
 3452      1.008000016212463   -0.01219999976456165
 3453      12.01000022888184     0.7993999719619751
 3454                     16    -0.8014000058174133
 3455                     16    -0.8014000058174133
 3456      12.01000022888184     0.5365999937057495
 3457                     16    -0.5819000005722046
 3458      14.01000022888184     -0.347900003194809
 3459      1.008000016212463     0.2746999859809875
 3460      12.01000022888184     -0.239999994635582
 3461      1.008000016212463     0.1425999999046326
 3462      12.01000022888184  -0.009399999864399433
 3463      1.008000016212463    0.03620000183582306
 3464      1.008000016212463    0.03620000183582306
 3465      12.01000022888184     0.0186999998986721
 3466      1.008000016212463    0.01030000019818544
 3467      1.008000016212463    0.01030000019818544
 3468      12.01000022888184    -0.0478999987244606
 3469      1.008000016212463    0.06210000067949295
 3470      1.008000016212463    0.06210000067949295
 3471      12.01000022888184   -0.01429999992251396
 3472      1.008000016212463     0.1134999990463257
 3473      1.008000016212463     0.1134999990463257
 3474      14.01000022888184    -0.3853999972343445
 3475      1.008000016212463     0.3400000035762787
 3476      1.008000016212463     0.3400000035762787
 3477      1.008000016212463     0.3400000035762787
 3478      12.01000022888184     0.7340999841690063
 3479                     16    -0.5893999934196472
 3480      14.01000022888184    -0.4156999886035919
 3481      1.008000016212463     0.2718999981880188
 3482      12.01000022888184    0.03370000049471855
 3483      1.008000016212463    0.08229999989271164
 3484      12.01000022888184    -0.1825000047683716
 3485      1.008000016212463    0.06030000001192093
 3486      1.008000016212463    0.06030000001192093
 3487      1.008000016212463    0.06030000001192093
 3488      12.01000022888184     0.5972999930381775
 3489                     16    -0.5679000020027161
 3490      14.01000022888184    -0.4156999886035919
 3491      1.008000016212463     0.2718999981880188
 3492      12.01000022888184    0.03370000049471855
 3493      1.008000016212463    0.08229999989271164
 3494      12.01000022888184    -0.1825000047683716
 3495      1.008000016212463    0.06030000001192093
 3496      1.008000016212463    0.06030000001192093
 3497      1.008000016212463    0.06030000001192093
 3498      12.01000022888184     0.5972999930381775
 3499                     16    -0.5679000020027161
 3500      14.01000022888184    -0.4156999886035919
 3501      1.008000016212463     0.2718999981880188
 3502      12.01000022888184   -0.02520000003278255
 3503      1.008000016212463     0.0697999969124794
 3504      1.008000016212463     0.0697999969124794
 3505      12.01000022888184     0.5972999930381775
 3506                     16    -0.5679000020027161
 3507      14.01000022888184    -0.4156999886035919
 3508      1.008000016212463     0.2718999981880188
 3509      12.01000022888184   -0.05180000141263008
 3510      1.008000016212463    0.09220000356435776
 3511      12.01000022888184    -0.1102000027894974
 3512      1.008000016212463    0.04569999873638153
 3513      1.008000016212463    0.04569999873638153
 3514      12.01000022888184     0.3531000018119812
 3515      1.008000016212463   -0.03610000014305115
 3516      12.01000022888184    -0.4120999872684479
 3517      1.008000016212463     0.1000000014901161
 3518      1.008000016212463     0.1000000014901161
 3519      1.008000016212463     0.1000000014901161
 3520      12.01000022888184    -0.4120999872684479
 3521      1.008000016212463     0.1000000014901161
 3522      1.008000016212463     0.1000000014901161
 3523      1.008000016212463     0.1000000014901161
 3524      12.01000022888184     0.5972999930381775
 3525                     16    -0.5679000020027161
 3526      14.01000022888184    -0.4156999886035919
 3527      1.008000016212463     0.2718999981880188
 3528      12.01000022888184   -0.05970000103116035
 3529      1.008000016212463     0.0869000032544136
 3530      12.01000022888184     0.1303000003099442
 3531      1.008000016212463     0.0186999998986721
 3532      12.01000022888184    -0.3203999996185303
 3533      1.008000016212463    0.08820000290870667
 3534      1.008000016212463    0.08820000290870667
 3535      1.008000016212463    0.08820000290870667
 3536      12.01000022888184    -0.0430000014603138
 3537      1.008000016212463    0.02360000088810921
 3538      1.008000016212463    0.02360000088810921
 3539      12.01000022888184   -0.06599999964237213
 3540      1.008000016212463    0.01860000006854534
 3541      1.008000016212463    0.01860000006854534
 3542      1.008000016212463    0.01860000006854534
 3543      12.01000022888184     0.5972999930381775
 3544                     16    -0.5679000020027161
 3545      14.01000022888184    -0.2547999918460846
 3546      12.01000022888184    0.01920000091195107
 3547      1.008000016212463    0.03909999877214432
 3548      1.008000016212463    0.03909999877214432
 3549      12.01000022888184    0.01889999955892563
 3550      1.008000016212463    0.02129999920725822
 3551      1.008000016212463    0.02129999920725822
 3552      12.01000022888184  -0.007000000216066837
 3553      1.008000016212463    0.02529999986290932
 3554      1.008000016212463    0.02529999986290932
 3555      12.01000022888184   -0.02659999951720238
 3556      1.008000016212463     0.0640999972820282
 3557      12.01000022888184     0.5896000266075134
 3558                     16    -0.5748000144958496
 3559      14.01000022888184    -0.4156999886035919
 3560      1.008000016212463     0.2718999981880188
 3561      12.01000022888184  -0.002400000113993883
 3562      1.008000016212463    0.09780000150203705
 3563      12.01000022888184   -0.03429999947547913
 3564      1.008000016212463    0.02950000017881393
 3565      1.008000016212463    0.02950000017881393
 3566      12.01000022888184     0.0118000004440546
 3567      12.01000022888184    -0.1255999952554703
 3568      1.008000016212463     0.1330000013113022
 3569      12.01000022888184    -0.1703999936580658
 3570      1.008000016212463     0.1430000066757202
 3571      12.01000022888184    -0.1071999967098236
 3572      1.008000016212463     0.1297000050544739
 3573      12.01000022888184    -0.1703999936580658
 3574      1.008000016212463     0.1430000066757202
 3575      12.01000022888184    -0.1255999952554703
 3576      1.008000016212463     0.1330000013113022
 3577      12.01000022888184     0.5972999930381775
 3578                     16    -0.5679000020027161
 3579      14.01000022888184    -0.4156999886035919
 3580      1.008000016212463     0.2718999981880188
 3581      12.01000022888184  -0.002400000113993883
 3582      1.008000016212463    0.09780000150203705
 3583      12.01000022888184   -0.03429999947547913
 3584      1.008000016212463    0.02950000017881393
 3585      1.008000016212463    0.02950000017881393
 3586      12.01000022888184     0.0118000004440546
 3587      12.01000022888184    -0.1255999952554703
 3588      1.008000016212463     0.1330000013113022
 3589      12.01000022888184    -0.1703999936580658
 3590      1.008000016212463     0.1430000066757202
 3591      12.01000022888184    -0.1071999967098236
 3592      1.008000016212463     0.1297000050544739
 3593      12.01000022888184    -0.1703999936580658
 3594      1.008000016212463     0.1430000066757202
 3595      12.01000022888184    -0.1255999952554703
 3596      1.008000016212463     0.1330000013113022
 3597      12.01000022888184     0.5972999930381775
 3598                     16    -0.5679000020027161
 3599      14.01000022888184    -0.4156999886035919
 3600      1.008000016212463     0.2718999981880188
 3601      12.01000022888184   -0.02370000071823597
 3602      1.008000016212463    0.08799999952316284
 3603      12.01000022888184    0.03420000150799751
 3604      1.008000016212463    0.02410000003874302
 3605      1.008000016212463    0.02410000003874302
 3606      12.01000022888184   0.001799999969080091
 3607      1.008000016212463    0.04399999976158142
 3608      1.008000016212463    0.04399999976158142
 3609      32.06000137329102    -0.2736999988555908
 3610      12.01000022888184    -0.0535999983549118
 3611      1.008000016212463    0.06840000301599503
 3612      1.008000016212463    0.06840000301599503
 3613      1.008000016212463    0.06840000301599503
 3614      12.01000022888184     0.5972999930381775
 3615                     16    -0.5679000020027161
 3616      14.01000022888184    -0.4156999886035919
 3617      1.008000016212463     0.2718999981880188
 3618      12.01000022888184   -0.08749999850988388
 3619      1.008000016212463    0.09690000116825104
 3620      12.01000022888184     0.2985000014305115
 3621      1.008000016212463   -0.02969999983906746
 3622      12.01000022888184    -0.3192000091075897
 3623      1.008000016212463    0.07909999787807465
 3624      1.008000016212463    0.07909999787807465
 3625      1.008000016212463    0.07909999787807465
 3626      12.01000022888184    -0.3192000091075897
 3627      1.008000016212463    0.07909999787807465
 3628      1.008000016212463    0.07909999787807465
 3629      1.008000016212463    0.07909999787807465
 3630      12.01000022888184     0.5972999930381775
 3631                     16    -0.5679000020027161
 3632      14.01000022888184    -0.4156999886035919
 3633      1.008000016212463     0.2718999981880188
 3634      12.01000022888184    0.03370000049471855
 3635      1.008000016212463    0.08229999989271164
 3636      12.01000022888184    -0.1825000047683716
 3637      1.008000016212463    0.06030000001192093
 3638      1.008000016212463    0.06030000001192093
 3639      1.008000016212463    0.06030000001192093
 3640      12.01000022888184     0.5972999930381775
 3641                     16    -0.5679000020027161
 3642      14.01000022888184    -0.4156999886035919
 3643      1.008000016212463     0.2718999981880188
 3644      12.01000022888184   -0.03889999911189079
 3645      1.008000016212463     0.1006999984383583
 3646      12.01000022888184     0.3653999865055084
 3647      1.008000016212463    0.00430000014603138
 3648      12.01000022888184    -0.2437999993562698
 3649      1.008000016212463    0.06419999897480011
 3650      1.008000016212463    0.06419999897480011
 3651      1.008000016212463    0.06419999897480011
 3652                     16    -0.6761000156402588
 3653      1.008000016212463     0.4101999998092651
 3654      12.01000022888184     0.5972999930381775
 3655                     16    -0.5679000020027161
 3656      14.01000022888184    -0.4156999886035919
 3657      1.008000016212463     0.2718999981880188
 3658      12.01000022888184   -0.05180000141263008
 3659      1.008000016212463    0.09220000356435776
 3660      12.01000022888184    -0.1102000027894974
 3661      1.008000016212463    0.04569999873638153
 3662      1.008000016212463    0.04569999873638153
 3663      12.01000022888184     0.3531000018119812
 3664      1.008000016212463   -0.03610000014305115
 3665      12.01000022888184    -0.4120999872684479
 3666      1.008000016212463     0.1000000014901161
 3667      1.008000016212463     0.1000000014901161
 3668      1.008000016212463     0.1000000014901161
 3669      12.01000022888184    -0.4120999872684479
 3670      1.008000016212463     0.1000000014901161
 3671      1.008000016212463     0.1000000014901161
 3672      1.008000016212463     0.1000000014901161
 3673      12.01000022888184     0.5972999930381775
 3674                     16    -0.5679000020027161
 3675      14.01000022888184    -0.4156999886035919
 3676      1.008000016212463     0.2718999981880188
 3677      12.01000022888184   -0.02520000003278255
 3678      1.008000016212463     0.0697999969124794
 3679      1.008000016212463     0.0697999969124794
 3680      12.01000022888184     0.5972999930381775
 3681                     16    -0.5679000020027161
 3682      14.01000022888184    -0.4156999886035919
 3683      1.008000016212463     0.2718999981880188
 3684      12.01000022888184   -0.03889999911189079
 3685      1.008000016212463     0.1006999984383583
 3686      12.01000022888184     0.3653999865055084
 3687      1.008000016212463    0.00430000014603138
 3688      12.01000022888184    -0.2437999993562698
 3689      1.008000016212463    0.06419999897480011
 3690      1.008000016212463    0.06419999897480011
 3691      1.008000016212463    0.06419999897480011
 3692                     16    -0.6761000156402588
 3693      1.008000016212463     0.4101999998092651
 3694      12.01000022888184     0.5972999930381775
 3695                     16    -0.5679000020027161
 3696      14.01000022888184    -0.4156999886035919
 3697      1.008000016212463     0.2718999981880188
 3698      12.01000022888184   -0.03889999911189079
 3699      1.008000016212463     0.1006999984383583
 3700      12.01000022888184     0.3653999865055084
 3701      1.008000016212463    0.00430000014603138
 3702      12.01000022888184    -0.2437999993562698
 3703      1.008000016212463    0.06419999897480011
 3704      1.008000016212463    0.06419999897480011
 3705      1.008000016212463    0.06419999897480011
 3706                     16    -0.6761000156402588
 3707      1.008000016212463     0.4101999998092651
 3708      12.01000022888184     0.5972999930381775
 3709                     16    -0.5679000020027161
 3710      14.01000022888184    -0.4156999886035919
 3711      1.008000016212463     0.2718999981880188
 3712      12.01000022888184   -0.03889999911189079
 3713      1.008000016212463     0.1006999984383583
 3714      12.01000022888184     0.3653999865055084
 3715      1.008000016212463    0.00430000014603138
 3716      12.01000022888184    -0.2437999993562698
 3717      1.008000016212463    0.06419999897480011
 3718      1.008000016212463    0.06419999897480011
 3719      1.008000016212463    0.06419999897480011
 3720                     16    -0.6761000156402588
 3721      1.008000016212463     0.4101999998092651
 3722      12.01000022888184     0.5972999930381775
 3723                     16    -0.5679000020027161
 3724      14.01000022888184    -0.4156999886035919
 3725      1.008000016212463     0.2718999981880188
 3726      12.01000022888184    0.02129999920725822
 3727      1.008000016212463     0.1124000027775764
 3728      12.01000022888184    -0.1230999976396561
 3729      1.008000016212463     0.1111999973654747
 3730      1.008000016212463     0.1111999973654747
 3731      32.06000137329102    -0.3118999898433685
 3732      1.008000016212463     0.1932999938726425
 3733      12.01000022888184     0.5972999930381775
 3734                     16    -0.5679000020027161
 3735      14.01000022888184    -0.4156999886035919
 3736      1.008000016212463     0.2718999981880188
 3737      12.01000022888184    0.02129999920725822
 3738      1.008000016212463     0.1124000027775764
 3739      12.01000022888184    -0.1230999976396561
 3740      1.008000016212463     0.1111999973654747
 3741      1.008000016212463     0.1111999973654747
 3742      32.06000137329102    -0.3118999898433685
 3743      1.008000016212463     0.1932999938726425
 3744      12.01000022888184     0.5972999930381775
 3745                     16    -0.5679000020027161
 3746      14.01000022888184    -0.4156999886035919
 3747      1.008000016212463     0.2718999981880188
 3748      12.01000022888184   -0.02490000054240227
 3749      1.008000016212463    0.08429999649524689
 3750      12.01000022888184     0.2117000073194504
 3751      1.008000016212463    0.03519999980926514
 3752      1.008000016212463    0.03519999980926514
 3753                     16    -0.6546000242233276
 3754      1.008000016212463     0.4275000095367432
 3755      12.01000022888184     0.5972999930381775
 3756                     16    -0.5679000020027161
 3757      14.01000022888184    -0.4156999886035919
 3758      1.008000016212463     0.2718999981880188
 3759      12.01000022888184  -0.002400000113993883
 3760      1.008000016212463    0.09780000150203705
 3761      12.01000022888184   -0.03429999947547913
 3762      1.008000016212463    0.02950000017881393
 3763      1.008000016212463    0.02950000017881393
 3764      12.01000022888184     0.0118000004440546
 3765      12.01000022888184    -0.1255999952554703
 3766      1.008000016212463     0.1330000013113022
 3767      12.01000022888184    -0.1703999936580658
 3768      1.008000016212463     0.1430000066757202
 3769      12.01000022888184    -0.1071999967098236
 3770      1.008000016212463     0.1297000050544739
 3771      12.01000022888184    -0.1703999936580658
 3772      1.008000016212463     0.1430000066757202
 3773      12.01000022888184    -0.1255999952554703
 3774      1.008000016212463     0.1330000013113022
 3775      12.01000022888184     0.5972999930381775
 3776                     16    -0.5679000020027161
 3777      14.01000022888184    -0.5163000226020813
 3778      1.008000016212463     0.2935999929904938
 3779      12.01000022888184    0.03810000047087669
 3780      1.008000016212463    0.08799999952316284
 3781      12.01000022888184   -0.03030000068247318
 3782      1.008000016212463   -0.01219999976456165
 3783      1.008000016212463   -0.01219999976456165
 3784      12.01000022888184     0.7993999719619751
 3785                     16    -0.8014000058174133
 3786                     16    -0.8014000058174133
 3787      12.01000022888184     0.5365999937057495
 3788                     16    -0.5819000005722046
 3789      14.01000022888184    -0.4156999886035919
 3790      1.008000016212463     0.2718999981880188
 3791      12.01000022888184    0.01429999992251396
 3792      1.008000016212463     0.1048000007867813
 3793      12.01000022888184    -0.2040999978780746
 3794      1.008000016212463    0.07970000058412552
 3795      1.008000016212463    0.07970000058412552
 3796      12.01000022888184     0.7129999995231628
 3797                     16    -0.5931000113487244
 3798      14.01000022888184    -0.9190999865531921
 3799      1.008000016212463     0.4196000099182129
 3800      1.008000016212463     0.4196000099182129
 3801      12.01000022888184     0.5972999930381775
 3802                     16    -0.5679000020027161
 3803      14.01000022888184    -0.4156999886035919
 3804      1.008000016212463     0.2718999981880188
 3805      12.01000022888184   -0.05180000141263008
 3806      1.008000016212463    0.09220000356435776
 3807      12.01000022888184    -0.1102000027894974
 3808      1.008000016212463    0.04569999873638153
 3809      1.008000016212463    0.04569999873638153
 3810      12.01000022888184     0.3531000018119812
 3811      1.008000016212463   -0.03610000014305115
 3812      12.01000022888184    -0.4120999872684479
 3813      1.008000016212463     0.1000000014901161
 3814      1.008000016212463     0.1000000014901161
 3815      1.008000016212463     0.1000000014901161
 3816      12.01000022888184    -0.4120999872684479
 3817      1.008000016212463     0.1000000014901161
 3818      1.008000016212463     0.1000000014901161
 3819      1.008000016212463     0.1000000014901161
 3820      12.01000022888184     0.5972999930381775
 3821                     16    -0.5679000020027161
 3822      14.01000022888184    -0.4156999886035919
 3823      1.008000016212463     0.2718999981880188
 3824      12.01000022888184   -0.05180000141263008
 3825      1.008000016212463    0.09220000356435776
 3826      12.01000022888184    -0.1102000027894974
 3827      1.008000016212463    0.04569999873638153
 3828      1.008000016212463    0.04569999873638153
 3829      12.01000022888184     0.3531000018119812
 3830      1.008000016212463   -0.03610000014305115
 3831      12.01000022888184    -0.4120999872684479
 3832      1.008000016212463     0.1000000014901161
 3833      1.008000016212463     0.1000000014901161
 3834      1.008000016212463     0.1000000014901161
 3835      12.01000022888184    -0.4120999872684479
 3836      1.008000016212463     0.1000000014901161
 3837      1.008000016212463     0.1000000014901161
 3838      1.008000016212463     0.1000000014901161
 3839      12.01000022888184     0.5972999930381775
 3840                     16    -0.5679000020027161
 3841      14.01000022888184    -0.5163000226020813
 3842      1.008000016212463     0.2935999929904938
 3843      12.01000022888184    0.03970000147819519
 3844      1.008000016212463     0.1105000004172325
 3845      12.01000022888184     0.0560000017285347
 3846      1.008000016212463   -0.01730000041425228
 3847      1.008000016212463   -0.01730000041425228
 3848      12.01000022888184    0.01360000018030405
 3849      1.008000016212463   -0.04250000044703484
 3850      1.008000016212463   -0.04250000044703484
 3851      12.01000022888184      0.805400013923645
 3852                     16    -0.8187999725341797
 3853                     16    -0.8187999725341797
 3854      12.01000022888184     0.5365999937057495
 3855                     16    -0.5819000005722046
 3856      14.01000022888184    -0.4156999886035919
 3857      1.008000016212463     0.2718999981880188
 3858      12.01000022888184   -0.08749999850988388
 3859      1.008000016212463    0.09690000116825104
 3860      12.01000022888184     0.2985000014305115
 3861      1.008000016212463   -0.02969999983906746
 3862      12.01000022888184    -0.3192000091075897
 3863      1.008000016212463    0.07909999787807465
 3864      1.008000016212463    0.07909999787807465
 3865      1.008000016212463    0.07909999787807465
 3866      12.01000022888184    -0.3192000091075897
 3867      1.008000016212463    0.07909999787807465
 3868      1.008000016212463    0.07909999787807465
 3869      1.008000016212463    0.07909999787807465
 3870      12.01000022888184     0.5972999930381775
 3871                     16    -0.5679000020027161
 3872      14.01000022888184    -0.4156999886035919
 3873      1.008000016212463     0.2718999981880188
 3874      12.01000022888184   -0.02520000003278255
 3875      1.008000016212463     0.0697999969124794
 3876      1.008000016212463     0.0697999969124794
 3877      12.01000022888184     0.5972999930381775
 3878                     16    -0.5679000020027161
 3879      14.01000022888184    -0.2547999918460846
 3880      12.01000022888184    0.01920000091195107
 3881      1.008000016212463    0.03909999877214432
 3882      1.008000016212463    0.03909999877214432
 3883      12.01000022888184    0.01889999955892563
 3884      1.008000016212463    0.02129999920725822
 3885      1.008000016212463    0.02129999920725822
 3886      12.01000022888184  -0.007000000216066837
 3887      1.008000016212463    0.02529999986290932
 3888      1.008000016212463    0.02529999986290932
 3889      12.01000022888184   -0.02659999951720238
 3890      1.008000016212463     0.0640999972820282
 3891      12.01000022888184     0.5896000266075134
 3892                     16    -0.5748000144958496
 3893      14.01000022888184    -0.4156999886035919
 3894      1.008000016212463     0.2718999981880188
 3895      12.01000022888184   -0.05970000103116035
 3896      1.008000016212463     0.0869000032544136
 3897      12.01000022888184     0.1303000003099442
 3898      1.008000016212463     0.0186999998986721
 3899      12.01000022888184    -0.3203999996185303
 3900      1.008000016212463    0.08820000290870667
 3901      1.008000016212463    0.08820000290870667
 3902      1.008000016212463    0.08820000290870667
 3903      12.01000022888184    -0.0430000014603138
 3904      1.008000016212463    0.02360000088810921
 3905      1.008000016212463    0.02360000088810921
 3906      12.01000022888184   -0.06599999964237213
 3907      1.008000016212463    0.01860000006854534
 3908      1.008000016212463    0.01860000006854534
 3909      1.008000016212463    0.01860000006854534
 3910      12.01000022888184     0.5972999930381775
 3911                     16    -0.5679000020027161
 3912      14.01000022888184    -0.4156999886035919
 3913      1.008000016212463     0.2718999981880188
 3914      12.01000022888184    0.02129999920725822
 3915      1.008000016212463     0.1124000027775764
 3916      12.01000022888184    -0.1230999976396561
 3917      1.008000016212463     0.1111999973654747
 3918      1.008000016212463     0.1111999973654747
 3919      32.06000137329102    -0.3118999898433685
 3920      1.008000016212463     0.1932999938726425
 3921      12.01000022888184     0.5972999930381775
 3922                     16    -0.5679000020027161
 3923      14.01000022888184    -0.4156999886035919
 3924      1.008000016212463     0.2718999981880188
 3925      12.01000022888184    0.01429999992251396
 3926      1.008000016212463     0.1048000007867813
 3927      12.01000022888184    -0.2040999978780746
 3928      1.008000016212463    0.07970000058412552
 3929      1.008000016212463    0.07970000058412552
 3930      12.01000022888184     0.7129999995231628
 3931                     16    -0.5931000113487244
 3932      14.01000022888184    -0.9190999865531921
 3933      1.008000016212463     0.4196000099182129
 3934      1.008000016212463     0.4196000099182129
 3935      12.01000022888184     0.5972999930381775
 3936                     16    -0.5679000020027161
 3937      14.01000022888184     -0.347900003194809
 3938      1.008000016212463     0.2746999859809875
 3939      12.01000022888184     -0.239999994635582
 3940      1.008000016212463     0.1425999999046326
 3941      12.01000022888184  -0.009399999864399433
 3942      1.008000016212463    0.03620000183582306
 3943      1.008000016212463    0.03620000183582306
 3944      12.01000022888184     0.0186999998986721
 3945      1.008000016212463    0.01030000019818544
 3946      1.008000016212463    0.01030000019818544
 3947      12.01000022888184    -0.0478999987244606
 3948      1.008000016212463    0.06210000067949295
 3949      1.008000016212463    0.06210000067949295
 3950      12.01000022888184   -0.01429999992251396
 3951      1.008000016212463     0.1134999990463257
 3952      1.008000016212463     0.1134999990463257
 3953      14.01000022888184    -0.3853999972343445
 3954      1.008000016212463     0.3400000035762787
 3955      1.008000016212463     0.3400000035762787
 3956      1.008000016212463     0.3400000035762787
 3957      12.01000022888184     0.7340999841690063
 3958                     16    -0.5893999934196472
 3959      14.01000022888184    -0.5163000226020813
 3960      1.008000016212463     0.2935999929904938
 3961      12.01000022888184    0.03970000147819519
 3962      1.008000016212463     0.1105000004172325
 3963      12.01000022888184     0.0560000017285347
 3964      1.008000016212463   -0.01730000041425228
 3965      1.008000016212463   -0.01730000041425228
 3966      12.01000022888184    0.01360000018030405
 3967      1.008000016212463   -0.04250000044703484
 3968      1.008000016212463   -0.04250000044703484
 3969      12.01000022888184      0.805400013923645
 3970                     16    -0.8187999725341797
 3971                     16    -0.8187999725341797
 3972      12.01000022888184     0.5365999937057495
 3973                     16    -0.5819000005722046
 3974      14.01000022888184    -0.5163000226020813
 3975      1.008000016212463     0.2935999929904938
 3976      12.01000022888184    0.03810000047087669
 3977      1.008000016212463    0.08799999952316284
 3978      12.01000022888184   -0.03030000068247318
 3979      1.008000016212463   -0.01219999976456165
 3980      1.008000016212463   -0.01219999976456165
 3981      12.01000022888184     0.7993999719619751
 3982                     16    -0.8014000058174133
 3983                     16    -0.8014000058174133
 3984      12.01000022888184     0.5365999937057495
 3985                     16    -0.5819000005722046
 3986      14.01000022888184    -0.4156999886035919
 3987      1.008000016212463     0.2718999981880188
 3988      12.01000022888184   -0.05970000103116035
 3989      1.008000016212463     0.0869000032544136
 3990      12.01000022888184     0.1303000003099442
 3991      1.008000016212463     0.0186999998986721
 3992      12.01000022888184    -0.3203999996185303
 3993      1.008000016212463    0.08820000290870667
 3994      1.008000016212463    0.08820000290870667
 3995      1.008000016212463    0.08820000290870667
 3996      12.01000022888184    -0.0430000014603138
 3997      1.008000016212463    0.02360000088810921
 3998      1.008000016212463    0.02360000088810921
 3999      12.01000022888184   -0.06599999964237213
 4000      1.008000016212463    0.01860000006854534
 4001      1.008000016212463    0.01860000006854534
 4002      1.008000016212463    0.01860000006854534
 4003      12.01000022888184     0.5972999930381775
 4004                     16    -0.5679000020027161
 4005      14.01000022888184    -0.4156999886035919
 4006      1.008000016212463     0.2718999981880188
 4007      12.01000022888184   -0.02749999985098839
 4008      1.008000016212463     0.1123000010848045
 4009      12.01000022888184  -0.004999999888241291
 4010      1.008000016212463    0.03390000015497208
 4011      1.008000016212463    0.03390000015497208
 4012      12.01000022888184    -0.1414999961853027
 4013      12.01000022888184    -0.1638000011444092
 4014      1.008000016212463     0.2062000036239624
 4015      14.01000022888184    -0.3418000042438507
 4016      1.008000016212463     0.3411999940872192
 4017      12.01000022888184     0.1379999965429306
 4018      12.01000022888184    -0.2601000070571899
 4019      1.008000016212463     0.1571999937295914
 4020      12.01000022888184    -0.1133999973535538
 4021      1.008000016212463     0.1416999995708466
 4022      12.01000022888184    -0.1972000002861023
 4023      1.008000016212463     0.1447000056505203
 4024      12.01000022888184    -0.2387000024318695
 4025      1.008000016212463     0.1700000017881393
 4026      12.01000022888184     0.1243000030517578
 4027      12.01000022888184     0.5972999930381775
 4028                     16    -0.5679000020027161
 4029      14.01000022888184    -0.4156999886035919
 4030      1.008000016212463     0.2718999981880188
 4031      12.01000022888184   -0.05180000141263008
 4032      1.008000016212463    0.09220000356435776
 4033      12.01000022888184    -0.1102000027894974
 4034      1.008000016212463    0.04569999873638153
 4035      1.008000016212463    0.04569999873638153
 4036      12.01000022888184     0.3531000018119812
 4037      1.008000016212463   -0.03610000014305115
 4038      12.01000022888184    -0.4120999872684479
 4039      1.008000016212463     0.1000000014901161
 4040      1.008000016212463     0.1000000014901161
 4041      1.008000016212463     0.1000000014901161
 4042      12.01000022888184    -0.4120999872684479
 4043      1.008000016212463     0.1000000014901161
 4044      1.008000016212463     0.1000000014901161
 4045      1.008000016212463     0.1000000014901161
 4046      12.01000022888184     0.5972999930381775
 4047                     16    -0.5679000020027161
 4048      14.01000022888184    -0.4156999886035919
 4049      1.008000016212463     0.2718999981880188
 4050      12.01000022888184   -0.05810000002384186
 4051      1.008000016212463      0.136000007390976
 4052      12.01000022888184  -0.007400000002235174
 4053      1.008000016212463    0.03669999912381172
 4054      1.008000016212463    0.03669999912381172
 4055      12.01000022888184     0.1868000030517578
 4056      14.01000022888184    -0.5432000160217285
 4057      12.01000022888184     0.1634999960660934
 4058      1.008000016212463     0.1435000002384186
 4059      14.01000022888184    -0.2795000076293945
 4060      1.008000016212463     0.3339000046253204
 4061      12.01000022888184    -0.2206999957561493
 4062      1.008000016212463     0.1861999928951263
 4063      12.01000022888184     0.5972999930381775
 4064                     16    -0.5679000020027161
 4065      14.01000022888184    -0.4156999886035919
 4066      1.008000016212463     0.2718999981880188
 4067      12.01000022888184   -0.08749999850988388
 4068      1.008000016212463    0.09690000116825104
 4069      12.01000022888184     0.2985000014305115
 4070      1.008000016212463   -0.02969999983906746
 4071      12.01000022888184    -0.3192000091075897
 4072      1.008000016212463    0.07909999787807465
 4073      1.008000016212463    0.07909999787807465
 4074      1.008000016212463    0.07909999787807465
 4075      12.01000022888184    -0.3192000091075897
 4076      1.008000016212463    0.07909999787807465
 4077      1.008000016212463    0.07909999787807465
 4078      1.008000016212463    0.07909999787807465
 4079      12.01000022888184     0.5972999930381775
 4080                     16    -0.5679000020027161
 4081      14.01000022888184    -0.5163000226020813
 4082      1.008000016212463     0.2935999929904938
 4083      12.01000022888184    0.03810000047087669
 4084      1.008000016212463    0.08799999952316284
 4085      12.01000022888184   -0.03030000068247318
 4086      1.008000016212463   -0.01219999976456165
 4087      1.008000016212463   -0.01219999976456165
 4088      12.01000022888184     0.7993999719619751
 4089                     16    -0.8014000058174133
 4090                     16    -0.8014000058174133
 4091      12.01000022888184     0.5365999937057495
 4092                     16    -0.5819000005722046
 4093      14.01000022888184    -0.4156999886035919
 4094      1.008000016212463     0.2718999981880188
 4095      12.01000022888184    0.03370000049471855
 4096      1.008000016212463    0.08229999989271164
 4097      12.01000022888184    -0.1825000047683716
 4098      1.008000016212463    0.06030000001192093
 4099      1.008000016212463    0.06030000001192093
 4100      1.008000016212463    0.06030000001192093
 4101      12.01000022888184     0.5972999930381775
 4102                     16    -0.5679000020027161
 4103      14.01000022888184    -0.4156999886035919
 4104      1.008000016212463     0.2718999981880188
 4105      12.01000022888184    0.03370000049471855
 4106      1.008000016212463    0.08229999989271164
 4107      12.01000022888184    -0.1825000047683716
 4108      1.008000016212463    0.06030000001192093
 4109      1.008000016212463    0.06030000001192093
 4110      1.008000016212463    0.06030000001192093
 4111      12.01000022888184     0.5972999930381775
 4112                     16    -0.5679000020027161
 4113      14.01000022888184    -0.4156999886035919
 4114      1.008000016212463     0.2718999981880188
 4115      12.01000022888184   -0.00139999995008111
 4116      1.008000016212463    0.08760000020265579
 4117      12.01000022888184   -0.01520000025629997
 4118      1.008000016212463    0.02950000017881393
 4119      1.008000016212463    0.02950000017881393
 4120      12.01000022888184  -0.001099999994039536
 4121      12.01000022888184    -0.1905999928712845
 4122      1.008000016212463     0.1699000000953674
 4123      12.01000022888184    -0.2340999990701675
 4124      1.008000016212463     0.1656000018119812
 4125      12.01000022888184     0.3226000070571899
 4126                     16    -0.5579000115394592
 4127      1.008000016212463     0.3991999924182892
 4128      12.01000022888184    -0.2340999990701675
 4129      1.008000016212463     0.1656000018119812
 4130      12.01000022888184    -0.1905999928712845
 4131      1.008000016212463     0.1699000000953674
 4132      12.01000022888184     0.5972999930381775
 4133                     16    -0.5679000020027161
 4134      14.01000022888184    -0.4156999886035919
 4135      1.008000016212463     0.2718999981880188
 4136      12.01000022888184    0.03370000049471855
 4137      1.008000016212463    0.08229999989271164
 4138      12.01000022888184    -0.1825000047683716
 4139      1.008000016212463    0.06030000001192093
 4140      1.008000016212463    0.06030000001192093
 4141      1.008000016212463    0.06030000001192093
 4142      12.01000022888184     0.5972999930381775
 4143                     16    -0.5679000020027161
 4144      14.01000022888184    -0.4156999886035919
 4145      1.008000016212463     0.2718999981880188
 4146      12.01000022888184   -0.02520000003278255
 4147      1.008000016212463     0.0697999969124794
 4148      1.008000016212463     0.0697999969124794
 4149      12.01000022888184     0.5972999930381775
 4150                     16    -0.5679000020027161
 4151      14.01000022888184    -0.4156999886035919
 4152      1.008000016212463     0.2718999981880188
 4153      12.01000022888184   -0.02490000054240227
 4154      1.008000016212463    0.08429999649524689
 4155      12.01000022888184     0.2117000073194504
 4156      1.008000016212463    0.03519999980926514
 4157      1.008000016212463    0.03519999980926514
 4158                     16    -0.6546000242233276
 4159      1.008000016212463     0.4275000095367432
 4160      12.01000022888184     0.5972999930381775
 4161                     16    -0.5679000020027161
 4162      14.01000022888184    -0.4156999886035919
 4163      1.008000016212463     0.2718999981880188
 4164      12.01000022888184    0.03370000049471855
 4165      1.008000016212463    0.08229999989271164
 4166      12.01000022888184    -0.1825000047683716
 4167      1.008000016212463    0.06030000001192093
 4168      1.008000016212463    0.06030000001192093
 4169      1.008000016212463    0.06030000001192093
 4170      12.01000022888184     0.5972999930381775
 4171                     16    -0.5679000020027161
 4172      14.01000022888184    -0.4156999886035919
 4173      1.008000016212463     0.2718999981880188
 4174      12.01000022888184  -0.002400000113993883
 4175      1.008000016212463    0.09780000150203705
 4176      12.01000022888184   -0.03429999947547913
 4177      1.008000016212463    0.02950000017881393
 4178      1.008000016212463    0.02950000017881393
 4179      12.01000022888184     0.0118000004440546
 4180      12.01000022888184    -0.1255999952554703
 4181      1.008000016212463     0.1330000013113022
 4182      12.01000022888184    -0.1703999936580658
 4183      1.008000016212463     0.1430000066757202
 4184      12.01000022888184    -0.1071999967098236
 4185      1.008000016212463     0.1297000050544739
 4186      12.01000022888184    -0.1703999936580658
 4187      1.008000016212463     0.1430000066757202
 4188      12.01000022888184    -0.1255999952554703
 4189      1.008000016212463     0.1330000013113022
 4190      12.01000022888184     0.5972999930381775
 4191                     16    -0.5679000020027161
 4192      14.01000022888184    -0.4156999886035919
 4193      1.008000016212463     0.2718999981880188
 4194      12.01000022888184   -0.05970000103116035
 4195      1.008000016212463     0.0869000032544136
 4196      12.01000022888184     0.1303000003099442
 4197      1.008000016212463     0.0186999998986721
 4198      12.01000022888184    -0.3203999996185303
 4199      1.008000016212463    0.08820000290870667
 4200      1.008000016212463    0.08820000290870667
 4201      1.008000016212463    0.08820000290870667
 4202      12.01000022888184    -0.0430000014603138
 4203      1.008000016212463    0.02360000088810921
 4204      1.008000016212463    0.02360000088810921
 4205      12.01000022888184   -0.06599999964237213
 4206      1.008000016212463    0.01860000006854534
 4207      1.008000016212463    0.01860000006854534
 4208      1.008000016212463    0.01860000006854534
 4209      12.01000022888184     0.5972999930381775
 4210                     16    -0.5679000020027161
 4211      14.01000022888184    -0.4156999886035919
 4212      1.008000016212463     0.2718999981880188
 4213      12.01000022888184    0.02129999920725822
 4214      1.008000016212463     0.1124000027775764
 4215      12.01000022888184    -0.1230999976396561
 4216      1.008000016212463     0.1111999973654747
 4217      1.008000016212463     0.1111999973654747
 4218      32.06000137329102    -0.3118999898433685
 4219      1.008000016212463     0.1932999938726425
 4220      12.01000022888184     0.5972999930381775
 4221                     16    -0.5679000020027161
 4222      14.01000022888184    -0.2547999918460846
 4223      12.01000022888184    0.01920000091195107
 4224      1.008000016212463    0.03909999877214432
 4225      1.008000016212463    0.03909999877214432
 4226      12.01000022888184    0.01889999955892563
 4227      1.008000016212463    0.02129999920725822
 4228      1.008000016212463    0.02129999920725822
 4229      12.01000022888184  -0.007000000216066837
 4230      1.008000016212463    0.02529999986290932
 4231      1.008000016212463    0.02529999986290932
 4232      12.01000022888184   -0.02659999951720238
 4233      1.008000016212463     0.0640999972820282
 4234      12.01000022888184     0.5896000266075134
 4235                     16    -0.5748000144958496
 4236      14.01000022888184    -0.5163000226020813
 4237      1.008000016212463     0.2935999929904938
 4238      12.01000022888184    0.03970000147819519
 4239      1.008000016212463     0.1105000004172325
 4240      12.01000022888184     0.0560000017285347
 4241      1.008000016212463   -0.01730000041425228
 4242      1.008000016212463   -0.01730000041425228
 4243      12.01000022888184    0.01360000018030405
 4244      1.008000016212463   -0.04250000044703484
 4245      1.008000016212463   -0.04250000044703484
 4246      12.01000022888184      0.805400013923645
 4247                     16    -0.8187999725341797
 4248                     16    -0.8187999725341797
 4249      12.01000022888184     0.5365999937057495
 4250                     16    -0.5819000005722046
 4251      14.01000022888184    -0.4156999886035919
 4252      1.008000016212463     0.2718999981880188
 4253      12.01000022888184  -0.002400000113993883
 4254      1.008000016212463    0.09780000150203705
 4255      12.01000022888184   -0.03429999947547913
 4256      1.008000016212463    0.02950000017881393
 4257      1.008000016212463    0.02950000017881393
 4258      12.01000022888184     0.0118000004440546
 4259      12.01000022888184    -0.1255999952554703
 4260      1.008000016212463     0.1330000013113022
 4261      12.01000022888184    -0.1703999936580658
 4262      1.008000016212463     0.1430000066757202
 4263      12.01000022888184    -0.1071999967098236
 4264      1.008000016212463     0.1297000050544739
 4265      12.01000022888184    -0.1703999936580658
 4266      1.008000016212463     0.1430000066757202
 4267      12.01000022888184    -0.1255999952554703
 4268      1.008000016212463     0.1330000013113022
 4269      12.01000022888184     0.5972999930381775
 4270                     16    -0.5679000020027161
 4271      14.01000022888184     -0.347900003194809
 4272      1.008000016212463     0.2746999859809875
 4273      12.01000022888184     -0.263700008392334
 4274      1.008000016212463     0.1560000032186508
 4275      12.01000022888184  -0.000699999975040555
 4276      1.008000016212463    0.03269999846816063
 4277      1.008000016212463    0.03269999846816063
 4278      12.01000022888184     0.0390000008046627
 4279      1.008000016212463    0.02850000001490116
 4280      1.008000016212463    0.02850000001490116
 4281      12.01000022888184    0.04859999939799309
 4282      1.008000016212463    0.06870000064373016
 4283      1.008000016212463    0.06870000064373016
 4284      14.01000022888184    -0.5295000076293945
 4285      1.008000016212463     0.3456000089645386
 4286      12.01000022888184     0.8076000213623047
 4287      14.01000022888184    -0.8626999855041504
 4288      1.008000016212463     0.4478000104427338
 4289      1.008000016212463     0.4478000104427338
 4290      14.01000022888184    -0.8626999855041504
 4291      1.008000016212463     0.4478000104427338
 4292      1.008000016212463     0.4478000104427338
 4293      12.01000022888184     0.7340999841690063
 4294                     16    -0.5893999934196472
 4295      14.01000022888184    -0.4156999886035919
 4296      1.008000016212463     0.2718999981880188
 4297      12.01000022888184   -0.05810000002384186
 4298      1.008000016212463      0.136000007390976
 4299      12.01000022888184  -0.007400000002235174
 4300      1.008000016212463    0.03669999912381172
 4301      1.008000016212463    0.03669999912381172
 4302      12.01000022888184     0.1868000030517578
 4303      14.01000022888184    -0.5432000160217285
 4304      12.01000022888184     0.1634999960660934
 4305      1.008000016212463     0.1435000002384186
 4306      14.01000022888184    -0.2795000076293945
 4307      1.008000016212463     0.3339000046253204
 4308      12.01000022888184    -0.2206999957561493
 4309      1.008000016212463     0.1861999928951263
 4310      12.01000022888184     0.5972999930381775
 4311                     16    -0.5679000020027161
 4312      14.01000022888184    -0.4156999886035919
 4313      1.008000016212463     0.2718999981880188
 4314      12.01000022888184   -0.05180000141263008
 4315      1.008000016212463    0.09220000356435776
 4316      12.01000022888184    -0.1102000027894974
 4317      1.008000016212463    0.04569999873638153
 4318      1.008000016212463    0.04569999873638153
 4319      12.01000022888184     0.3531000018119812
 4320      1.008000016212463   -0.03610000014305115
 4321      12.01000022888184    -0.4120999872684479
 4322      1.008000016212463     0.1000000014901161
 4323      1.008000016212463     0.1000000014901161
 4324      1.008000016212463     0.1000000014901161
 4325      12.01000022888184    -0.4120999872684479
 4326      1.008000016212463     0.1000000014901161
 4327      1.008000016212463     0.1000000014901161
 4328      1.008000016212463     0.1000000014901161
 4329      12.01000022888184     0.5972999930381775
 4330                     16    -0.5679000020027161
 4331      14.01000022888184    -0.4156999886035919
 4332      1.008000016212463     0.2718999981880188
 4333      12.01000022888184   -0.05180000141263008
 4334      1.008000016212463    0.09220000356435776
 4335      12.01000022888184    -0.1102000027894974
 4336      1.008000016212463    0.04569999873638153
 4337      1.008000016212463    0.04569999873638153
 4338      12.01000022888184     0.3531000018119812
 4339      1.008000016212463   -0.03610000014305115
 4340      12.01000022888184    -0.4120999872684479
 4341      1.008000016212463     0.1000000014901161
 4342      1.008000016212463     0.1000000014901161
 4343      1.008000016212463     0.1000000014901161
 4344      12.01000022888184    -0.4120999872684479
 4345      1.008000016212463     0.1000000014901161
 4346      1.008000016212463     0.1000000014901161
 4347      1.008000016212463     0.1000000014901161
 4348      12.01000022888184     0.5972999930381775
 4349                     16    -0.5679000020027161
 4350      14.01000022888184    -0.4156999886035919
 4351      1.008000016212463     0.2718999981880188
 4352      12.01000022888184    0.01429999992251396
 4353      1.008000016212463     0.1048000007867813
 4354      12.01000022888184    -0.2040999978780746
 4355      1.008000016212463    0.07970000058412552
 4356      1.008000016212463    0.07970000058412552
 4357      12.01000022888184     0.7129999995231628
 4358                     16    -0.5931000113487244
 4359      14.01000022888184    -0.9190999865531921
 4360      1.008000016212463     0.4196000099182129
 4361      1.008000016212463     0.4196000099182129
 4362      12.01000022888184     0.5972999930381775
 4363                     16    -0.5679000020027161
 4364      14.01000022888184    -0.4156999886035919
 4365      1.008000016212463     0.2718999981880188
 4366      12.01000022888184   -0.02520000003278255
 4367      1.008000016212463     0.0697999969124794
 4368      1.008000016212463     0.0697999969124794
 4369      12.01000022888184     0.5972999930381775
 4370                     16    -0.5679000020027161
 4371      14.01000022888184    -0.4156999886035919
 4372      1.008000016212463     0.2718999981880188
 4373      12.01000022888184   -0.08749999850988388
 4374      1.008000016212463    0.09690000116825104
 4375      12.01000022888184     0.2985000014305115
 4376      1.008000016212463   -0.02969999983906746
 4377      12.01000022888184    -0.3192000091075897
 4378      1.008000016212463    0.07909999787807465
 4379      1.008000016212463    0.07909999787807465
 4380      1.008000016212463    0.07909999787807465
 4381      12.01000022888184    -0.3192000091075897
 4382      1.008000016212463    0.07909999787807465
 4383      1.008000016212463    0.07909999787807465
 4384      1.008000016212463    0.07909999787807465
 4385      12.01000022888184     0.5972999930381775
 4386                     16    -0.5679000020027161
 4387      14.01000022888184    -0.5163000226020813
 4388      1.008000016212463     0.2935999929904938
 4389      12.01000022888184    0.03970000147819519
 4390      1.008000016212463     0.1105000004172325
 4391      12.01000022888184     0.0560000017285347
 4392      1.008000016212463   -0.01730000041425228
 4393      1.008000016212463   -0.01730000041425228
 4394      12.01000022888184    0.01360000018030405
 4395      1.008000016212463   -0.04250000044703484
 4396      1.008000016212463   -0.04250000044703484
 4397      12.01000022888184      0.805400013923645
 4398                     16    -0.8187999725341797
 4399                     16    -0.8187999725341797
 4400      12.01000022888184     0.5365999937057495
 4401                     16    -0.5819000005722046
 4402      14.01000022888184    -0.4156999886035919
 4403      1.008000016212463     0.2718999981880188
 4404      12.01000022888184  -0.002400000113993883
 4405      1.008000016212463    0.09780000150203705
 4406      12.01000022888184   -0.03429999947547913
 4407      1.008000016212463    0.02950000017881393
 4408      1.008000016212463    0.02950000017881393
 4409      12.01000022888184     0.0118000004440546
 4410      12.01000022888184    -0.1255999952554703
 4411      1.008000016212463     0.1330000013113022
 4412      12.01000022888184    -0.1703999936580658
 4413      1.008000016212463     0.1430000066757202
 4414      12.01000022888184    -0.1071999967098236
 4415      1.008000016212463     0.1297000050544739
 4416      12.01000022888184    -0.1703999936580658
 4417      1.008000016212463     0.1430000066757202
 4418      12.01000022888184    -0.1255999952554703
 4419      1.008000016212463     0.1330000013113022
 4420      12.01000022888184     0.5972999930381775
 4421                     16    -0.5679000020027161
 4422      14.01000022888184    -0.4156999886035919
 4423      1.008000016212463     0.2718999981880188
 4424      12.01000022888184    0.03370000049471855
 4425      1.008000016212463    0.08229999989271164
 4426      12.01000022888184    -0.1825000047683716
 4427      1.008000016212463    0.06030000001192093
 4428      1.008000016212463    0.06030000001192093
 4429      1.008000016212463    0.06030000001192093
 4430      12.01000022888184     0.5972999930381775
 4431                     16    -0.5679000020027161
 4432      14.01000022888184    -0.5163000226020813
 4433      1.008000016212463     0.2935999929904938
 4434      12.01000022888184    0.03810000047087669
 4435      1.008000016212463    0.08799999952316284
 4436      12.01000022888184   -0.03030000068247318
 4437      1.008000016212463   -0.01219999976456165
 4438      1.008000016212463   -0.01219999976456165
 4439      12.01000022888184     0.7993999719619751
 4440                     16    -0.8014000058174133
 4441                     16    -0.8014000058174133
 4442      12.01000022888184     0.5365999937057495
 4443                     16    -0.5819000005722046
 4444      14.01000022888184    -0.4156999886035919
 4445      1.008000016212463     0.2718999981880188
 4446      12.01000022888184   -0.02490000054240227
 4447      1.008000016212463    0.08429999649524689
 4448      12.01000022888184     0.2117000073194504
 4449      1.008000016212463    0.03519999980926514
 4450      1.008000016212463    0.03519999980926514
 4451                     16    -0.6546000242233276
 4452      1.008000016212463     0.4275000095367432
 4453      12.01000022888184     0.5972999930381775
 4454                     16    -0.5679000020027161
 4455      14.01000022888184    -0.4156999886035919
 4456      1.008000016212463     0.2718999981880188
 4457      12.01000022888184  -0.002400000113993883
 4458      1.008000016212463    0.09780000150203705
 4459      12.01000022888184   -0.03429999947547913
 4460      1.008000016212463    0.02950000017881393
 4461      1.008000016212463    0.02950000017881393
 4462      12.01000022888184     0.0118000004440546
 4463      12.01000022888184    -0.1255999952554703
 4464      1.008000016212463     0.1330000013113022
 4465      12.01000022888184    -0.1703999936580658
 4466      1.008000016212463     0.1430000066757202
 4467      12.01000022888184    -0.1071999967098236
 4468      1.008000016212463     0.1297000050544739
 4469      12.01000022888184    -0.1703999936580658
 4470      1.008000016212463     0.1430000066757202
 4471      12.01000022888184    -0.1255999952554703
 4472      1.008000016212463     0.1330000013113022
 4473      12.01000022888184     0.5972999930381775
 4474                     16    -0.5679000020027161
 4475      14.01000022888184    -0.4156999886035919
 4476      1.008000016212463     0.2718999981880188
 4477      12.01000022888184    0.01429999992251396
 4478      1.008000016212463     0.1048000007867813
 4479      12.01000022888184    -0.2040999978780746
 4480      1.008000016212463    0.07970000058412552
 4481      1.008000016212463    0.07970000058412552
 4482      12.01000022888184     0.7129999995231628
 4483                     16    -0.5931000113487244
 4484      14.01000022888184    -0.9190999865531921
 4485      1.008000016212463     0.4196000099182129
 4486      1.008000016212463     0.4196000099182129
 4487      12.01000022888184     0.5972999930381775
 4488                     16    -0.5679000020027161
 4489      14.01000022888184    -0.4156999886035919
 4490      1.008000016212463     0.2718999981880188
 4491      12.01000022888184  -0.002400000113993883
 4492      1.008000016212463    0.09780000150203705
 4493      12.01000022888184   -0.03429999947547913
 4494      1.008000016212463    0.02950000017881393
 4495      1.008000016212463    0.02950000017881393
 4496      12.01000022888184     0.0118000004440546
 4497      12.01000022888184    -0.1255999952554703
 4498      1.008000016212463     0.1330000013113022
 4499      12.01000022888184    -0.1703999936580658
 4500      1.008000016212463     0.1430000066757202
 4501      12.01000022888184    -0.1071999967098236
 4502      1.008000016212463     0.1297000050544739
 4503      12.01000022888184    -0.1703999936580658
 4504      1.008000016212463     0.1430000066757202
 4505      12.01000022888184    -0.1255999952554703
 4506      1.008000016212463     0.1330000013113022
 4507      12.01000022888184     0.5972999930381775
 4508                     16    -0.5679000020027161
 4509      14.01000022888184    -0.4156999886035919
 4510      1.008000016212463     0.2718999981880188
 4511      12.01000022888184    0.01429999992251396
 4512      1.008000016212463     0.1048000007867813
 4513      12.01000022888184    -0.2040999978780746
 4514      1.008000016212463    0.07970000058412552
 4515      1.008000016212463    0.07970000058412552
 4516      12.01000022888184     0.7129999995231628
 4517                     16    -0.5931000113487244
 4518      14.01000022888184    -0.9190999865531921
 4519      1.008000016212463     0.4196000099182129
 4520      1.008000016212463     0.4196000099182129
 4521      12.01000022888184     0.5972999930381775
 4522                     16    -0.5679000020027161
 4523      14.01000022888184    -0.2547999918460846
 4524      12.01000022888184    0.01920000091195107
 4525      1.008000016212463    0.03909999877214432
 4526      1.008000016212463    0.03909999877214432
 4527      12.01000022888184    0.01889999955892563
 4528      1.008000016212463    0.02129999920725822
 4529      1.008000016212463    0.02129999920725822
 4530      12.01000022888184  -0.007000000216066837
 4531      1.008000016212463    0.02529999986290932
 4532      1.008000016212463    0.02529999986290932
 4533      12.01000022888184   -0.02659999951720238
 4534      1.008000016212463     0.0640999972820282
 4535      12.01000022888184     0.5896000266075134
 4536                     16    -0.5748000144958496
 4537      14.01000022888184    -0.4156999886035919
 4538      1.008000016212463     0.2718999981880188
 4539      12.01000022888184    0.01879999972879887
 4540      1.008000016212463    0.08810000121593475
 4541      12.01000022888184   -0.04619999974966049
 4542      1.008000016212463    0.04019999876618385
 4543      1.008000016212463    0.04019999876618385
 4544      12.01000022888184   -0.02659999951720238
 4545      14.01000022888184    -0.3810999989509583
 4546      1.008000016212463     0.3648999929428101
 4547      12.01000022888184     0.2056999951601028
 4548      1.008000016212463     0.1392000019550323
 4549      14.01000022888184     -0.572700023651123
 4550      12.01000022888184     0.1291999965906143
 4551      1.008000016212463     0.1146999970078468
 4552      12.01000022888184     0.5972999930381775
 4553                     16    -0.5679000020027161
 4554      14.01000022888184     -0.347900003194809
 4555      1.008000016212463     0.2746999859809875
 4556      12.01000022888184     -0.239999994635582
 4557      1.008000016212463     0.1425999999046326
 4558      12.01000022888184  -0.009399999864399433
 4559      1.008000016212463    0.03620000183582306
 4560      1.008000016212463    0.03620000183582306
 4561      12.01000022888184     0.0186999998986721
 4562      1.008000016212463    0.01030000019818544
 4563      1.008000016212463    0.01030000019818544
 4564      12.01000022888184    -0.0478999987244606
 4565      1.008000016212463    0.06210000067949295
 4566      1.008000016212463    0.06210000067949295
 4567      12.01000022888184   -0.01429999992251396
 4568      1.008000016212463     0.1134999990463257
 4569      1.008000016212463     0.1134999990463257
 4570      14.01000022888184    -0.3853999972343445
 4571      1.008000016212463     0.3400000035762787
 4572      1.008000016212463     0.3400000035762787
 4573      1.008000016212463     0.3400000035762787
 4574      12.01000022888184     0.7340999841690063
 4575                     16    -0.5893999934196472
 4576      14.01000022888184    -0.4156999886035919
 4577      1.008000016212463     0.2718999981880188
 4578      12.01000022888184   -0.02749999985098839
 4579      1.008000016212463     0.1123000010848045
 4580      12.01000022888184  -0.004999999888241291
 4581      1.008000016212463    0.03390000015497208
 4582      1.008000016212463    0.03390000015497208
 4583      12.01000022888184    -0.1414999961853027
 4584      12.01000022888184    -0.1638000011444092
 4585      1.008000016212463     0.2062000036239624
 4586      14.01000022888184    -0.3418000042438507
 4587      1.008000016212463     0.3411999940872192
 4588      12.01000022888184     0.1379999965429306
 4589      12.01000022888184    -0.2601000070571899
 4590      1.008000016212463     0.1571999937295914
 4591      12.01000022888184    -0.1133999973535538
 4592      1.008000016212463     0.1416999995708466
 4593      12.01000022888184    -0.1972000002861023
 4594      1.008000016212463     0.1447000056505203
 4595      12.01000022888184    -0.2387000024318695
 4596      1.008000016212463     0.1700000017881393
 4597      12.01000022888184     0.1243000030517578
 4598      12.01000022888184     0.5972999930381775
 4599                     16    -0.5679000020027161
 4600      14.01000022888184    -0.4156999886035919
 4601      1.008000016212463     0.2718999981880188
 4602      12.01000022888184   -0.05180000141263008
 4603      1.008000016212463    0.09220000356435776
 4604      12.01000022888184    -0.1102000027894974
 4605      1.008000016212463    0.04569999873638153
 4606      1.008000016212463    0.04569999873638153
 4607      12.01000022888184     0.3531000018119812
 4608      1.008000016212463   -0.03610000014305115
 4609      12.01000022888184    -0.4120999872684479
 4610      1.008000016212463     0.1000000014901161
 4611      1.008000016212463     0.1000000014901161
 4612      1.008000016212463     0.1000000014901161
 4613      12.01000022888184    -0.4120999872684479
 4614      1.008000016212463     0.1000000014901161
 4615      1.008000016212463     0.1000000014901161
 4616      1.008000016212463     0.1000000014901161
 4617      12.01000022888184     0.5972999930381775
 4618                     16    -0.5679000020027161
 4619      14.01000022888184    -0.4156999886035919
 4620      1.008000016212463     0.2718999981880188
 4621      12.01000022888184   -0.05180000141263008
 4622      1.008000016212463    0.09220000356435776
 4623      12.01000022888184    -0.1102000027894974
 4624      1.008000016212463    0.04569999873638153
 4625      1.008000016212463    0.04569999873638153
 4626      12.01000022888184     0.3531000018119812
 4627      1.008000016212463   -0.03610000014305115
 4628      12.01000022888184    -0.4120999872684479
 4629      1.008000016212463     0.1000000014901161
 4630      1.008000016212463     0.1000000014901161
 4631      1.008000016212463     0.1000000014901161
 4632      12.01000022888184    -0.4120999872684479
 4633      1.008000016212463     0.1000000014901161
 4634      1.008000016212463     0.1000000014901161
 4635      1.008000016212463     0.1000000014901161
 4636      12.01000022888184     0.5972999930381775
 4637                     16    -0.5679000020027161
 4638      14.01000022888184    -0.4156999886035919
 4639      1.008000016212463     0.2718999981880188
 4640      12.01000022888184   -0.08749999850988388
 4641      1.008000016212463    0.09690000116825104
 4642      12.01000022888184     0.2985000014305115
 4643      1.008000016212463   -0.02969999983906746
 4644      12.01000022888184    -0.3192000091075897
 4645      1.008000016212463    0.07909999787807465
 4646      1.008000016212463    0.07909999787807465
 4647      1.008000016212463    0.07909999787807465
 4648      12.01000022888184    -0.3192000091075897
 4649      1.008000016212463    0.07909999787807465
 4650      1.008000016212463    0.07909999787807465
 4651      1.008000016212463    0.07909999787807465
 4652      12.01000022888184     0.5972999930381775
 4653                     16    -0.5679000020027161
 4654      14.01000022888184    -0.4156999886035919
 4655      1.008000016212463     0.2718999981880188
 4656      12.01000022888184    0.01429999992251396
 4657      1.008000016212463     0.1048000007867813
 4658      12.01000022888184    -0.2040999978780746
 4659      1.008000016212463    0.07970000058412552
 4660      1.008000016212463    0.07970000058412552
 4661      12.01000022888184     0.7129999995231628
 4662                     16    -0.5931000113487244
 4663      14.01000022888184    -0.9190999865531921
 4664      1.008000016212463     0.4196000099182129
 4665      1.008000016212463     0.4196000099182129
 4666      12.01000022888184     0.5972999930381775
 4667                     16    -0.5679000020027161
 4668      14.01000022888184    -0.4156999886035919
 4669      1.008000016212463     0.2718999981880188
 4670      12.01000022888184  -0.002400000113993883
 4671      1.008000016212463    0.09780000150203705
 4672      12.01000022888184   -0.03429999947547913
 4673      1.008000016212463    0.02950000017881393
 4674      1.008000016212463    0.02950000017881393
 4675      12.01000022888184     0.0118000004440546
 4676      12.01000022888184    -0.1255999952554703
 4677      1.008000016212463     0.1330000013113022
 4678      12.01000022888184    -0.1703999936580658
 4679      1.008000016212463     0.1430000066757202
 4680      12.01000022888184    -0.1071999967098236
 4681      1.008000016212463     0.1297000050544739
 4682      12.01000022888184    -0.1703999936580658
 4683      1.008000016212463     0.1430000066757202
 4684      12.01000022888184    -0.1255999952554703
 4685      1.008000016212463     0.1330000013113022
 4686      12.01000022888184     0.5972999930381775
 4687                     16    -0.5679000020027161
 4688      14.01000022888184    -0.5163000226020813
 4689      1.008000016212463     0.2935999929904938
 4690      12.01000022888184    0.03810000047087669
 4691      1.008000016212463    0.08799999952316284
 4692      12.01000022888184   -0.03030000068247318
 4693      1.008000016212463   -0.01219999976456165
 4694      1.008000016212463   -0.01219999976456165
 4695      12.01000022888184     0.7993999719619751
 4696                     16    -0.8014000058174133
 4697                     16    -0.8014000058174133
 4698      12.01000022888184     0.5365999937057495
 4699                     16    -0.5819000005722046
 4700      14.01000022888184    -0.4156999886035919
 4701      1.008000016212463     0.2718999981880188
 4702      12.01000022888184    0.02129999920725822
 4703      1.008000016212463     0.1124000027775764
 4704      12.01000022888184    -0.1230999976396561
 4705      1.008000016212463     0.1111999973654747
 4706      1.008000016212463     0.1111999973654747
 4707      32.06000137329102    -0.3118999898433685
 4708      1.008000016212463     0.1932999938726425
 4709      12.01000022888184     0.5972999930381775
 4710                     16    -0.5679000020027161
 4711      14.01000022888184    -0.4156999886035919
 4712      1.008000016212463     0.2718999981880188
 4713      12.01000022888184   -0.02490000054240227
 4714      1.008000016212463    0.08429999649524689
 4715      12.01000022888184     0.2117000073194504
 4716      1.008000016212463    0.03519999980926514
 4717      1.008000016212463    0.03519999980926514
 4718                     16    -0.6546000242233276
 4719      1.008000016212463     0.4275000095367432
 4720      12.01000022888184     0.5972999930381775
 4721                     16    -0.5679000020027161
 4722      14.01000022888184    -0.4156999886035919
 4723      1.008000016212463     0.2718999981880188
 4724      12.01000022888184    0.03370000049471855
 4725      1.008000016212463    0.08229999989271164
 4726      12.01000022888184    -0.1825000047683716
 4727      1.008000016212463    0.06030000001192093
 4728      1.008000016212463    0.06030000001192093
 4729      1.008000016212463    0.06030000001192093
 4730      12.01000022888184     0.5972999930381775
 4731                     16    -0.5679000020027161
 4732      14.01000022888184    -0.4156999886035919
 4733      1.008000016212463     0.2718999981880188
 4734      12.01000022888184   -0.02370000071823597
 4735      1.008000016212463    0.08799999952316284
 4736      12.01000022888184    0.03420000150799751
 4737      1.008000016212463    0.02410000003874302
 4738      1.008000016212463    0.02410000003874302
 4739      12.01000022888184   0.001799999969080091
 4740      1.008000016212463    0.04399999976158142
 4741      1.008000016212463    0.04399999976158142
 4742      32.06000137329102    -0.2736999988555908
 4743      12.01000022888184    -0.0535999983549118
 4744      1.008000016212463    0.06840000301599503
 4745      1.008000016212463    0.06840000301599503
 4746      1.008000016212463    0.06840000301599503
 4747      12.01000022888184     0.5972999930381775
 4748                     16    -0.5679000020027161
 4749      14.01000022888184    -0.4156999886035919
 4750      1.008000016212463     0.2718999981880188
 4751      12.01000022888184   -0.02749999985098839
 4752      1.008000016212463     0.1123000010848045
 4753      12.01000022888184  -0.004999999888241291
 4754      1.008000016212463    0.03390000015497208
 4755      1.008000016212463    0.03390000015497208
 4756      12.01000022888184    -0.1414999961853027
 4757      12.01000022888184    -0.1638000011444092
 4758      1.008000016212463     0.2062000036239624
 4759      14.01000022888184    -0.3418000042438507
 4760      1.008000016212463     0.3411999940872192
 4761      12.01000022888184     0.1379999965429306
 4762      12.01000022888184    -0.2601000070571899
 4763      1.008000016212463     0.1571999937295914
 4764      12.01000022888184    -0.1133999973535538
 4765      1.008000016212463     0.1416999995708466
 4766      12.01000022888184    -0.1972000002861023
 4767      1.008000016212463     0.1447000056505203
 4768      12.01000022888184    -0.2387000024318695
 4769      1.008000016212463     0.1700000017881393
 4770      12.01000022888184     0.1243000030517578
 4771      12.01000022888184     0.5972999930381775
 4772                     16    -0.5679000020027161
 4773      14.01000022888184    -0.4156999886035919
 4774      1.008000016212463     0.2718999981880188
 4775      12.01000022888184   -0.08749999850988388
 4776      1.008000016212463    0.09690000116825104
 4777      12.01000022888184     0.2985000014305115
 4778      1.008000016212463   -0.02969999983906746
 4779      12.01000022888184    -0.3192000091075897
 4780      1.008000016212463    0.07909999787807465
 4781      1.008000016212463    0.07909999787807465
 4782      1.008000016212463    0.07909999787807465
 4783      12.01000022888184    -0.3192000091075897
 4784      1.008000016212463    0.07909999787807465
 4785      1.008000016212463    0.07909999787807465
 4786      1.008000016212463    0.07909999787807465
 4787      12.01000022888184     0.5972999930381775
 4788                     16    -0.5679000020027161
 4789      14.01000022888184     -0.347900003194809
 4790      1.008000016212463     0.2746999859809875
 4791      12.01000022888184     -0.239999994635582
 4792      1.008000016212463     0.1425999999046326
 4793      12.01000022888184  -0.009399999864399433
 4794      1.008000016212463    0.03620000183582306
 4795      1.008000016212463    0.03620000183582306
 4796      12.01000022888184     0.0186999998986721
 4797      1.008000016212463    0.01030000019818544
 4798      1.008000016212463    0.01030000019818544
 4799      12.01000022888184    -0.0478999987244606
 4800      1.008000016212463    0.06210000067949295
 4801      1.008000016212463    0.06210000067949295
 4802      12.01000022888184   -0.01429999992251396
 4803      1.008000016212463     0.1134999990463257
 4804      1.008000016212463     0.1134999990463257
 4805      14.01000022888184    -0.3853999972343445
 4806      1.008000016212463     0.3400000035762787
 4807      1.008000016212463     0.3400000035762787
 4808      1.008000016212463     0.3400000035762787
 4809      12.01000022888184     0.7340999841690063
 4810                     16    -0.5893999934196472
 4811      14.01000022888184     -0.347900003194809
 4812      1.008000016212463     0.2746999859809875
 4813      12.01000022888184     -0.239999994635582
 4814      1.008000016212463     0.1425999999046326
 4815      12.01000022888184  -0.009399999864399433
 4816      1.008000016212463    0.03620000183582306
 4817      1.008000016212463    0.03620000183582306
 4818      12.01000022888184     0.0186999998986721
 4819      1.008000016212463    0.01030000019818544
 4820      1.008000016212463    0.01030000019818544
 4821      12.01000022888184    -0.0478999987244606
 4822      1.008000016212463    0.06210000067949295
 4823      1.008000016212463    0.06210000067949295
 4824      12.01000022888184   -0.01429999992251396
 4825      1.008000016212463     0.1134999990463257
 4826      1.008000016212463     0.1134999990463257
 4827      14.01000022888184    -0.3853999972343445
 4828      1.008000016212463     0.3400000035762787
 4829      1.008000016212463     0.3400000035762787
 4830      1.008000016212463     0.3400000035762787
 4831      12.01000022888184     0.7340999841690063
 4832                     16    -0.5893999934196472
 4833      14.01000022888184     -0.347900003194809
 4834      1.008000016212463     0.2746999859809875
 4835      12.01000022888184     -0.263700008392334
 4836      1.008000016212463     0.1560000032186508
 4837      12.01000022888184  -0.000699999975040555
 4838      1.008000016212463    0.03269999846816063
 4839      1.008000016212463    0.03269999846816063
 4840      12.01000022888184     0.0390000008046627
 4841      1.008000016212463    0.02850000001490116
 4842      1.008000016212463    0.02850000001490116
 4843      12.01000022888184    0.04859999939799309
 4844      1.008000016212463    0.06870000064373016
 4845      1.008000016212463    0.06870000064373016
 4846      14.01000022888184    -0.5295000076293945
 4847      1.008000016212463     0.3456000089645386
 4848      12.01000022888184     0.8076000213623047
 4849      14.01000022888184    -0.8626999855041504
 4850      1.008000016212463     0.4478000104427338
 4851      1.008000016212463     0.4478000104427338
 4852      14.01000022888184    -0.8626999855041504
 4853      1.008000016212463     0.4478000104427338
 4854      1.008000016212463     0.4478000104427338
 4855      12.01000022888184     0.7340999841690063
 4856                     16    -0.5893999934196472
 4857      14.01000022888184    -0.4156999886035919
 4858      1.008000016212463     0.2718999981880188
 4859      12.01000022888184   -0.03889999911189079
 4860      1.008000016212463     0.1006999984383583
 4861      12.01000022888184     0.3653999865055084
 4862      1.008000016212463    0.00430000014603138
 4863      12.01000022888184    -0.2437999993562698
 4864      1.008000016212463    0.06419999897480011
 4865      1.008000016212463    0.06419999897480011
 4866      1.008000016212463    0.06419999897480011
 4867                     16    -0.6761000156402588
 4868      1.008000016212463     0.4101999998092651
 4869      12.01000022888184     0.5972999930381775
 4870                     16    -0.5679000020027161
 4871      14.01000022888184    -0.5163000226020813
 4872      1.008000016212463     0.2935999929904938
 4873      12.01000022888184    0.03810000047087669
 4874      1.008000016212463    0.08799999952316284
 4875      12.01000022888184   -0.03030000068247318
 4876      1.008000016212463   -0.01219999976456165
 4877      1.008000016212463   -0.01219999976456165
 4878      12.01000022888184     0.7993999719619751
 4879                     16    -0.8014000058174133
 4880                     16    -0.8014000058174133
 4881      12.01000022888184     0.5365999937057495
 4882                     16    -0.5819000005722046
 4883      14.01000022888184    -0.4156999886035919
 4884      1.008000016212463     0.2718999981880188
 4885      12.01000022888184   -0.05180000141263008
 4886      1.008000016212463    0.09220000356435776
 4887      12.01000022888184    -0.1102000027894974
 4888      1.008000016212463    0.04569999873638153
 4889      1.008000016212463    0.04569999873638153
 4890      12.01000022888184     0.3531000018119812
 4891      1.008000016212463   -0.03610000014305115
 4892      12.01000022888184    -0.4120999872684479
 4893      1.008000016212463     0.1000000014901161
 4894      1.008000016212463     0.1000000014901161
 4895      1.008000016212463     0.1000000014901161
 4896      12.01000022888184    -0.4120999872684479
 4897      1.008000016212463     0.1000000014901161
 4898      1.008000016212463     0.1000000014901161
 4899      1.008000016212463     0.1000000014901161
 4900      12.01000022888184     0.5972999930381775
 4901                     16    -0.5679000020027161
 4902      14.01000022888184    -0.4156999886035919
 4903      1.008000016212463     0.2718999981880188
 4904      12.01000022888184   -0.03889999911189079
 4905      1.008000016212463     0.1006999984383583
 4906      12.01000022888184     0.3653999865055084
 4907      1.008000016212463    0.00430000014603138
 4908      12.01000022888184    -0.2437999993562698
 4909      1.008000016212463    0.06419999897480011
 4910      1.008000016212463    0.06419999897480011
 4911      1.008000016212463    0.06419999897480011
 4912                     16    -0.6761000156402588
 4913      1.008000016212463     0.4101999998092651
 4914      12.01000022888184     0.5972999930381775
 4915                     16    -0.5679000020027161
 4916      14.01000022888184    -0.4156999886035919
 4917      1.008000016212463     0.2718999981880188
 4918      12.01000022888184   -0.02520000003278255
 4919      1.008000016212463     0.0697999969124794
 4920      1.008000016212463     0.0697999969124794
 4921      12.01000022888184     0.5972999930381775
 4922                     16    -0.5679000020027161
 4923      14.01000022888184    -0.4156999886035919
 4924      1.008000016212463     0.2718999981880188
 4925      12.01000022888184    0.03370000049471855
 4926      1.008000016212463    0.08229999989271164
 4927      12.01000022888184    -0.1825000047683716
 4928      1.008000016212463    0.06030000001192093
 4929      1.008000016212463    0.06030000001192093
 4930      1.008000016212463    0.06030000001192093
 4931      12.01000022888184     0.5972999930381775
 4932                     16    -0.5679000020027161
 4933      14.01000022888184    -0.4156999886035919
 4934      1.008000016212463     0.2718999981880188
 4935      12.01000022888184  -0.002400000113993883
 4936      1.008000016212463    0.09780000150203705
 4937      12.01000022888184   -0.03429999947547913
 4938      1.008000016212463    0.02950000017881393
 4939      1.008000016212463    0.02950000017881393
 4940      12.01000022888184     0.0118000004440546
 4941      12.01000022888184    -0.1255999952554703
 4942      1.008000016212463     0.1330000013113022
 4943      12.01000022888184    -0.1703999936580658
 4944      1.008000016212463     0.1430000066757202
 4945      12.01000022888184    -0.1071999967098236
 4946      1.008000016212463     0.1297000050544739
 4947      12.01000022888184    -0.1703999936580658
 4948      1.008000016212463     0.1430000066757202
 4949      12.01000022888184    -0.1255999952554703
 4950      1.008000016212463     0.1330000013113022
 4951      12.01000022888184     0.5972999930381775
 4952                     16    -0.5679000020027161
 4953      14.01000022888184     -0.347900003194809
 4954      1.008000016212463     0.2746999859809875
 4955      12.01000022888184     -0.263700008392334
 4956      1.008000016212463     0.1560000032186508
 4957      12.01000022888184  -0.000699999975040555
 4958      1.008000016212463    0.03269999846816063
 4959      1.008000016212463    0.03269999846816063
 4960      12.01000022888184     0.0390000008046627
 4961      1.008000016212463    0.02850000001490116
 4962      1.008000016212463    0.02850000001490116
 4963      12.01000022888184    0.04859999939799309
 4964      1.008000016212463    0.06870000064373016
 4965      1.008000016212463    0.06870000064373016
 4966      14.01000022888184    -0.5295000076293945
 4967      1.008000016212463     0.3456000089645386
 4968      12.01000022888184     0.8076000213623047
 4969      14.01000022888184    -0.8626999855041504
 4970      1.008000016212463     0.4478000104427338
 4971      1.008000016212463     0.4478000104427338
 4972      14.01000022888184    -0.8626999855041504
 4973      1.008000016212463     0.4478000104427338
 4974      1.008000016212463     0.4478000104427338
 4975      12.01000022888184     0.7340999841690063
 4976                     16    -0.5893999934196472
 4977      14.01000022888184    -0.4156999886035919
 4978      1.008000016212463     0.2718999981880188
 4979      12.01000022888184   -0.05180000141263008
 4980      1.008000016212463    0.09220000356435776
 4981      12.01000022888184    -0.1102000027894974
 4982      1.008000016212463    0.04569999873638153
 4983      1.008000016212463    0.04569999873638153
 4984      12.01000022888184     0.3531000018119812
 4985      1.008000016212463   -0.03610000014305115
 4986      12.01000022888184    -0.4120999872684479
 4987      1.008000016212463     0.1000000014901161
 4988      1.008000016212463     0.1000000014901161
 4989      1.008000016212463     0.1000000014901161
 4990      12.01000022888184    -0.4120999872684479
 4991      1.008000016212463     0.1000000014901161
 4992      1.008000016212463     0.1000000014901161
 4993      1.008000016212463     0.1000000014901161
 4994      12.01000022888184     0.5972999930381775
 4995                     16    -0.5679000020027161
 4996      14.01000022888184    -0.5163000226020813
 4997      1.008000016212463     0.2935999929904938
 4998      12.01000022888184    0.03810000047087669
 4999      1.008000016212463    0.08799999952316284
 5000      12.01000022888184   -0.03030000068247318
 5001      1.008000016212463   -0.01219999976456165
 5002      1.008000016212463   -0.01219999976456165
 5003      12.01000022888184     0.7993999719619751
 5004                     16    -0.8014000058174133
 5005                     16    -0.8014000058174133
 5006      12.01000022888184     0.5365999937057495
 5007                     16    -0.5819000005722046
 5008      14.01000022888184    -0.2547999918460846
 5009      12.01000022888184    0.01920000091195107
 5010      1.008000016212463    0.03909999877214432
 5011      1.008000016212463    0.03909999877214432
 5012      12.01000022888184    0.01889999955892563
 5013      1.008000016212463    0.02129999920725822
 5014      1.008000016212463    0.02129999920725822
 5015      12.01000022888184  -0.007000000216066837
 5016      1.008000016212463    0.02529999986290932
 5017      1.008000016212463    0.02529999986290932
 5018      12.01000022888184   -0.02659999951720238
 5019      1.008000016212463     0.0640999972820282
 5020      12.01000022888184     0.5896000266075134
 5021                     16    -0.5748000144958496
 5022      14.01000022888184    -0.4156999886035919
 5023      1.008000016212463     0.2718999981880188
 5024      12.01000022888184   -0.03889999911189079
 5025      1.008000016212463     0.1006999984383583
 5026      12.01000022888184     0.3653999865055084
 5027      1.008000016212463    0.00430000014603138
 5028      12.01000022888184    -0.2437999993562698
 5029      1.008000016212463    0.06419999897480011
 5030      1.008000016212463    0.06419999897480011
 5031      1.008000016212463    0.06419999897480011
 5032                     16    -0.6761000156402588
 5033      1.008000016212463     0.4101999998092651
 5034      12.01000022888184     0.5972999930381775
 5035                     16    -0.5679000020027161
 5036      14.01000022888184    -0.4156999886035919
 5037      1.008000016212463     0.2718999981880188
 5038      12.01000022888184   -0.00139999995008111
 5039      1.008000016212463    0.08760000020265579
 5040      12.01000022888184   -0.01520000025629997
 5041      1.008000016212463    0.02950000017881393
 5042      1.008000016212463    0.02950000017881393
 5043      12.01000022888184  -0.001099999994039536
 5044      12.01000022888184    -0.1905999928712845
 5045      1.008000016212463     0.1699000000953674
 5046      12.01000022888184    -0.2340999990701675
 5047      1.008000016212463     0.1656000018119812
 5048      12.01000022888184     0.3226000070571899
 5049                     16    -0.5579000115394592
 5050      1.008000016212463     0.3991999924182892
 5051      12.01000022888184    -0.2340999990701675
 5052      1.008000016212463     0.1656000018119812
 5053      12.01000022888184    -0.1905999928712845
 5054      1.008000016212463     0.1699000000953674
 5055      12.01000022888184     0.5972999930381775
 5056                     16    -0.5679000020027161
 5057      14.01000022888184    -0.4156999886035919
 5058      1.008000016212463     0.2718999981880188
 5059      12.01000022888184   -0.05180000141263008
 5060      1.008000016212463    0.09220000356435776
 5061      12.01000022888184    -0.1102000027894974
 5062      1.008000016212463    0.04569999873638153
 5063      1.008000016212463    0.04569999873638153
 5064      12.01000022888184     0.3531000018119812
 5065      1.008000016212463   -0.03610000014305115
 5066      12.01000022888184    -0.4120999872684479
 5067      1.008000016212463     0.1000000014901161
 5068      1.008000016212463     0.1000000014901161
 5069      1.008000016212463     0.1000000014901161
 5070      12.01000022888184    -0.4120999872684479
 5071      1.008000016212463     0.1000000014901161
 5072      1.008000016212463     0.1000000014901161
 5073      1.008000016212463     0.1000000014901161
 5074      12.01000022888184     0.5972999930381775
 5075                     16    -0.5679000020027161
 5076      14.01000022888184     -0.347900003194809
 5077      1.008000016212463     0.2746999859809875
 5078      12.01000022888184     -0.239999994635582
 5079      1.008000016212463     0.1425999999046326
 5080      12.01000022888184  -0.009399999864399433
 5081      1.008000016212463    0.03620000183582306
 5082      1.008000016212463    0.03620000183582306
 5083      12.01000022888184     0.0186999998986721
 5084      1.008000016212463    0.01030000019818544
 5085      1.008000016212463    0.01030000019818544
 5086      12.01000022888184    -0.0478999987244606
 5087      1.008000016212463    0.06210000067949295
 5088      1.008000016212463    0.06210000067949295
 5089      12.01000022888184   -0.01429999992251396
 5090      1.008000016212463     0.1134999990463257
 5091      1.008000016212463     0.1134999990463257
 5092      14.01000022888184    -0.3853999972343445
 5093      1.008000016212463     0.3400000035762787
 5094      1.008000016212463     0.3400000035762787
 5095      1.008000016212463     0.3400000035762787
 5096      12.01000022888184     0.7340999841690063
 5097                     16    -0.5893999934196472
 5098      14.01000022888184    -0.4156999886035919
 5099      1.008000016212463     0.2718999981880188
 5100      12.01000022888184   -0.05810000002384186
 5101      1.008000016212463      0.136000007390976
 5102      12.01000022888184  -0.007400000002235174
 5103      1.008000016212463    0.03669999912381172
 5104      1.008000016212463    0.03669999912381172
 5105      12.01000022888184     0.1868000030517578
 5106      14.01000022888184    -0.5432000160217285
 5107      12.01000022888184     0.1634999960660934
 5108      1.008000016212463     0.1435000002384186
 5109      14.01000022888184    -0.2795000076293945
 5110      1.008000016212463     0.3339000046253204
 5111      12.01000022888184    -0.2206999957561493
 5112      1.008000016212463     0.1861999928951263
 5113      12.01000022888184     0.5972999930381775
 5114                     16    -0.5679000020027161
 5115      14.01000022888184    -0.4156999886035919
 5116      1.008000016212463     0.2718999981880188
 5117      12.01000022888184   -0.02490000054240227
 5118      1.008000016212463    0.08429999649524689
 5119      12.01000022888184     0.2117000073194504
 5120      1.008000016212463    0.03519999980926514
 5121      1.008000016212463    0.03519999980926514
 5122                     16    -0.6546000242233276
 5123      1.008000016212463     0.4275000095367432
 5124      12.01000022888184     0.5972999930381775
 5125                     16    -0.5679000020027161
 5126      14.01000022888184    -0.4156999886035919
 5127      1.008000016212463     0.2718999981880188
 5128      12.01000022888184   -0.05810000002384186
 5129      1.008000016212463      0.136000007390976
 5130      12.01000022888184  -0.007400000002235174
 5131      1.008000016212463    0.03669999912381172
 5132      1.008000016212463    0.03669999912381172
 5133      12.01000022888184     0.1868000030517578
 5134      14.01000022888184    -0.5432000160217285
 5135      12.01000022888184     0.1634999960660934
 5136      1.008000016212463     0.1435000002384186
 5137      14.01000022888184    -0.2795000076293945
 5138      1.008000016212463     0.3339000046253204
 5139      12.01000022888184    -0.2206999957561493
 5140      1.008000016212463     0.1861999928951263
 5141      12.01000022888184     0.5972999930381775
 5142                     16    -0.5679000020027161
 5143      14.01000022888184    -0.4156999886035919
 5144      1.008000016212463     0.2718999981880188
 5145      12.01000022888184  -0.003100000089034438
 5146      1.008000016212463    0.08500000089406967
 5147      12.01000022888184  -0.003599999938160181
 5148      1.008000016212463    0.01710000075399876
 5149      1.008000016212463    0.01710000075399876
 5150      12.01000022888184   -0.06449999660253525
 5151      1.008000016212463    0.03519999980926514
 5152      1.008000016212463    0.03519999980926514
 5153      12.01000022888184     0.6951000094413757
 5154                     16    -0.6086000204086304
 5155      14.01000022888184    -0.9406999945640564
 5156      1.008000016212463     0.4250999987125397
 5157      1.008000016212463     0.4250999987125397
 5158      12.01000022888184     0.5972999930381775
 5159                     16    -0.5679000020027161
 5160      14.01000022888184    -0.5163000226020813
 5161      1.008000016212463     0.2935999929904938
 5162      12.01000022888184    0.03810000047087669
 5163      1.008000016212463    0.08799999952316284
 5164      12.01000022888184   -0.03030000068247318
 5165      1.008000016212463   -0.01219999976456165
 5166      1.008000016212463   -0.01219999976456165
 5167      12.01000022888184     0.7993999719619751
 5168                     16    -0.8014000058174133
 5169                     16    -0.8014000058174133
 5170      12.01000022888184     0.5365999937057495
 5171                     16    -0.5819000005722046
 5172      14.01000022888184    -0.4156999886035919
 5173      1.008000016212463     0.2718999981880188
 5174      12.01000022888184   -0.02490000054240227
 5175      1.008000016212463    0.08429999649524689
 5176      12.01000022888184     0.2117000073194504
 5177      1.008000016212463    0.03519999980926514
 5178      1.008000016212463    0.03519999980926514
 5179                     16    -0.6546000242233276
 5180      1.008000016212463     0.4275000095367432
 5181      12.01000022888184     0.5972999930381775
 5182                     16    -0.5679000020027161
 5183      14.01000022888184    -0.4156999886035919
 5184      1.008000016212463     0.2718999981880188
 5185      12.01000022888184   -0.02520000003278255
 5186      1.008000016212463     0.0697999969124794
 5187      1.008000016212463     0.0697999969124794
 5188      12.01000022888184     0.5972999930381775
 5189                     16    -0.5679000020027161
 5190      14.01000022888184    -0.4156999886035919
 5191      1.008000016212463     0.2718999981880188
 5192      12.01000022888184   -0.05180000141263008
 5193      1.008000016212463    0.09220000356435776
 5194      12.01000022888184    -0.1102000027894974
 5195      1.008000016212463    0.04569999873638153
 5196      1.008000016212463    0.04569999873638153
 5197      12.01000022888184     0.3531000018119812
 5198      1.008000016212463   -0.03610000014305115
 5199      12.01000022888184    -0.4120999872684479
 5200      1.008000016212463     0.1000000014901161
 5201      1.008000016212463     0.1000000014901161
 5202      1.008000016212463     0.1000000014901161
 5203      12.01000022888184    -0.4120999872684479
 5204      1.008000016212463     0.1000000014901161
 5205      1.008000016212463     0.1000000014901161
 5206      1.008000016212463     0.1000000014901161
 5207      12.01000022888184     0.5972999930381775
 5208                     16    -0.5679000020027161
 5209      14.01000022888184    -0.4156999886035919
 5210      1.008000016212463     0.2718999981880188
 5211      12.01000022888184   -0.05970000103116035
 5212      1.008000016212463     0.0869000032544136
 5213      12.01000022888184     0.1303000003099442
 5214      1.008000016212463     0.0186999998986721
 5215      12.01000022888184    -0.3203999996185303
 5216      1.008000016212463    0.08820000290870667
 5217      1.008000016212463    0.08820000290870667
 5218      1.008000016212463    0.08820000290870667
 5219      12.01000022888184    -0.0430000014603138
 5220      1.008000016212463    0.02360000088810921
 5221      1.008000016212463    0.02360000088810921
 5222      12.01000022888184   -0.06599999964237213
 5223      1.008000016212463    0.01860000006854534
 5224      1.008000016212463    0.01860000006854534
 5225      1.008000016212463    0.01860000006854534
 5226      12.01000022888184     0.5972999930381775
 5227                     16    -0.5679000020027161
 5228      14.01000022888184    -0.4156999886035919
 5229      1.008000016212463     0.2718999981880188
 5230      12.01000022888184   -0.03889999911189079
 5231      1.008000016212463     0.1006999984383583
 5232      12.01000022888184     0.3653999865055084
 5233      1.008000016212463    0.00430000014603138
 5234      12.01000022888184    -0.2437999993562698
 5235      1.008000016212463    0.06419999897480011
 5236      1.008000016212463    0.06419999897480011
 5237      1.008000016212463    0.06419999897480011
 5238                     16    -0.6761000156402588
 5239      1.008000016212463     0.4101999998092651
 5240      12.01000022888184     0.5972999930381775
 5241                     16    -0.5679000020027161
 5242      14.01000022888184    -0.5163000226020813
 5243      1.008000016212463     0.2935999929904938
 5244      12.01000022888184    0.03810000047087669
 5245      1.008000016212463    0.08799999952316284
 5246      12.01000022888184   -0.03030000068247318
 5247      1.008000016212463   -0.01219999976456165
 5248      1.008000016212463   -0.01219999976456165
 5249      12.01000022888184     0.7993999719619751
 5250                     16    -0.8014000058174133
 5251                     16    -0.8014000058174133
 5252      12.01000022888184     0.5365999937057495
 5253                     16    -0.5819000005722046
 5254      14.01000022888184    -0.4156999886035919
 5255      1.008000016212463     0.2718999981880188
 5256      12.01000022888184   -0.00139999995008111
 5257      1.008000016212463    0.08760000020265579
 5258      12.01000022888184   -0.01520000025629997
 5259      1.008000016212463    0.02950000017881393
 5260      1.008000016212463    0.02950000017881393
 5261      12.01000022888184  -0.001099999994039536
 5262      12.01000022888184    -0.1905999928712845
 5263      1.008000016212463     0.1699000000953674
 5264      12.01000022888184    -0.2340999990701675
 5265      1.008000016212463     0.1656000018119812
 5266      12.01000022888184     0.3226000070571899
 5267                     16    -0.5579000115394592
 5268      1.008000016212463     0.3991999924182892
 5269      12.01000022888184    -0.2340999990701675
 5270      1.008000016212463     0.1656000018119812
 5271      12.01000022888184    -0.1905999928712845
 5272      1.008000016212463     0.1699000000953674
 5273      12.01000022888184     0.5972999930381775
 5274                     16    -0.5679000020027161
 5275      14.01000022888184     -0.347900003194809
 5276      1.008000016212463     0.2746999859809875
 5277      12.01000022888184     -0.263700008392334
 5278      1.008000016212463     0.1560000032186508
 5279      12.01000022888184  -0.000699999975040555
 5280      1.008000016212463    0.03269999846816063
 5281      1.008000016212463    0.03269999846816063
 5282      12.01000022888184     0.0390000008046627
 5283      1.008000016212463    0.02850000001490116
 5284      1.008000016212463    0.02850000001490116
 5285      12.01000022888184    0.04859999939799309
 5286      1.008000016212463    0.06870000064373016
 5287      1.008000016212463    0.06870000064373016
 5288      14.01000022888184    -0.5295000076293945
 5289      1.008000016212463     0.3456000089645386
 5290      12.01000022888184     0.8076000213623047
 5291      14.01000022888184    -0.8626999855041504
 5292      1.008000016212463     0.4478000104427338
 5293      1.008000016212463     0.4478000104427338
 5294      14.01000022888184    -0.8626999855041504
 5295      1.008000016212463     0.4478000104427338
 5296      1.008000016212463     0.4478000104427338
 5297      12.01000022888184     0.7340999841690063
 5298                     16    -0.5893999934196472
 5299      14.01000022888184    -0.4156999886035919
 5300      1.008000016212463     0.2718999981880188
 5301      12.01000022888184   -0.05810000002384186
 5302      1.008000016212463      0.136000007390976
 5303      12.01000022888184  -0.007400000002235174
 5304      1.008000016212463    0.03669999912381172
 5305      1.008000016212463    0.03669999912381172
 5306      12.01000022888184     0.1868000030517578
 5307      14.01000022888184    -0.5432000160217285
 5308      12.01000022888184     0.1634999960660934
 5309      1.008000016212463     0.1435000002384186
 5310      14.01000022888184    -0.2795000076293945
 5311      1.008000016212463     0.3339000046253204
 5312      12.01000022888184    -0.2206999957561493
 5313      1.008000016212463     0.1861999928951263
 5314      12.01000022888184     0.5972999930381775
 5315                     16    -0.5679000020027161
 5316      14.01000022888184    -0.4156999886035919
 5317      1.008000016212463     0.2718999981880188
 5318      12.01000022888184   -0.02749999985098839
 5319      1.008000016212463     0.1123000010848045
 5320      12.01000022888184  -0.004999999888241291
 5321      1.008000016212463    0.03390000015497208
 5322      1.008000016212463    0.03390000015497208
 5323      12.01000022888184    -0.1414999961853027
 5324      12.01000022888184    -0.1638000011444092
 5325      1.008000016212463     0.2062000036239624
 5326      14.01000022888184    -0.3418000042438507
 5327      1.008000016212463     0.3411999940872192
 5328      12.01000022888184     0.1379999965429306
 5329      12.01000022888184    -0.2601000070571899
 5330      1.008000016212463     0.1571999937295914
 5331      12.01000022888184    -0.1133999973535538
 5332      1.008000016212463     0.1416999995708466
 5333      12.01000022888184    -0.1972000002861023
 5334      1.008000016212463     0.1447000056505203
 5335      12.01000022888184    -0.2387000024318695
 5336      1.008000016212463     0.1700000017881393
 5337      12.01000022888184     0.1243000030517578
 5338      12.01000022888184     0.5972999930381775
 5339                     16    -0.5679000020027161
 5340      14.01000022888184    -0.4156999886035919
 5341      1.008000016212463     0.2718999981880188
 5342      12.01000022888184  -0.003100000089034438
 5343      1.008000016212463    0.08500000089406967
 5344      12.01000022888184  -0.003599999938160181
 5345      1.008000016212463    0.01710000075399876
 5346      1.008000016212463    0.01710000075399876
 5347      12.01000022888184   -0.06449999660253525
 5348      1.008000016212463    0.03519999980926514
 5349      1.008000016212463    0.03519999980926514
 5350      12.01000022888184     0.6951000094413757
 5351                     16    -0.6086000204086304
 5352      14.01000022888184    -0.9406999945640564
 5353      1.008000016212463     0.4250999987125397
 5354      1.008000016212463     0.4250999987125397
 5355      12.01000022888184     0.5972999930381775
 5356                     16    -0.5679000020027161
 5357      14.01000022888184    -0.4156999886035919
 5358      1.008000016212463     0.2718999981880188
 5359      12.01000022888184   -0.05970000103116035
 5360      1.008000016212463     0.0869000032544136
 5361      12.01000022888184     0.1303000003099442
 5362      1.008000016212463     0.0186999998986721
 5363      12.01000022888184    -0.3203999996185303
 5364      1.008000016212463    0.08820000290870667
 5365      1.008000016212463    0.08820000290870667
 5366      1.008000016212463    0.08820000290870667
 5367      12.01000022888184    -0.0430000014603138
 5368      1.008000016212463    0.02360000088810921
 5369      1.008000016212463    0.02360000088810921
 5370      12.01000022888184   -0.06599999964237213
 5371      1.008000016212463    0.01860000006854534
 5372      1.008000016212463    0.01860000006854534
 5373      1.008000016212463    0.01860000006854534
 5374      12.01000022888184     0.5972999930381775
 5375                     16    -0.5679000020027161
 5376      14.01000022888184    -0.2547999918460846
 5377      12.01000022888184    0.01920000091195107
 5378      1.008000016212463    0.03909999877214432
 5379      1.008000016212463    0.03909999877214432
 5380      12.01000022888184    0.01889999955892563
 5381      1.008000016212463    0.02129999920725822
 5382      1.008000016212463    0.02129999920725822
 5383      12.01000022888184  -0.007000000216066837
 5384      1.008000016212463    0.02529999986290932
 5385      1.008000016212463    0.02529999986290932
 5386      12.01000022888184   -0.02659999951720238
 5387      1.008000016212463     0.0640999972820282
 5388      12.01000022888184     0.5896000266075134
 5389                     16    -0.5748000144958496
 5390      14.01000022888184    -0.4156999886035919
 5391      1.008000016212463     0.2718999981880188
 5392      12.01000022888184   -0.05180000141263008
 5393      1.008000016212463    0.09220000356435776
 5394      12.01000022888184    -0.1102000027894974
 5395      1.008000016212463    0.04569999873638153
 5396      1.008000016212463    0.04569999873638153
 5397      12.01000022888184     0.3531000018119812
 5398      1.008000016212463   -0.03610000014305115
 5399      12.01000022888184    -0.4120999872684479
 5400      1.008000016212463     0.1000000014901161
 5401      1.008000016212463     0.1000000014901161
 5402      1.008000016212463     0.1000000014901161
 5403      12.01000022888184    -0.4120999872684479
 5404      1.008000016212463     0.1000000014901161
 5405      1.008000016212463     0.1000000014901161
 5406      1.008000016212463     0.1000000014901161
 5407      12.01000022888184     0.5972999930381775
 5408                     16    -0.5679000020027161
 5409      14.01000022888184    -0.4156999886035919
 5410      1.008000016212463     0.2718999981880188
 5411      12.01000022888184   -0.02520000003278255
 5412      1.008000016212463     0.0697999969124794
 5413      1.008000016212463     0.0697999969124794
 5414      12.01000022888184     0.5972999930381775
 5415                     16    -0.5679000020027161
 5416      14.01000022888184     -0.347900003194809
 5417      1.008000016212463     0.2746999859809875
 5418      12.01000022888184     -0.263700008392334
 5419      1.008000016212463     0.1560000032186508
 5420      12.01000022888184  -0.000699999975040555
 5421      1.008000016212463    0.03269999846816063
 5422      1.008000016212463    0.03269999846816063
 5423      12.01000022888184     0.0390000008046627
 5424      1.008000016212463    0.02850000001490116
 5425      1.008000016212463    0.02850000001490116
 5426      12.01000022888184    0.04859999939799309
 5427      1.008000016212463    0.06870000064373016
 5428      1.008000016212463    0.06870000064373016
 5429      14.01000022888184    -0.5295000076293945
 5430      1.008000016212463     0.3456000089645386
 5431      12.01000022888184     0.8076000213623047
 5432      14.01000022888184    -0.8626999855041504
 5433      1.008000016212463     0.4478000104427338
 5434      1.008000016212463     0.4478000104427338
 5435      14.01000022888184    -0.8626999855041504
 5436      1.008000016212463     0.4478000104427338
 5437      1.008000016212463     0.4478000104427338
 5438      12.01000022888184     0.7340999841690063
 5439                     16    -0.5893999934196472
 5440      14.01000022888184     -0.347900003194809
 5441      1.008000016212463     0.2746999859809875
 5442      12.01000022888184     -0.263700008392334
 5443      1.008000016212463     0.1560000032186508
 5444      12.01000022888184  -0.000699999975040555
 5445      1.008000016212463    0.03269999846816063
 5446      1.008000016212463    0.03269999846816063
 5447      12.01000022888184     0.0390000008046627
 5448      1.008000016212463    0.02850000001490116
 5449      1.008000016212463    0.02850000001490116
 5450      12.01000022888184    0.04859999939799309
 5451      1.008000016212463    0.06870000064373016
 5452      1.008000016212463    0.06870000064373016
 5453      14.01000022888184    -0.5295000076293945
 5454      1.008000016212463     0.3456000089645386
 5455      12.01000022888184     0.8076000213623047
 5456      14.01000022888184    -0.8626999855041504
 5457      1.008000016212463     0.4478000104427338
 5458      1.008000016212463     0.4478000104427338
 5459      14.01000022888184    -0.8626999855041504
 5460      1.008000016212463     0.4478000104427338
 5461      1.008000016212463     0.4478000104427338
 5462      12.01000022888184     0.7340999841690063
 5463                     16    -0.5893999934196472
 5464      14.01000022888184    -0.4156999886035919
 5465      1.008000016212463     0.2718999981880188
 5466      12.01000022888184  -0.002400000113993883
 5467      1.008000016212463    0.09780000150203705
 5468      12.01000022888184   -0.03429999947547913
 5469      1.008000016212463    0.02950000017881393
 5470      1.008000016212463    0.02950000017881393
 5471      12.01000022888184     0.0118000004440546
 5472      12.01000022888184    -0.1255999952554703
 5473      1.008000016212463     0.1330000013113022
 5474      12.01000022888184    -0.1703999936580658
 5475      1.008000016212463     0.1430000066757202
 5476      12.01000022888184    -0.1071999967098236
 5477      1.008000016212463     0.1297000050544739
 5478      12.01000022888184    -0.1703999936580658
 5479      1.008000016212463     0.1430000066757202
 5480      12.01000022888184    -0.1255999952554703
 5481      1.008000016212463     0.1330000013113022
 5482      12.01000022888184     0.5972999930381775
 5483                     16    -0.5679000020027161
 5484      14.01000022888184     -0.347900003194809
 5485      1.008000016212463     0.2746999859809875
 5486      12.01000022888184     -0.263700008392334
 5487      1.008000016212463     0.1560000032186508
 5488      12.01000022888184  -0.000699999975040555
 5489      1.008000016212463    0.03269999846816063
 5490      1.008000016212463    0.03269999846816063
 5491      12.01000022888184     0.0390000008046627
 5492      1.008000016212463    0.02850000001490116
 5493      1.008000016212463    0.02850000001490116
 5494      12.01000022888184    0.04859999939799309
 5495      1.008000016212463    0.06870000064373016
 5496      1.008000016212463    0.06870000064373016
 5497      14.01000022888184    -0.5295000076293945
 5498      1.008000016212463     0.3456000089645386
 5499      12.01000022888184     0.8076000213623047
 5500      14.01000022888184    -0.8626999855041504
 5501      1.008000016212463     0.4478000104427338
 5502      1.008000016212463     0.4478000104427338
 5503      14.01000022888184    -0.8626999855041504
 5504      1.008000016212463     0.4478000104427338
 5505      1.008000016212463     0.4478000104427338
 5506      12.01000022888184     0.7340999841690063
 5507                     16    -0.5893999934196472
 5508      14.01000022888184    -0.4156999886035919
 5509      1.008000016212463     0.2718999981880188
 5510      12.01000022888184   -0.02490000054240227
 5511      1.008000016212463    0.08429999649524689
 5512      12.01000022888184     0.2117000073194504
 5513      1.008000016212463    0.03519999980926514
 5514      1.008000016212463    0.03519999980926514
 5515                     16    -0.6546000242233276
 5516      1.008000016212463     0.4275000095367432
 5517      12.01000022888184     0.5972999930381775
 5518                     16    -0.5679000020027161
 5519      14.01000022888184    -0.4156999886035919
 5520      1.008000016212463     0.2718999981880188
 5521      12.01000022888184   -0.05180000141263008
 5522      1.008000016212463    0.09220000356435776
 5523      12.01000022888184    -0.1102000027894974
 5524      1.008000016212463    0.04569999873638153
 5525      1.008000016212463    0.04569999873638153
 5526      12.01000022888184     0.3531000018119812
 5527      1.008000016212463   -0.03610000014305115
 5528      12.01000022888184    -0.4120999872684479
 5529      1.008000016212463     0.1000000014901161
 5530      1.008000016212463     0.1000000014901161
 5531      1.008000016212463     0.1000000014901161
 5532      12.01000022888184    -0.4120999872684479
 5533      1.008000016212463     0.1000000014901161
 5534      1.008000016212463     0.1000000014901161
 5535      1.008000016212463     0.1000000014901161
 5536      12.01000022888184     0.5972999930381775
 5537                     16    -0.5679000020027161
 5538      14.01000022888184     -0.347900003194809
 5539      1.008000016212463     0.2746999859809875
 5540      12.01000022888184     -0.239999994635582
 5541      1.008000016212463     0.1425999999046326
 5542      12.01000022888184  -0.009399999864399433
 5543      1.008000016212463    0.03620000183582306
 5544      1.008000016212463    0.03620000183582306
 5545      12.01000022888184     0.0186999998986721
 5546      1.008000016212463    0.01030000019818544
 5547      1.008000016212463    0.01030000019818544
 5548      12.01000022888184    -0.0478999987244606
 5549      1.008000016212463    0.06210000067949295
 5550      1.008000016212463    0.06210000067949295
 5551      12.01000022888184   -0.01429999992251396
 5552      1.008000016212463     0.1134999990463257
 5553      1.008000016212463     0.1134999990463257
 5554      14.01000022888184    -0.3853999972343445
 5555      1.008000016212463     0.3400000035762787
 5556      1.008000016212463     0.3400000035762787
 5557      1.008000016212463     0.3400000035762787
 5558      12.01000022888184     0.7340999841690063
 5559                     16    -0.5893999934196472
 5560      14.01000022888184    -0.4156999886035919
 5561      1.008000016212463     0.2718999981880188
 5562      12.01000022888184   -0.02370000071823597
 5563      1.008000016212463    0.08799999952316284
 5564      12.01000022888184    0.03420000150799751
 5565      1.008000016212463    0.02410000003874302
 5566      1.008000016212463    0.02410000003874302
 5567      12.01000022888184   0.001799999969080091
 5568      1.008000016212463    0.04399999976158142
 5569      1.008000016212463    0.04399999976158142
 5570      32.06000137329102    -0.2736999988555908
 5571      12.01000022888184    -0.0535999983549118
 5572      1.008000016212463    0.06840000301599503
 5573      1.008000016212463    0.06840000301599503
 5574      1.008000016212463    0.06840000301599503
 5575      12.01000022888184     0.5972999930381775
 5576                     16    -0.5679000020027161
 5577      14.01000022888184    -0.4156999886035919
 5578      1.008000016212463     0.2718999981880188
 5579      12.01000022888184   -0.02749999985098839
 5580      1.008000016212463     0.1123000010848045
 5581      12.01000022888184  -0.004999999888241291
 5582      1.008000016212463    0.03390000015497208
 5583      1.008000016212463    0.03390000015497208
 5584      12.01000022888184    -0.1414999961853027
 5585      12.01000022888184    -0.1638000011444092
 5586      1.008000016212463     0.2062000036239624
 5587      14.01000022888184    -0.3418000042438507
 5588      1.008000016212463     0.3411999940872192
 5589      12.01000022888184     0.1379999965429306
 5590      12.01000022888184    -0.2601000070571899
 5591      1.008000016212463     0.1571999937295914
 5592      12.01000022888184    -0.1133999973535538
 5593      1.008000016212463     0.1416999995708466
 5594      12.01000022888184    -0.1972000002861023
 5595      1.008000016212463     0.1447000056505203
 5596      12.01000022888184    -0.2387000024318695
 5597      1.008000016212463     0.1700000017881393
 5598      12.01000022888184     0.1243000030517578
 5599      12.01000022888184     0.5972999930381775
 5600                     16    -0.5679000020027161
 5601      14.01000022888184    -0.4156999886035919
 5602      1.008000016212463     0.2718999981880188
 5603      12.01000022888184  -0.002400000113993883
 5604      1.008000016212463    0.09780000150203705
 5605      12.01000022888184   -0.03429999947547913
 5606      1.008000016212463    0.02950000017881393
 5607      1.008000016212463    0.02950000017881393
 5608      12.01000022888184     0.0118000004440546
 5609      12.01000022888184    -0.1255999952554703
 5610      1.008000016212463     0.1330000013113022
 5611      12.01000022888184    -0.1703999936580658
 5612      1.008000016212463     0.1430000066757202
 5613      12.01000022888184    -0.1071999967098236
 5614      1.008000016212463     0.1297000050544739
 5615      12.01000022888184    -0.1703999936580658
 5616      1.008000016212463     0.1430000066757202
 5617      12.01000022888184    -0.1255999952554703
 5618      1.008000016212463     0.1330000013113022
 5619      12.01000022888184     0.5972999930381775
 5620                     16    -0.5679000020027161
 5621      14.01000022888184    -0.4156999886035919
 5622      1.008000016212463     0.2718999981880188
 5623      12.01000022888184   -0.08749999850988388
 5624      1.008000016212463    0.09690000116825104
 5625      12.01000022888184     0.2985000014305115
 5626      1.008000016212463   -0.02969999983906746
 5627      12.01000022888184    -0.3192000091075897
 5628      1.008000016212463    0.07909999787807465
 5629      1.008000016212463    0.07909999787807465
 5630      1.008000016212463    0.07909999787807465
 5631      12.01000022888184    -0.3192000091075897
 5632      1.008000016212463    0.07909999787807465
 5633      1.008000016212463    0.07909999787807465
 5634      1.008000016212463    0.07909999787807465
 5635      12.01000022888184     0.5972999930381775
 5636                     16    -0.5679000020027161
 5637      14.01000022888184    -0.4156999886035919
 5638      1.008000016212463     0.2718999981880188
 5639      12.01000022888184  -0.002400000113993883
 5640      1.008000016212463    0.09780000150203705
 5641      12.01000022888184   -0.03429999947547913
 5642      1.008000016212463    0.02950000017881393
 5643      1.008000016212463    0.02950000017881393
 5644      12.01000022888184     0.0118000004440546
 5645      12.01000022888184    -0.1255999952554703
 5646      1.008000016212463     0.1330000013113022
 5647      12.01000022888184    -0.1703999936580658
 5648      1.008000016212463     0.1430000066757202
 5649      12.01000022888184    -0.1071999967098236
 5650      1.008000016212463     0.1297000050544739
 5651      12.01000022888184    -0.1703999936580658
 5652      1.008000016212463     0.1430000066757202
 5653      12.01000022888184    -0.1255999952554703
 5654      1.008000016212463     0.1330000013113022
 5655      12.01000022888184     0.5972999930381775
 5656                     16    -0.5679000020027161
 5657      14.01000022888184     -0.347900003194809
 5658      1.008000016212463     0.2746999859809875
 5659      12.01000022888184     -0.263700008392334
 5660      1.008000016212463     0.1560000032186508
 5661      12.01000022888184  -0.000699999975040555
 5662      1.008000016212463    0.03269999846816063
 5663      1.008000016212463    0.03269999846816063
 5664      12.01000022888184     0.0390000008046627
 5665      1.008000016212463    0.02850000001490116
 5666      1.008000016212463    0.02850000001490116
 5667      12.01000022888184    0.04859999939799309
 5668      1.008000016212463    0.06870000064373016
 5669      1.008000016212463    0.06870000064373016
 5670      14.01000022888184    -0.5295000076293945
 5671      1.008000016212463     0.3456000089645386
 5672      12.01000022888184     0.8076000213623047
 5673      14.01000022888184    -0.8626999855041504
 5674      1.008000016212463     0.4478000104427338
 5675      1.008000016212463     0.4478000104427338
 5676      14.01000022888184    -0.8626999855041504
 5677      1.008000016212463     0.4478000104427338
 5678      1.008000016212463     0.4478000104427338
 5679      12.01000022888184     0.7340999841690063
 5680                     16    -0.5893999934196472
 5681      14.01000022888184    -0.4156999886035919
 5682      1.008000016212463     0.2718999981880188
 5683      12.01000022888184   -0.02370000071823597
 5684      1.008000016212463    0.08799999952316284
 5685      12.01000022888184    0.03420000150799751
 5686      1.008000016212463    0.02410000003874302
 5687      1.008000016212463    0.02410000003874302
 5688      12.01000022888184   0.001799999969080091
 5689      1.008000016212463    0.04399999976158142
 5690      1.008000016212463    0.04399999976158142
 5691      32.06000137329102    -0.2736999988555908
 5692      12.01000022888184    -0.0535999983549118
 5693      1.008000016212463    0.06840000301599503
 5694      1.008000016212463    0.06840000301599503
 5695      1.008000016212463    0.06840000301599503
 5696      12.01000022888184     0.5972999930381775
 5697                     16    -0.5679000020027161
 5698      14.01000022888184    -0.4156999886035919
 5699      1.008000016212463     0.2718999981880188
 5700      12.01000022888184   -0.00139999995008111
 5701      1.008000016212463    0.08760000020265579
 5702      12.01000022888184   -0.01520000025629997
 5703      1.008000016212463    0.02950000017881393
 5704      1.008000016212463    0.02950000017881393
 5705      12.01000022888184  -0.001099999994039536
 5706      12.01000022888184    -0.1905999928712845
 5707      1.008000016212463     0.1699000000953674
 5708      12.01000022888184    -0.2340999990701675
 5709      1.008000016212463     0.1656000018119812
 5710      12.01000022888184     0.3226000070571899
 5711                     16    -0.5579000115394592
 5712      1.008000016212463     0.3991999924182892
 5713      12.01000022888184    -0.2340999990701675
 5714      1.008000016212463     0.1656000018119812
 5715      12.01000022888184    -0.1905999928712845
 5716      1.008000016212463     0.1699000000953674
 5717      12.01000022888184     0.5972999930381775
 5718                     16    -0.5679000020027161
 5719      14.01000022888184    -0.4156999886035919
 5720      1.008000016212463     0.2718999981880188
 5721      12.01000022888184   -0.02520000003278255
 5722      1.008000016212463     0.0697999969124794
 5723      1.008000016212463     0.0697999969124794
 5724      12.01000022888184     0.5972999930381775
 5725                     16    -0.5679000020027161
 5726      14.01000022888184    -0.4156999886035919
 5727      1.008000016212463     0.2718999981880188
 5728      12.01000022888184   -0.08749999850988388
 5729      1.008000016212463    0.09690000116825104
 5730      12.01000022888184     0.2985000014305115
 5731      1.008000016212463   -0.02969999983906746
 5732      12.01000022888184    -0.3192000091075897
 5733      1.008000016212463    0.07909999787807465
 5734      1.008000016212463    0.07909999787807465
 5735      1.008000016212463    0.07909999787807465
 5736      12.01000022888184    -0.3192000091075897
 5737      1.008000016212463    0.07909999787807465
 5738      1.008000016212463    0.07909999787807465
 5739      1.008000016212463    0.07909999787807465
 5740      12.01000022888184     0.5972999930381775
 5741                     16    -0.5679000020027161
 5742      14.01000022888184     -0.347900003194809
 5743      1.008000016212463     0.2746999859809875
 5744      12.01000022888184     -0.239999994635582
 5745      1.008000016212463     0.1425999999046326
 5746      12.01000022888184  -0.009399999864399433
 5747      1.008000016212463    0.03620000183582306
 5748      1.008000016212463    0.03620000183582306
 5749      12.01000022888184     0.0186999998986721
 5750      1.008000016212463    0.01030000019818544
 5751      1.008000016212463    0.01030000019818544
 5752      12.01000022888184    -0.0478999987244606
 5753      1.008000016212463    0.06210000067949295
 5754      1.008000016212463    0.06210000067949295
 5755      12.01000022888184   -0.01429999992251396
 5756      1.008000016212463     0.1134999990463257
 5757      1.008000016212463     0.1134999990463257
 5758      14.01000022888184    -0.3853999972343445
 5759      1.008000016212463     0.3400000035762787
 5760      1.008000016212463     0.3400000035762787
 5761      1.008000016212463     0.3400000035762787
 5762      12.01000022888184     0.7340999841690063
 5763                     16    -0.5893999934196472
 5764      14.01000022888184    -0.4156999886035919
 5765      1.008000016212463     0.2718999981880188
 5766      12.01000022888184   -0.02520000003278255
 5767      1.008000016212463     0.0697999969124794
 5768      1.008000016212463     0.0697999969124794
 5769      12.01000022888184     0.5972999930381775
 5770                     16    -0.5679000020027161
 5771      14.01000022888184    -0.4156999886035919
 5772      1.008000016212463     0.2718999981880188
 5773      12.01000022888184   -0.05180000141263008
 5774      1.008000016212463    0.09220000356435776
 5775      12.01000022888184    -0.1102000027894974
 5776      1.008000016212463    0.04569999873638153
 5777      1.008000016212463    0.04569999873638153
 5778      12.01000022888184     0.3531000018119812
 5779      1.008000016212463   -0.03610000014305115
 5780      12.01000022888184    -0.4120999872684479
 5781      1.008000016212463     0.1000000014901161
 5782      1.008000016212463     0.1000000014901161
 5783      1.008000016212463     0.1000000014901161
 5784      12.01000022888184    -0.4120999872684479
 5785      1.008000016212463     0.1000000014901161
 5786      1.008000016212463     0.1000000014901161
 5787      1.008000016212463     0.1000000014901161
 5788      12.01000022888184     0.5972999930381775
 5789                     16    -0.5679000020027161
 5790      14.01000022888184    -0.4156999886035919
 5791      1.008000016212463     0.2718999981880188
 5792      12.01000022888184  -0.003100000089034438
 5793      1.008000016212463    0.08500000089406967
 5794      12.01000022888184  -0.003599999938160181
 5795      1.008000016212463    0.01710000075399876
 5796      1.008000016212463    0.01710000075399876
 5797      12.01000022888184   -0.06449999660253525
 5798      1.008000016212463    0.03519999980926514
 5799      1.008000016212463    0.03519999980926514
 5800      12.01000022888184     0.6951000094413757
 5801                     16    -0.6086000204086304
 5802      14.01000022888184    -0.9406999945640564
 5803      1.008000016212463     0.4250999987125397
 5804      1.008000016212463     0.4250999987125397
 5805      12.01000022888184     0.5972999930381775
 5806                     16    -0.5679000020027161
 5807      14.01000022888184    -0.4156999886035919
 5808      1.008000016212463     0.2718999981880188
 5809      12.01000022888184    0.03370000049471855
 5810      1.008000016212463    0.08229999989271164
 5811      12.01000022888184    -0.1825000047683716
 5812      1.008000016212463    0.06030000001192093
 5813      1.008000016212463    0.06030000001192093
 5814      1.008000016212463    0.06030000001192093
 5815      12.01000022888184     0.5972999930381775
 5816                     16    -0.5679000020027161
 5817      14.01000022888184    -0.4156999886035919
 5818      1.008000016212463     0.2718999981880188
 5819      12.01000022888184   -0.00139999995008111
 5820      1.008000016212463    0.08760000020265579
 5821      12.01000022888184   -0.01520000025629997
 5822      1.008000016212463    0.02950000017881393
 5823      1.008000016212463    0.02950000017881393
 5824      12.01000022888184  -0.001099999994039536
 5825      12.01000022888184    -0.1905999928712845
 5826      1.008000016212463     0.1699000000953674
 5827      12.01000022888184    -0.2340999990701675
 5828      1.008000016212463     0.1656000018119812
 5829      12.01000022888184     0.3226000070571899
 5830                     16    -0.5579000115394592
 5831      1.008000016212463     0.3991999924182892
 5832      12.01000022888184    -0.2340999990701675
 5833      1.008000016212463     0.1656000018119812
 5834      12.01000022888184    -0.1905999928712845
 5835      1.008000016212463     0.1699000000953674
 5836      12.01000022888184     0.5972999930381775
 5837                     16    -0.5679000020027161
 5838      14.01000022888184    -0.4156999886035919
 5839      1.008000016212463     0.2718999981880188
 5840      12.01000022888184   -0.05970000103116035
 5841      1.008000016212463     0.0869000032544136
 5842      12.01000022888184     0.1303000003099442
 5843      1.008000016212463     0.0186999998986721
 5844      12.01000022888184    -0.3203999996185303
 5845      1.008000016212463    0.08820000290870667
 5846      1.008000016212463    0.08820000290870667
 5847      1.008000016212463    0.08820000290870667
 5848      12.01000022888184    -0.0430000014603138
 5849      1.008000016212463    0.02360000088810921
 5850      1.008000016212463    0.02360000088810921
 5851      12.01000022888184   -0.06599999964237213
 5852      1.008000016212463    0.01860000006854534
 5853      1.008000016212463    0.01860000006854534
 5854      1.008000016212463    0.01860000006854534
 5855      12.01000022888184     0.5972999930381775
 5856                     16    -0.5679000020027161
 5857      14.01000022888184     -0.347900003194809
 5858      1.008000016212463     0.2746999859809875
 5859      12.01000022888184     -0.263700008392334
 5860      1.008000016212463     0.1560000032186508
 5861      12.01000022888184  -0.000699999975040555
 5862      1.008000016212463    0.03269999846816063
 5863      1.008000016212463    0.03269999846816063
 5864      12.01000022888184     0.0390000008046627
 5865      1.008000016212463    0.02850000001490116
 5866      1.008000016212463    0.02850000001490116
 5867      12.01000022888184    0.04859999939799309
 5868      1.008000016212463    0.06870000064373016
 5869      1.008000016212463    0.06870000064373016
 5870      14.01000022888184    -0.5295000076293945
 5871      1.008000016212463     0.3456000089645386
 5872      12.01000022888184     0.8076000213623047
 5873      14.01000022888184    -0.8626999855041504
 5874      1.008000016212463     0.4478000104427338
 5875      1.008000016212463     0.4478000104427338
 5876      14.01000022888184    -0.8626999855041504
 5877      1.008000016212463     0.4478000104427338
 5878      1.008000016212463     0.4478000104427338
 5879      12.01000022888184     0.7340999841690063
 5880                     16    -0.5893999934196472
 5881      14.01000022888184     -0.347900003194809
 5882      1.008000016212463     0.2746999859809875
 5883      12.01000022888184     -0.239999994635582
 5884      1.008000016212463     0.1425999999046326
 5885      12.01000022888184  -0.009399999864399433
 5886      1.008000016212463    0.03620000183582306
 5887      1.008000016212463    0.03620000183582306
 5888      12.01000022888184     0.0186999998986721
 5889      1.008000016212463    0.01030000019818544
 5890      1.008000016212463    0.01030000019818544
 5891      12.01000022888184    -0.0478999987244606
 5892      1.008000016212463    0.06210000067949295
 5893      1.008000016212463    0.06210000067949295
 5894      12.01000022888184   -0.01429999992251396
 5895      1.008000016212463     0.1134999990463257
 5896      1.008000016212463     0.1134999990463257
 5897      14.01000022888184    -0.3853999972343445
 5898      1.008000016212463     0.3400000035762787
 5899      1.008000016212463     0.3400000035762787
 5900      1.008000016212463     0.3400000035762787
 5901      12.01000022888184     0.7340999841690063
 5902                     16    -0.5893999934196472
 5903      14.01000022888184    -0.4156999886035919
 5904      1.008000016212463     0.2718999981880188
 5905      12.01000022888184    0.01879999972879887
 5906      1.008000016212463    0.08810000121593475
 5907      12.01000022888184   -0.04619999974966049
 5908      1.008000016212463    0.04019999876618385
 5909      1.008000016212463    0.04019999876618385
 5910      12.01000022888184   -0.02659999951720238
 5911      14.01000022888184    -0.3810999989509583
 5912      1.008000016212463     0.3648999929428101
 5913      12.01000022888184     0.2056999951601028
 5914      1.008000016212463     0.1392000019550323
 5915      14.01000022888184     -0.572700023651123
 5916      12.01000022888184     0.1291999965906143
 5917      1.008000016212463     0.1146999970078468
 5918      12.01000022888184     0.5972999930381775
 5919                     16    -0.5679000020027161
 5920      14.01000022888184    -0.4156999886035919
 5921      1.008000016212463     0.2718999981880188
 5922      12.01000022888184   -0.08749999850988388
 5923      1.008000016212463    0.09690000116825104
 5924      12.01000022888184     0.2985000014305115
 5925      1.008000016212463   -0.02969999983906746
 5926      12.01000022888184    -0.3192000091075897
 5927      1.008000016212463    0.07909999787807465
 5928      1.008000016212463    0.07909999787807465
 5929      1.008000016212463    0.07909999787807465
 5930      12.01000022888184    -0.3192000091075897
 5931      1.008000016212463    0.07909999787807465
 5932      1.008000016212463    0.07909999787807465
 5933      1.008000016212463    0.07909999787807465
 5934      12.01000022888184     0.5972999930381775
 5935                     16    -0.5679000020027161
 5936      14.01000022888184    -0.4156999886035919
 5937      1.008000016212463     0.2718999981880188
 5938      12.01000022888184  -0.003100000089034438
 5939      1.008000016212463    0.08500000089406967
 5940      12.01000022888184  -0.003599999938160181
 5941      1.008000016212463    0.01710000075399876
 5942      1.008000016212463    0.01710000075399876
 5943      12.01000022888184   -0.06449999660253525
 5944      1.008000016212463    0.03519999980926514
 5945      1.008000016212463    0.03519999980926514
 5946      12.01000022888184     0.6951000094413757
 5947                     16    -0.6086000204086304
 5948      14.01000022888184    -0.9406999945640564
 5949      1.008000016212463     0.4250999987125397
 5950      1.008000016212463     0.4250999987125397
 5951      12.01000022888184     0.5972999930381775
 5952                     16    -0.5679000020027161
 5953      14.01000022888184    -0.4156999886035919
 5954      1.008000016212463     0.2718999981880188
 5955      12.01000022888184   -0.05180000141263008
 5956      1.008000016212463    0.09220000356435776
 5957      12.01000022888184    -0.1102000027894974
 5958      1.008000016212463    0.04569999873638153
 5959      1.008000016212463    0.04569999873638153
 5960      12.01000022888184     0.3531000018119812
 5961      1.008000016212463   -0.03610000014305115
 5962      12.01000022888184    -0.4120999872684479
 5963      1.008000016212463     0.1000000014901161
 5964      1.008000016212463     0.1000000014901161
 5965      1.008000016212463     0.1000000014901161
 5966      12.01000022888184    -0.4120999872684479
 5967      1.008000016212463     0.1000000014901161
 5968      1.008000016212463     0.1000000014901161
 5969      1.008000016212463     0.1000000014901161
 5970      12.01000022888184     0.5972999930381775
 5971                     16    -0.5679000020027161
 5972      14.01000022888184    -0.4156999886035919
 5973      1.008000016212463     0.2718999981880188
 5974      12.01000022888184   -0.02490000054240227
 5975      1.008000016212463    0.08429999649524689
 5976      12.01000022888184     0.2117000073194504
 5977      1.008000016212463    0.03519999980926514
 5978      1.008000016212463    0.03519999980926514
 5979                     16    -0.6546000242233276
 5980      1.008000016212463     0.4275000095367432
 5981      12.01000022888184     0.5972999930381775
 5982                     16    -0.5679000020027161
 5983      14.01000022888184    -0.4156999886035919
 5984      1.008000016212463     0.2718999981880188
 5985      12.01000022888184   -0.05810000002384186
 5986      1.008000016212463      0.136000007390976
 5987      12.01000022888184  -0.007400000002235174
 5988      1.008000016212463    0.03669999912381172
 5989      1.008000016212463    0.03669999912381172
 5990      12.01000022888184     0.1868000030517578
 5991      14.01000022888184    -0.5432000160217285
 5992      12.01000022888184     0.1634999960660934
 5993      1.008000016212463     0.1435000002384186
 5994      14.01000022888184    -0.2795000076293945
 5995      1.008000016212463     0.3339000046253204
 5996      12.01000022888184    -0.2206999957561493
 5997      1.008000016212463     0.1861999928951263
 5998      12.01000022888184     0.5972999930381775
 5999                     16    -0.5679000020027161
 6000      14.01000022888184    -0.5163000226020813
 6001      1.008000016212463     0.2935999929904938
 6002      12.01000022888184    0.03970000147819519
 6003      1.008000016212463     0.1105000004172325
 6004      12.01000022888184     0.0560000017285347
 6005      1.008000016212463   -0.01730000041425228
 6006      1.008000016212463   -0.01730000041425228
 6007      12.01000022888184    0.01360000018030405
 6008      1.008000016212463   -0.04250000044703484
 6009      1.008000016212463   -0.04250000044703484
 6010      12.01000022888184      0.805400013923645
 6011                     16    -0.8187999725341797
 6012                     16    -0.8187999725341797
 6013      12.01000022888184     0.5365999937057495
 6014                     16    -0.5819000005722046
 6015      14.01000022888184    -0.4156999886035919
 6016      1.008000016212463     0.2718999981880188
 6017      12.01000022888184  -0.002400000113993883
 6018      1.008000016212463    0.09780000150203705
 6019      12.01000022888184   -0.03429999947547913
 6020      1.008000016212463    0.02950000017881393
 6021      1.008000016212463    0.02950000017881393
 6022      12.01000022888184     0.0118000004440546
 6023      12.01000022888184    -0.1255999952554703
 6024      1.008000016212463     0.1330000013113022
 6025      12.01000022888184    -0.1703999936580658
 6026      1.008000016212463     0.1430000066757202
 6027      12.01000022888184    -0.1071999967098236
 6028      1.008000016212463     0.1297000050544739
 6029      12.01000022888184    -0.1703999936580658
 6030      1.008000016212463     0.1430000066757202
 6031      12.01000022888184    -0.1255999952554703
 6032      1.008000016212463     0.1330000013113022
 6033      12.01000022888184     0.5972999930381775
 6034                     16    -0.5679000020027161
 6035      14.01000022888184    -0.5163000226020813
 6036      1.008000016212463     0.2935999929904938
 6037      12.01000022888184    0.03970000147819519
 6038      1.008000016212463     0.1105000004172325
 6039      12.01000022888184     0.0560000017285347
 6040      1.008000016212463   -0.01730000041425228
 6041      1.008000016212463   -0.01730000041425228
 6042      12.01000022888184    0.01360000018030405
 6043      1.008000016212463   -0.04250000044703484
 6044      1.008000016212463   -0.04250000044703484
 6045      12.01000022888184      0.805400013923645
 6046                     16    -0.8187999725341797
 6047                     16    -0.8187999725341797
 6048      12.01000022888184     0.5365999937057495
 6049                     16    -0.5819000005722046
 6050      14.01000022888184    -0.4156999886035919
 6051      1.008000016212463     0.2718999981880188
 6052      12.01000022888184   -0.02490000054240227
 6053      1.008000016212463    0.08429999649524689
 6054      12.01000022888184     0.2117000073194504
 6055      1.008000016212463    0.03519999980926514
 6056      1.008000016212463    0.03519999980926514
 6057                     16    -0.6546000242233276
 6058      1.008000016212463     0.4275000095367432
 6059      12.01000022888184     0.5972999930381775
 6060                     16    -0.5679000020027161
 6061      14.01000022888184    -0.4156999886035919
 6062      1.008000016212463     0.2718999981880188
 6063      12.01000022888184   -0.05180000141263008
 6064      1.008000016212463    0.09220000356435776
 6065      12.01000022888184    -0.1102000027894974
 6066      1.008000016212463    0.04569999873638153
 6067      1.008000016212463    0.04569999873638153
 6068      12.01000022888184     0.3531000018119812
 6069      1.008000016212463   -0.03610000014305115
 6070      12.01000022888184    -0.4120999872684479
 6071      1.008000016212463     0.1000000014901161
 6072      1.008000016212463     0.1000000014901161
 6073      1.008000016212463     0.1000000014901161
 6074      12.01000022888184    -0.4120999872684479
 6075      1.008000016212463     0.1000000014901161
 6076      1.008000016212463     0.1000000014901161
 6077      1.008000016212463     0.1000000014901161
 6078      12.01000022888184     0.5972999930381775
 6079                     16    -0.5679000020027161
 6080      14.01000022888184    -0.4156999886035919
 6081      1.008000016212463     0.2718999981880188
 6082      12.01000022888184   -0.08749999850988388
 6083      1.008000016212463    0.09690000116825104
 6084      12.01000022888184     0.2985000014305115
 6085      1.008000016212463   -0.02969999983906746
 6086      12.01000022888184    -0.3192000091075897
 6087      1.008000016212463    0.07909999787807465
 6088      1.008000016212463    0.07909999787807465
 6089      1.008000016212463    0.07909999787807465
 6090      12.01000022888184    -0.3192000091075897
 6091      1.008000016212463    0.07909999787807465
 6092      1.008000016212463    0.07909999787807465
 6093      1.008000016212463    0.07909999787807465
 6094      12.01000022888184     0.5972999930381775
 6095                     16    -0.5679000020027161
 6096      14.01000022888184     -0.347900003194809
 6097      1.008000016212463     0.2746999859809875
 6098      12.01000022888184     -0.263700008392334
 6099      1.008000016212463     0.1560000032186508
 6100      12.01000022888184  -0.000699999975040555
 6101      1.008000016212463    0.03269999846816063
 6102      1.008000016212463    0.03269999846816063
 6103      12.01000022888184     0.0390000008046627
 6104      1.008000016212463    0.02850000001490116
 6105      1.008000016212463    0.02850000001490116
 6106      12.01000022888184    0.04859999939799309
 6107      1.008000016212463    0.06870000064373016
 6108      1.008000016212463    0.06870000064373016
 6109      14.01000022888184    -0.5295000076293945
 6110      1.008000016212463     0.3456000089645386
 6111      12.01000022888184     0.8076000213623047
 6112      14.01000022888184    -0.8626999855041504
 6113      1.008000016212463     0.4478000104427338
 6114      1.008000016212463     0.4478000104427338
 6115      14.01000022888184    -0.8626999855041504
 6116      1.008000016212463     0.4478000104427338
 6117      1.008000016212463     0.4478000104427338
 6118      12.01000022888184     0.7340999841690063
 6119                     16    -0.5893999934196472
 6120      14.01000022888184    -0.4156999886035919
 6121      1.008000016212463     0.2718999981880188
 6122      12.01000022888184  -0.003100000089034438
 6123      1.008000016212463    0.08500000089406967
 6124      12.01000022888184  -0.003599999938160181
 6125      1.008000016212463    0.01710000075399876
 6126      1.008000016212463    0.01710000075399876
 6127      12.01000022888184   -0.06449999660253525
 6128      1.008000016212463    0.03519999980926514
 6129      1.008000016212463    0.03519999980926514
 6130      12.01000022888184     0.6951000094413757
 6131                     16    -0.6086000204086304
 6132      14.01000022888184    -0.9406999945640564
 6133      1.008000016212463     0.4250999987125397
 6134      1.008000016212463     0.4250999987125397
 6135      12.01000022888184     0.5972999930381775
 6136                     16    -0.5679000020027161
 6137      14.01000022888184    -0.5163000226020813
 6138      1.008000016212463     0.2935999929904938
 6139      12.01000022888184    0.03810000047087669
 6140      1.008000016212463    0.08799999952316284
 6141      12.01000022888184   -0.03030000068247318
 6142      1.008000016212463   -0.01219999976456165
 6143      1.008000016212463   -0.01219999976456165
 6144      12.01000022888184     0.7993999719619751
 6145                     16    -0.8014000058174133
 6146                     16    -0.8014000058174133
 6147      12.01000022888184     0.5365999937057495
 6148                     16    -0.5819000005722046
 6149      14.01000022888184    -0.2547999918460846
 6150      12.01000022888184    0.01920000091195107
 6151      1.008000016212463    0.03909999877214432
 6152      1.008000016212463    0.03909999877214432
 6153      12.01000022888184    0.01889999955892563
 6154      1.008000016212463    0.02129999920725822
 6155      1.008000016212463    0.02129999920725822
 6156      12.01000022888184  -0.007000000216066837
 6157      1.008000016212463    0.02529999986290932
 6158      1.008000016212463    0.02529999986290932
 6159      12.01000022888184   -0.02659999951720238
 6160      1.008000016212463     0.0640999972820282
 6161      12.01000022888184     0.5896000266075134
 6162                     16    -0.5748000144958496
 6163      14.01000022888184     -0.347900003194809
 6164      1.008000016212463     0.2746999859809875
 6165      12.01000022888184     -0.263700008392334
 6166      1.008000016212463     0.1560000032186508
 6167      12.01000022888184  -0.000699999975040555
 6168      1.008000016212463    0.03269999846816063
 6169      1.008000016212463    0.03269999846816063
 6170      12.01000022888184     0.0390000008046627
 6171      1.008000016212463    0.02850000001490116
 6172      1.008000016212463    0.02850000001490116
 6173      12.01000022888184    0.04859999939799309
 6174      1.008000016212463    0.06870000064373016
 6175      1.008000016212463    0.06870000064373016
 6176      14.01000022888184    -0.5295000076293945
 6177      1.008000016212463     0.3456000089645386
 6178      12.01000022888184     0.8076000213623047
 6179      14.01000022888184    -0.8626999855041504
 6180      1.008000016212463     0.4478000104427338
 6181      1.008000016212463     0.4478000104427338
 6182      14.01000022888184    -0.8626999855041504
 6183      1.008000016212463     0.4478000104427338
 6184      1.008000016212463     0.4478000104427338
 6185      12.01000022888184     0.7340999841690063
 6186                     16    -0.5893999934196472
 6187      14.01000022888184    -0.4156999886035919
 6188      1.008000016212463     0.2718999981880188
 6189      12.01000022888184  -0.002400000113993883
 6190      1.008000016212463    0.09780000150203705
 6191      12.01000022888184   -0.03429999947547913
 6192      1.008000016212463    0.02950000017881393
 6193      1.008000016212463    0.02950000017881393
 6194      12.01000022888184     0.0118000004440546
 6195      12.01000022888184    -0.1255999952554703
 6196      1.008000016212463     0.1330000013113022
 6197      12.01000022888184    -0.1703999936580658
 6198      1.008000016212463     0.1430000066757202
 6199      12.01000022888184    -0.1071999967098236
 6200      1.008000016212463     0.1297000050544739
 6201      12.01000022888184    -0.1703999936580658
 6202      1.008000016212463     0.1430000066757202
 6203      12.01000022888184    -0.1255999952554703
 6204      1.008000016212463     0.1330000013113022
 6205      12.01000022888184     0.5972999930381775
 6206                     16    -0.5679000020027161
 6207      14.01000022888184    -0.5163000226020813
 6208      1.008000016212463     0.2935999929904938
 6209      12.01000022888184    0.03970000147819519
 6210      1.008000016212463     0.1105000004172325
 6211      12.01000022888184     0.0560000017285347
 6212      1.008000016212463   -0.01730000041425228
 6213      1.008000016212463   -0.01730000041425228
 6214      12.01000022888184    0.01360000018030405
 6215      1.008000016212463   -0.04250000044703484
 6216      1.008000016212463   -0.04250000044703484
 6217      12.01000022888184      0.805400013923645
 6218                     16    -0.8187999725341797
 6219                     16    -0.8187999725341797
 6220      12.01000022888184     0.5365999937057495
 6221                     16    -0.5819000005722046
 6222      14.01000022888184    -0.4156999886035919
 6223      1.008000016212463     0.2718999981880188
 6224      12.01000022888184   -0.05970000103116035
 6225      1.008000016212463     0.0869000032544136
 6226      12.01000022888184     0.1303000003099442
 6227      1.008000016212463     0.0186999998986721
 6228      12.01000022888184    -0.3203999996185303
 6229      1.008000016212463    0.08820000290870667
 6230      1.008000016212463    0.08820000290870667
 6231      1.008000016212463    0.08820000290870667
 6232      12.01000022888184    -0.0430000014603138
 6233      1.008000016212463    0.02360000088810921
 6234      1.008000016212463    0.02360000088810921
 6235      12.01000022888184   -0.06599999964237213
 6236      1.008000016212463    0.01860000006854534
 6237      1.008000016212463    0.01860000006854534
 6238      1.008000016212463    0.01860000006854534
 6239      12.01000022888184     0.5972999930381775
 6240                     16    -0.5679000020027161
 6241      14.01000022888184    -0.4156999886035919
 6242      1.008000016212463     0.2718999981880188
 6243      12.01000022888184    0.02129999920725822
 6244      1.008000016212463     0.1124000027775764
 6245      12.01000022888184    -0.1230999976396561
 6246      1.008000016212463     0.1111999973654747
 6247      1.008000016212463     0.1111999973654747
 6248      32.06000137329102    -0.3118999898433685
 6249      1.008000016212463     0.1932999938726425
 6250      12.01000022888184     0.5972999930381775
 6251                     16    -0.5679000020027161
 6252      14.01000022888184    -0.4156999886035919
 6253      1.008000016212463     0.2718999981880188
 6254      12.01000022888184   -0.08749999850988388
 6255      1.008000016212463    0.09690000116825104
 6256      12.01000022888184     0.2985000014305115
 6257      1.008000016212463   -0.02969999983906746
 6258      12.01000022888184    -0.3192000091075897
 6259      1.008000016212463    0.07909999787807465
 6260      1.008000016212463    0.07909999787807465
 6261      1.008000016212463    0.07909999787807465
 6262      12.01000022888184    -0.3192000091075897
 6263      1.008000016212463    0.07909999787807465
 6264      1.008000016212463    0.07909999787807465
 6265      1.008000016212463    0.07909999787807465
 6266      12.01000022888184     0.5972999930381775
 6267                     16    -0.5679000020027161
 6268      14.01000022888184    -0.5163000226020813
 6269      1.008000016212463     0.2935999929904938
 6270      12.01000022888184    0.03970000147819519
 6271      1.008000016212463     0.1105000004172325
 6272      12.01000022888184     0.0560000017285347
 6273      1.008000016212463   -0.01730000041425228
 6274      1.008000016212463   -0.01730000041425228
 6275      12.01000022888184    0.01360000018030405
 6276      1.008000016212463   -0.04250000044703484
 6277      1.008000016212463   -0.04250000044703484
 6278      12.01000022888184      0.805400013923645
 6279                     16    -0.8187999725341797
 6280                     16    -0.8187999725341797
 6281      12.01000022888184     0.5365999937057495
 6282                     16    -0.5819000005722046
 6283      14.01000022888184    -0.4156999886035919
 6284      1.008000016212463     0.2718999981880188
 6285      12.01000022888184   -0.08749999850988388
 6286      1.008000016212463    0.09690000116825104
 6287      12.01000022888184     0.2985000014305115
 6288      1.008000016212463   -0.02969999983906746
 6289      12.01000022888184    -0.3192000091075897
 6290      1.008000016212463    0.07909999787807465
 6291      1.008000016212463    0.07909999787807465
 6292      1.008000016212463    0.07909999787807465
 6293      12.01000022888184    -0.3192000091075897
 6294      1.008000016212463    0.07909999787807465
 6295      1.008000016212463    0.07909999787807465
 6296      1.008000016212463    0.07909999787807465
 6297      12.01000022888184     0.5972999930381775
 6298                     16    -0.5679000020027161
 6299      14.01000022888184    -0.4156999886035919
 6300      1.008000016212463     0.2718999981880188
 6301      12.01000022888184   -0.05970000103116035
 6302      1.008000016212463     0.0869000032544136
 6303      12.01000022888184     0.1303000003099442
 6304      1.008000016212463     0.0186999998986721
 6305      12.01000022888184    -0.3203999996185303
 6306      1.008000016212463    0.08820000290870667
 6307      1.008000016212463    0.08820000290870667
 6308      1.008000016212463    0.08820000290870667
 6309      12.01000022888184    -0.0430000014603138
 6310      1.008000016212463    0.02360000088810921
 6311      1.008000016212463    0.02360000088810921
 6312      12.01000022888184   -0.06599999964237213
 6313      1.008000016212463    0.01860000006854534
 6314      1.008000016212463    0.01860000006854534
 6315      1.008000016212463    0.01860000006854534
 6316      12.01000022888184     0.5972999930381775
 6317                     16    -0.5679000020027161
 6318      14.01000022888184    -0.4156999886035919
 6319      1.008000016212463     0.2718999981880188
 6320      12.01000022888184   -0.05180000141263008
 6321      1.008000016212463    0.09220000356435776
 6322      12.01000022888184    -0.1102000027894974
 6323      1.008000016212463    0.04569999873638153
 6324      1.008000016212463    0.04569999873638153
 6325      12.01000022888184     0.3531000018119812
 6326      1.008000016212463   -0.03610000014305115
 6327      12.01000022888184    -0.4120999872684479
 6328      1.008000016212463     0.1000000014901161
 6329      1.008000016212463     0.1000000014901161
 6330      1.008000016212463     0.1000000014901161
 6331      12.01000022888184    -0.4120999872684479
 6332      1.008000016212463     0.1000000014901161
 6333      1.008000016212463     0.1000000014901161
 6334      1.008000016212463     0.1000000014901161
 6335      12.01000022888184     0.5972999930381775
 6336                     16    -0.5679000020027161
 6337      14.01000022888184    -0.4156999886035919
 6338      1.008000016212463     0.2718999981880188
 6339      12.01000022888184   -0.02520000003278255
 6340      1.008000016212463     0.0697999969124794
 6341      1.008000016212463     0.0697999969124794
 6342      12.01000022888184     0.5972999930381775
 6343                     16    -0.5679000020027161
 6344      14.01000022888184    -0.4156999886035919
 6345      1.008000016212463     0.2718999981880188
 6346      12.01000022888184   -0.05180000141263008
 6347      1.008000016212463    0.09220000356435776
 6348      12.01000022888184    -0.1102000027894974
 6349      1.008000016212463    0.04569999873638153
 6350      1.008000016212463    0.04569999873638153
 6351      12.01000022888184     0.3531000018119812
 6352      1.008000016212463   -0.03610000014305115
 6353      12.01000022888184    -0.4120999872684479
 6354      1.008000016212463     0.1000000014901161
 6355      1.008000016212463     0.1000000014901161
 6356      1.008000016212463     0.1000000014901161
 6357      12.01000022888184    -0.4120999872684479
 6358      1.008000016212463     0.1000000014901161
 6359      1.008000016212463     0.1000000014901161
 6360      1.008000016212463     0.1000000014901161
 6361      12.01000022888184     0.5972999930381775
 6362                     16    -0.5679000020027161
 6363      14.01000022888184    -0.4156999886035919
 6364      1.008000016212463     0.2718999981880188
 6365      12.01000022888184   -0.08749999850988388
 6366      1.008000016212463    0.09690000116825104
 6367      12.01000022888184     0.2985000014305115
 6368      1.008000016212463   -0.02969999983906746
 6369      12.01000022888184    -0.3192000091075897
 6370      1.008000016212463    0.07909999787807465
 6371      1.008000016212463    0.07909999787807465
 6372      1.008000016212463    0.07909999787807465
 6373      12.01000022888184    -0.3192000091075897
 6374      1.008000016212463    0.07909999787807465
 6375      1.008000016212463    0.07909999787807465
 6376      1.008000016212463    0.07909999787807465
 6377      12.01000022888184     0.5972999930381775
 6378                     16    -0.5679000020027161
 6379      14.01000022888184    -0.4156999886035919
 6380      1.008000016212463     0.2718999981880188
 6381      12.01000022888184    0.02129999920725822
 6382      1.008000016212463     0.1124000027775764
 6383      12.01000022888184    -0.1230999976396561
 6384      1.008000016212463     0.1111999973654747
 6385      1.008000016212463     0.1111999973654747
 6386      32.06000137329102    -0.3118999898433685
 6387      1.008000016212463     0.1932999938726425
 6388      12.01000022888184     0.5972999930381775
 6389                     16    -0.5679000020027161
 6390      14.01000022888184    -0.4156999886035919
 6391      1.008000016212463     0.2718999981880188
 6392      12.01000022888184  -0.002400000113993883
 6393      1.008000016212463    0.09780000150203705
 6394      12.01000022888184   -0.03429999947547913
 6395      1.008000016212463    0.02950000017881393
 6396      1.008000016212463    0.02950000017881393
 6397      12.01000022888184     0.0118000004440546
 6398      12.01000022888184    -0.1255999952554703
 6399      1.008000016212463     0.1330000013113022
 6400      12.01000022888184    -0.1703999936580658
 6401      1.008000016212463     0.1430000066757202
 6402      12.01000022888184    -0.1071999967098236
 6403      1.008000016212463     0.1297000050544739
 6404      12.01000022888184    -0.1703999936580658
 6405      1.008000016212463     0.1430000066757202
 6406      12.01000022888184    -0.1255999952554703
 6407      1.008000016212463     0.1330000013113022
 6408      12.01000022888184     0.5972999930381775
 6409                     16    -0.5679000020027161
 6410      14.01000022888184     -0.347900003194809
 6411      1.008000016212463     0.2746999859809875
 6412      12.01000022888184     -0.263700008392334
 6413      1.008000016212463     0.1560000032186508
 6414      12.01000022888184  -0.000699999975040555
 6415      1.008000016212463    0.03269999846816063
 6416      1.008000016212463    0.03269999846816063
 6417      12.01000022888184     0.0390000008046627
 6418      1.008000016212463    0.02850000001490116
 6419      1.008000016212463    0.02850000001490116
 6420      12.01000022888184    0.04859999939799309
 6421      1.008000016212463    0.06870000064373016
 6422      1.008000016212463    0.06870000064373016
 6423      14.01000022888184    -0.5295000076293945
 6424      1.008000016212463     0.3456000089645386
 6425      12.01000022888184     0.8076000213623047
 6426      14.01000022888184    -0.8626999855041504
 6427      1.008000016212463     0.4478000104427338
 6428      1.008000016212463     0.4478000104427338
 6429      14.01000022888184    -0.8626999855041504
 6430      1.008000016212463     0.4478000104427338
 6431      1.008000016212463     0.4478000104427338
 6432      12.01000022888184     0.7340999841690063
 6433                     16    -0.5893999934196472
 6434      14.01000022888184    -0.4156999886035919
 6435      1.008000016212463     0.2718999981880188
 6436      12.01000022888184   -0.05180000141263008
 6437      1.008000016212463    0.09220000356435776
 6438      12.01000022888184    -0.1102000027894974
 6439      1.008000016212463    0.04569999873638153
 6440      1.008000016212463    0.04569999873638153
 6441      12.01000022888184     0.3531000018119812
 6442      1.008000016212463   -0.03610000014305115
 6443      12.01000022888184    -0.4120999872684479
 6444      1.008000016212463     0.1000000014901161
 6445      1.008000016212463     0.1000000014901161
 6446      1.008000016212463     0.1000000014901161
 6447      12.01000022888184    -0.4120999872684479
 6448      1.008000016212463     0.1000000014901161
 6449      1.008000016212463     0.1000000014901161
 6450      1.008000016212463     0.1000000014901161
 6451      12.01000022888184     0.5972999930381775
 6452                     16    -0.5679000020027161
 6453      14.01000022888184     -0.347900003194809
 6454      1.008000016212463     0.2746999859809875
 6455      12.01000022888184     -0.239999994635582
 6456      1.008000016212463     0.1425999999046326
 6457      12.01000022888184  -0.009399999864399433
 6458      1.008000016212463    0.03620000183582306
 6459      1.008000016212463    0.03620000183582306
 6460      12.01000022888184     0.0186999998986721
 6461      1.008000016212463    0.01030000019818544
 6462      1.008000016212463    0.01030000019818544
 6463      12.01000022888184    -0.0478999987244606
 6464      1.008000016212463    0.06210000067949295
 6465      1.008000016212463    0.06210000067949295
 6466      12.01000022888184   -0.01429999992251396
 6467      1.008000016212463     0.1134999990463257
 6468      1.008000016212463     0.1134999990463257
 6469      14.01000022888184    -0.3853999972343445
 6470      1.008000016212463     0.3400000035762787
 6471      1.008000016212463     0.3400000035762787
 6472      1.008000016212463     0.3400000035762787
 6473      12.01000022888184     0.7340999841690063
 6474                     16    -0.5893999934196472
 6475      14.01000022888184    -0.4156999886035919
 6476      1.008000016212463     0.2718999981880188
 6477      12.01000022888184   -0.02520000003278255
 6478      1.008000016212463     0.0697999969124794
 6479      1.008000016212463     0.0697999969124794
 6480      12.01000022888184     0.5972999930381775
 6481                     16    -0.5679000020027161
 6482      14.01000022888184    -0.4156999886035919
 6483      1.008000016212463     0.2718999981880188
 6484      12.01000022888184   -0.02490000054240227
 6485      1.008000016212463    0.08429999649524689
 6486      12.01000022888184     0.2117000073194504
 6487      1.008000016212463    0.03519999980926514
 6488      1.008000016212463    0.03519999980926514
 6489                     16    -0.6546000242233276
 6490      1.008000016212463     0.4275000095367432
 6491      12.01000022888184     0.5972999930381775
 6492                     16    -0.5679000020027161
 6493      14.01000022888184    -0.4156999886035919
 6494      1.008000016212463     0.2718999981880188
 6495      12.01000022888184    0.01429999992251396
 6496      1.008000016212463     0.1048000007867813
 6497      12.01000022888184    -0.2040999978780746
 6498      1.008000016212463    0.07970000058412552
 6499      1.008000016212463    0.07970000058412552
 6500      12.01000022888184     0.7129999995231628
 6501                     16    -0.5931000113487244
 6502      14.01000022888184    -0.9190999865531921
 6503      1.008000016212463     0.4196000099182129
 6504      1.008000016212463     0.4196000099182129
 6505      12.01000022888184     0.5972999930381775
 6506                     16    -0.5679000020027161
 6507      14.01000022888184     -0.347900003194809
 6508      1.008000016212463     0.2746999859809875
 6509      12.01000022888184     -0.239999994635582
 6510      1.008000016212463     0.1425999999046326
 6511      12.01000022888184  -0.009399999864399433
 6512      1.008000016212463    0.03620000183582306
 6513      1.008000016212463    0.03620000183582306
 6514      12.01000022888184     0.0186999998986721
 6515      1.008000016212463    0.01030000019818544
 6516      1.008000016212463    0.01030000019818544
 6517      12.01000022888184    -0.0478999987244606
 6518      1.008000016212463    0.06210000067949295
 6519      1.008000016212463    0.06210000067949295
 6520      12.01000022888184   -0.01429999992251396
 6521      1.008000016212463     0.1134999990463257
 6522      1.008000016212463     0.1134999990463257
 6523      14.01000022888184    -0.3853999972343445
 6524      1.008000016212463     0.3400000035762787
 6525      1.008000016212463     0.3400000035762787
 6526      1.008000016212463     0.3400000035762787
 6527      12.01000022888184     0.7340999841690063
 6528                     16    -0.5893999934196472
 6529      14.01000022888184    -0.4156999886035919
 6530      1.008000016212463     0.2718999981880188
 6531      12.01000022888184   -0.08749999850988388
 6532      1.008000016212463    0.09690000116825104
 6533      12.01000022888184     0.2985000014305115
 6534      1.008000016212463   -0.02969999983906746
 6535      12.01000022888184    -0.3192000091075897
 6536      1.008000016212463    0.07909999787807465
 6537      1.008000016212463    0.07909999787807465
 6538      1.008000016212463    0.07909999787807465
 6539      12.01000022888184    -0.3192000091075897
 6540      1.008000016212463    0.07909999787807465
 6541      1.008000016212463    0.07909999787807465
 6542      1.008000016212463    0.07909999787807465
 6543      12.01000022888184     0.5972999930381775
 6544                     16    -0.5679000020027161
 6545      14.01000022888184    -0.4156999886035919
 6546      1.008000016212463     0.2718999981880188
 6547      12.01000022888184    0.01429999992251396
 6548      1.008000016212463     0.1048000007867813
 6549      12.01000022888184    -0.2040999978780746
 6550      1.008000016212463    0.07970000058412552
 6551      1.008000016212463    0.07970000058412552
 6552      12.01000022888184     0.7129999995231628
 6553                     16    -0.5931000113487244
 6554      14.01000022888184    -0.9190999865531921
 6555      1.008000016212463     0.4196000099182129
 6556      1.008000016212463     0.4196000099182129
 6557      12.01000022888184     0.5972999930381775
 6558                     16    -0.5679000020027161
 6559      14.01000022888184    -0.5163000226020813
 6560      1.008000016212463     0.2935999929904938
 6561      12.01000022888184    0.03970000147819519
 6562      1.008000016212463     0.1105000004172325
 6563      12.01000022888184     0.0560000017285347
 6564      1.008000016212463   -0.01730000041425228
 6565      1.008000016212463   -0.01730000041425228
 6566      12.01000022888184    0.01360000018030405
 6567      1.008000016212463   -0.04250000044703484
 6568      1.008000016212463   -0.04250000044703484
 6569      12.01000022888184      0.805400013923645
 6570                     16    -0.8187999725341797
 6571                     16    -0.8187999725341797
 6572      12.01000022888184     0.5365999937057495
 6573                     16    -0.5819000005722046
 6574      14.01000022888184    -0.4156999886035919
 6575      1.008000016212463     0.2718999981880188
 6576      12.01000022888184    0.03370000049471855
 6577      1.008000016212463    0.08229999989271164
 6578      12.01000022888184    -0.1825000047683716
 6579      1.008000016212463    0.06030000001192093
 6580      1.008000016212463    0.06030000001192093
 6581      1.008000016212463    0.06030000001192093
 6582      12.01000022888184     0.5972999930381775
 6583                     16    -0.5679000020027161
 6584      14.01000022888184    -0.4156999886035919
 6585      1.008000016212463     0.2718999981880188
 6586      12.01000022888184   -0.05180000141263008
 6587      1.008000016212463    0.09220000356435776
 6588      12.01000022888184    -0.1102000027894974
 6589      1.008000016212463    0.04569999873638153
 6590      1.008000016212463    0.04569999873638153
 6591      12.01000022888184     0.3531000018119812
 6592      1.008000016212463   -0.03610000014305115
 6593      12.01000022888184    -0.4120999872684479
 6594      1.008000016212463     0.1000000014901161
 6595      1.008000016212463     0.1000000014901161
 6596      1.008000016212463     0.1000000014901161
 6597      12.01000022888184    -0.4120999872684479
 6598      1.008000016212463     0.1000000014901161
 6599      1.008000016212463     0.1000000014901161
 6600      1.008000016212463     0.1000000014901161
 6601      12.01000022888184     0.5972999930381775
 6602                     16    -0.5679000020027161
 6603      14.01000022888184    -0.4156999886035919
 6604      1.008000016212463     0.2718999981880188
 6605      12.01000022888184   -0.05180000141263008
 6606      1.008000016212463    0.09220000356435776
 6607      12.01000022888184    -0.1102000027894974
 6608      1.008000016212463    0.04569999873638153
 6609      1.008000016212463    0.04569999873638153
 6610      12.01000022888184     0.3531000018119812
 6611      1.008000016212463   -0.03610000014305115
 6612      12.01000022888184    -0.4120999872684479
 6613      1.008000016212463     0.1000000014901161
 6614      1.008000016212463     0.1000000014901161
 6615      1.008000016212463     0.1000000014901161
 6616      12.01000022888184    -0.4120999872684479
 6617      1.008000016212463     0.1000000014901161
 6618      1.008000016212463     0.1000000014901161
 6619      1.008000016212463     0.1000000014901161
 6620      12.01000022888184     0.5972999930381775
 6621                     16    -0.5679000020027161
 6622      14.01000022888184    -0.4156999886035919
 6623      1.008000016212463     0.2718999981880188
 6624      12.01000022888184  -0.003100000089034438
 6625      1.008000016212463    0.08500000089406967
 6626      12.01000022888184  -0.003599999938160181
 6627      1.008000016212463    0.01710000075399876
 6628      1.008000016212463    0.01710000075399876
 6629      12.01000022888184   -0.06449999660253525
 6630      1.008000016212463    0.03519999980926514
 6631      1.008000016212463    0.03519999980926514
 6632      12.01000022888184     0.6951000094413757
 6633                     16    -0.6086000204086304
 6634      14.01000022888184    -0.9406999945640564
 6635      1.008000016212463     0.4250999987125397
 6636      1.008000016212463     0.4250999987125397
 6637      12.01000022888184     0.5972999930381775
 6638                     16    -0.5679000020027161
 6639      14.01000022888184     -0.347900003194809
 6640      1.008000016212463     0.2746999859809875
 6641      12.01000022888184     -0.263700008392334
 6642      1.008000016212463     0.1560000032186508
 6643      12.01000022888184  -0.000699999975040555
 6644      1.008000016212463    0.03269999846816063
 6645      1.008000016212463    0.03269999846816063
 6646      12.01000022888184     0.0390000008046627
 6647      1.008000016212463    0.02850000001490116
 6648      1.008000016212463    0.02850000001490116
 6649      12.01000022888184    0.04859999939799309
 6650      1.008000016212463    0.06870000064373016
 6651      1.008000016212463    0.06870000064373016
 6652      14.01000022888184    -0.5295000076293945
 6653      1.008000016212463     0.3456000089645386
 6654      12.01000022888184     0.8076000213623047
 6655      14.01000022888184    -0.8626999855041504
 6656      1.008000016212463     0.4478000104427338
 6657      1.008000016212463     0.4478000104427338
 6658      14.01000022888184    -0.8626999855041504
 6659      1.008000016212463     0.4478000104427338
 6660      1.008000016212463     0.4478000104427338
 6661      12.01000022888184     0.7340999841690063
 6662                     16    -0.5893999934196472
 6663      14.01000022888184    -0.4156999886035919
 6664      1.008000016212463     0.2718999981880188
 6665      12.01000022888184   -0.05970000103116035
 6666      1.008000016212463     0.0869000032544136
 6667      12.01000022888184     0.1303000003099442
 6668      1.008000016212463     0.0186999998986721
 6669      12.01000022888184    -0.3203999996185303
 6670      1.008000016212463    0.08820000290870667
 6671      1.008000016212463    0.08820000290870667
 6672      1.008000016212463    0.08820000290870667
 6673      12.01000022888184    -0.0430000014603138
 6674      1.008000016212463    0.02360000088810921
 6675      1.008000016212463    0.02360000088810921
 6676      12.01000022888184   -0.06599999964237213
 6677      1.008000016212463    0.01860000006854534
 6678      1.008000016212463    0.01860000006854534
 6679      1.008000016212463    0.01860000006854534
 6680      12.01000022888184     0.5972999930381775
 6681                     16    -0.5679000020027161
 6682      14.01000022888184    -0.4156999886035919
 6683      1.008000016212463     0.2718999981880188
 6684      12.01000022888184    0.01429999992251396
 6685      1.008000016212463     0.1048000007867813
 6686      12.01000022888184    -0.2040999978780746
 6687      1.008000016212463    0.07970000058412552
 6688      1.008000016212463    0.07970000058412552
 6689      12.01000022888184     0.7129999995231628
 6690                     16    -0.5931000113487244
 6691      14.01000022888184    -0.9190999865531921
 6692      1.008000016212463     0.4196000099182129
 6693      1.008000016212463     0.4196000099182129
 6694      12.01000022888184     0.5972999930381775
 6695                     16    -0.5679000020027161
 6696      14.01000022888184    -0.4156999886035919
 6697      1.008000016212463     0.2718999981880188
 6698      12.01000022888184   -0.02490000054240227
 6699      1.008000016212463    0.08429999649524689
 6700      12.01000022888184     0.2117000073194504
 6701      1.008000016212463    0.03519999980926514
 6702      1.008000016212463    0.03519999980926514
 6703                     16    -0.6546000242233276
 6704      1.008000016212463     0.4275000095367432
 6705      12.01000022888184     0.5972999930381775
 6706                     16    -0.5679000020027161
 6707      14.01000022888184    -0.4156999886035919
 6708      1.008000016212463     0.2718999981880188
 6709      12.01000022888184    0.03370000049471855
 6710      1.008000016212463    0.08229999989271164
 6711      12.01000022888184    -0.1825000047683716
 6712      1.008000016212463    0.06030000001192093
 6713      1.008000016212463    0.06030000001192093
 6714      1.008000016212463    0.06030000001192093
 6715      12.01000022888184     0.5972999930381775
 6716                     16    -0.5679000020027161
 6717      14.01000022888184     -0.347900003194809
 6718      1.008000016212463     0.2746999859809875
 6719      12.01000022888184     -0.239999994635582
 6720      1.008000016212463     0.1425999999046326
 6721      12.01000022888184  -0.009399999864399433
 6722      1.008000016212463    0.03620000183582306
 6723      1.008000016212463    0.03620000183582306
 6724      12.01000022888184     0.0186999998986721
 6725      1.008000016212463    0.01030000019818544
 6726      1.008000016212463    0.01030000019818544
 6727      12.01000022888184    -0.0478999987244606
 6728      1.008000016212463    0.06210000067949295
 6729      1.008000016212463    0.06210000067949295
 6730      12.01000022888184   -0.01429999992251396
 6731      1.008000016212463     0.1134999990463257
 6732      1.008000016212463     0.1134999990463257
 6733      14.01000022888184    -0.3853999972343445
 6734      1.008000016212463     0.3400000035762787
 6735      1.008000016212463     0.3400000035762787
 6736      1.008000016212463     0.3400000035762787
 6737      12.01000022888184     0.7340999841690063
 6738                     16    -0.5893999934196472
 6739      14.01000022888184     -0.347900003194809
 6740      1.008000016212463     0.2746999859809875
 6741      12.01000022888184     -0.239999994635582
 6742      1.008000016212463     0.1425999999046326
 6743      12.01000022888184  -0.009399999864399433
 6744      1.008000016212463    0.03620000183582306
 6745      1.008000016212463    0.03620000183582306
 6746      12.01000022888184     0.0186999998986721
 6747      1.008000016212463    0.01030000019818544
 6748      1.008000016212463    0.01030000019818544
 6749      12.01000022888184    -0.0478999987244606
 6750      1.008000016212463    0.06210000067949295
 6751      1.008000016212463    0.06210000067949295
 6752      12.01000022888184   -0.01429999992251396
 6753      1.008000016212463     0.1134999990463257
 6754      1.008000016212463     0.1134999990463257
 6755      14.01000022888184    -0.3853999972343445
 6756      1.008000016212463     0.3400000035762787
 6757      1.008000016212463     0.3400000035762787
 6758      1.008000016212463     0.3400000035762787
 6759      12.01000022888184     0.7340999841690063
 6760                     16    -0.5893999934196472
 6761      14.01000022888184    -0.4156999886035919
 6762      1.008000016212463     0.2718999981880188
 6763      12.01000022888184   -0.05970000103116035
 6764      1.008000016212463     0.0869000032544136
 6765      12.01000022888184     0.1303000003099442
 6766      1.008000016212463     0.0186999998986721
 6767      12.01000022888184    -0.3203999996185303
 6768      1.008000016212463    0.08820000290870667
 6769      1.008000016212463    0.08820000290870667
 6770      1.008000016212463    0.08820000290870667
 6771      12.01000022888184    -0.0430000014603138
 6772      1.008000016212463    0.02360000088810921
 6773      1.008000016212463    0.02360000088810921
 6774      12.01000022888184   -0.06599999964237213
 6775      1.008000016212463    0.01860000006854534
 6776      1.008000016212463    0.01860000006854534
 6777      1.008000016212463    0.01860000006854534
 6778      12.01000022888184     0.5972999930381775
 6779                     16    -0.5679000020027161
 6780      14.01000022888184    -0.4156999886035919
 6781      1.008000016212463     0.2718999981880188
 6782      12.01000022888184   -0.05810000002384186
 6783      1.008000016212463      0.136000007390976
 6784      12.01000022888184  -0.007400000002235174
 6785      1.008000016212463    0.03669999912381172
 6786      1.008000016212463    0.03669999912381172
 6787      12.01000022888184     0.1868000030517578
 6788      14.01000022888184    -0.5432000160217285
 6789      12.01000022888184     0.1634999960660934
 6790      1.008000016212463     0.1435000002384186
 6791      14.01000022888184    -0.2795000076293945
 6792      1.008000016212463     0.3339000046253204
 6793      12.01000022888184    -0.2206999957561493
 6794      1.008000016212463     0.1861999928951263
 6795      12.01000022888184     0.5972999930381775
 6796                     16    -0.5679000020027161
 6797      14.01000022888184    -0.4156999886035919
 6798      1.008000016212463     0.2718999981880188
 6799      12.01000022888184   -0.05180000141263008
 6800      1.008000016212463    0.09220000356435776
 6801      12.01000022888184    -0.1102000027894974
 6802      1.008000016212463    0.04569999873638153
 6803      1.008000016212463    0.04569999873638153
 6804      12.01000022888184     0.3531000018119812
 6805      1.008000016212463   -0.03610000014305115
 6806      12.01000022888184    -0.4120999872684479
 6807      1.008000016212463     0.1000000014901161
 6808      1.008000016212463     0.1000000014901161
 6809      1.008000016212463     0.1000000014901161
 6810      12.01000022888184    -0.4120999872684479
 6811      1.008000016212463     0.1000000014901161
 6812      1.008000016212463     0.1000000014901161
 6813      1.008000016212463     0.1000000014901161
 6814      12.01000022888184     0.5972999930381775
 6815                     16    -0.5679000020027161
 6816      14.01000022888184    -0.4156999886035919
 6817      1.008000016212463     0.2718999981880188
 6818      12.01000022888184   -0.08749999850988388
 6819      1.008000016212463    0.09690000116825104
 6820      12.01000022888184     0.2985000014305115
 6821      1.008000016212463   -0.02969999983906746
 6822      12.01000022888184    -0.3192000091075897
 6823      1.008000016212463    0.07909999787807465
 6824      1.008000016212463    0.07909999787807465
 6825      1.008000016212463    0.07909999787807465
 6826      12.01000022888184    -0.3192000091075897
 6827      1.008000016212463    0.07909999787807465
 6828      1.008000016212463    0.07909999787807465
 6829      1.008000016212463    0.07909999787807465
 6830      12.01000022888184     0.5972999930381775
 6831                     16    -0.5679000020027161
 6832      14.01000022888184    -0.2547999918460846
 6833      12.01000022888184    0.01920000091195107
 6834      1.008000016212463    0.03909999877214432
 6835      1.008000016212463    0.03909999877214432
 6836      12.01000022888184    0.01889999955892563
 6837      1.008000016212463    0.02129999920725822
 6838      1.008000016212463    0.02129999920725822
 6839      12.01000022888184  -0.007000000216066837
 6840      1.008000016212463    0.02529999986290932
 6841      1.008000016212463    0.02529999986290932
 6842      12.01000022888184   -0.02659999951720238
 6843      1.008000016212463     0.0640999972820282
 6844      12.01000022888184     0.5896000266075134
 6845                     16    -0.5748000144958496
 6846      14.01000022888184    -0.4156999886035919
 6847      1.008000016212463     0.2718999981880188
 6848      12.01000022888184    0.02129999920725822
 6849      1.008000016212463     0.1124000027775764
 6850      12.01000022888184    -0.1230999976396561
 6851      1.008000016212463     0.1111999973654747
 6852      1.008000016212463     0.1111999973654747
 6853      32.06000137329102    -0.3118999898433685
 6854      1.008000016212463     0.1932999938726425
 6855      12.01000022888184     0.5972999930381775
 6856                     16    -0.5679000020027161
 6857      14.01000022888184    -0.4156999886035919
 6858      1.008000016212463     0.2718999981880188
 6859      12.01000022888184   -0.05810000002384186
 6860      1.008000016212463      0.136000007390976
 6861      12.01000022888184  -0.007400000002235174
 6862      1.008000016212463    0.03669999912381172
 6863      1.008000016212463    0.03669999912381172
 6864      12.01000022888184     0.1868000030517578
 6865      14.01000022888184    -0.5432000160217285
 6866      12.01000022888184     0.1634999960660934
 6867      1.008000016212463     0.1435000002384186
 6868      14.01000022888184    -0.2795000076293945
 6869      1.008000016212463     0.3339000046253204
 6870      12.01000022888184    -0.2206999957561493
 6871      1.008000016212463     0.1861999928951263
 6872      12.01000022888184     0.5972999930381775
 6873                     16    -0.5679000020027161
 6874      14.01000022888184    -0.4156999886035919
 6875      1.008000016212463     0.2718999981880188
 6876      12.01000022888184   -0.05180000141263008
 6877      1.008000016212463    0.09220000356435776
 6878      12.01000022888184    -0.1102000027894974
 6879      1.008000016212463    0.04569999873638153
 6880      1.008000016212463    0.04569999873638153
 6881      12.01000022888184     0.3531000018119812
 6882      1.008000016212463   -0.03610000014305115
 6883      12.01000022888184    -0.4120999872684479
 6884      1.008000016212463     0.1000000014901161
 6885      1.008000016212463     0.1000000014901161
 6886      1.008000016212463     0.1000000014901161
 6887      12.01000022888184    -0.4120999872684479
 6888      1.008000016212463     0.1000000014901161
 6889      1.008000016212463     0.1000000014901161
 6890      1.008000016212463     0.1000000014901161
 6891      12.01000022888184     0.5972999930381775
 6892                     16    -0.5679000020027161
 6893      14.01000022888184     -0.347900003194809
 6894      1.008000016212463     0.2746999859809875
 6895      12.01000022888184     -0.263700008392334
 6896      1.008000016212463     0.1560000032186508
 6897      12.01000022888184  -0.000699999975040555
 6898      1.008000016212463    0.03269999846816063
 6899      1.008000016212463    0.03269999846816063
 6900      12.01000022888184     0.0390000008046627
 6901      1.008000016212463    0.02850000001490116
 6902      1.008000016212463    0.02850000001490116
 6903      12.01000022888184    0.04859999939799309
 6904      1.008000016212463    0.06870000064373016
 6905      1.008000016212463    0.06870000064373016
 6906      14.01000022888184    -0.5295000076293945
 6907      1.008000016212463     0.3456000089645386
 6908      12.01000022888184     0.8076000213623047
 6909      14.01000022888184    -0.8626999855041504
 6910      1.008000016212463     0.4478000104427338
 6911      1.008000016212463     0.4478000104427338
 6912      14.01000022888184    -0.8626999855041504
 6913      1.008000016212463     0.4478000104427338
 6914      1.008000016212463     0.4478000104427338
 6915      12.01000022888184     0.7340999841690063
 6916                     16    -0.5893999934196472
 6917      14.01000022888184    -0.5163000226020813
 6918      1.008000016212463     0.2935999929904938
 6919      12.01000022888184    0.03810000047087669
 6920      1.008000016212463    0.08799999952316284
 6921      12.01000022888184   -0.03030000068247318
 6922      1.008000016212463   -0.01219999976456165
 6923      1.008000016212463   -0.01219999976456165
 6924      12.01000022888184     0.7993999719619751
 6925                     16    -0.8014000058174133
 6926                     16    -0.8014000058174133
 6927      12.01000022888184     0.5365999937057495
 6928                     16    -0.5819000005722046
 6929      14.01000022888184     -0.347900003194809
 6930      1.008000016212463     0.2746999859809875
 6931      12.01000022888184     -0.239999994635582
 6932      1.008000016212463     0.1425999999046326
 6933      12.01000022888184  -0.009399999864399433
 6934      1.008000016212463    0.03620000183582306
 6935      1.008000016212463    0.03620000183582306
 6936      12.01000022888184     0.0186999998986721
 6937      1.008000016212463    0.01030000019818544
 6938      1.008000016212463    0.01030000019818544
 6939      12.01000022888184    -0.0478999987244606
 6940      1.008000016212463    0.06210000067949295
 6941      1.008000016212463    0.06210000067949295
 6942      12.01000022888184   -0.01429999992251396
 6943      1.008000016212463     0.1134999990463257
 6944      1.008000016212463     0.1134999990463257
 6945      14.01000022888184    -0.3853999972343445
 6946      1.008000016212463     0.3400000035762787
 6947      1.008000016212463     0.3400000035762787
 6948      1.008000016212463     0.3400000035762787
 6949      12.01000022888184     0.7340999841690063
 6950                     16    -0.5893999934196472
 6951      14.01000022888184    -0.4156999886035919
 6952      1.008000016212463     0.2718999981880188
 6953      12.01000022888184  -0.002400000113993883
 6954      1.008000016212463    0.09780000150203705
 6955      12.01000022888184   -0.03429999947547913
 6956      1.008000016212463    0.02950000017881393
 6957      1.008000016212463    0.02950000017881393
 6958      12.01000022888184     0.0118000004440546
 6959      12.01000022888184    -0.1255999952554703
 6960      1.008000016212463     0.1330000013113022
 6961      12.01000022888184    -0.1703999936580658
 6962      1.008000016212463     0.1430000066757202
 6963      12.01000022888184    -0.1071999967098236
 6964      1.008000016212463     0.1297000050544739
 6965      12.01000022888184    -0.1703999936580658
 6966      1.008000016212463     0.1430000066757202
 6967      12.01000022888184    -0.1255999952554703
 6968      1.008000016212463     0.1330000013113022
 6969      12.01000022888184     0.5972999930381775
 6970                     16    -0.5679000020027161
 6971      14.01000022888184    -0.4156999886035919
 6972      1.008000016212463     0.2718999981880188
 6973      12.01000022888184   -0.08749999850988388
 6974      1.008000016212463    0.09690000116825104
 6975      12.01000022888184     0.2985000014305115
 6976      1.008000016212463   -0.02969999983906746
 6977      12.01000022888184    -0.3192000091075897
 6978      1.008000016212463    0.07909999787807465
 6979      1.008000016212463    0.07909999787807465
 6980      1.008000016212463    0.07909999787807465
 6981      12.01000022888184    -0.3192000091075897
 6982      1.008000016212463    0.07909999787807465
 6983      1.008000016212463    0.07909999787807465
 6984      1.008000016212463    0.07909999787807465
 6985      12.01000022888184     0.5972999930381775
 6986                     16    -0.5679000020027161
 6987      14.01000022888184    -0.4156999886035919
 6988      1.008000016212463     0.2718999981880188
 6989      12.01000022888184   -0.05180000141263008
 6990      1.008000016212463    0.09220000356435776
 6991      12.01000022888184    -0.1102000027894974
 6992      1.008000016212463    0.04569999873638153
 6993      1.008000016212463    0.04569999873638153
 6994      12.01000022888184     0.3531000018119812
 6995      1.008000016212463   -0.03610000014305115
 6996      12.01000022888184    -0.4120999872684479
 6997      1.008000016212463     0.1000000014901161
 6998      1.008000016212463     0.1000000014901161
 6999      1.008000016212463     0.1000000014901161
 7000      12.01000022888184    -0.4120999872684479
 7001      1.008000016212463     0.1000000014901161
 7002      1.008000016212463     0.1000000014901161
 7003      1.008000016212463     0.1000000014901161
 7004      12.01000022888184     0.5972999930381775
 7005                     16    -0.5679000020027161
 7006      14.01000022888184     -0.347900003194809
 7007      1.008000016212463     0.2746999859809875
 7008      12.01000022888184     -0.263700008392334
 7009      1.008000016212463     0.1560000032186508
 7010      12.01000022888184  -0.000699999975040555
 7011      1.008000016212463    0.03269999846816063
 7012      1.008000016212463    0.03269999846816063
 7013      12.01000022888184     0.0390000008046627
 7014      1.008000016212463    0.02850000001490116
 7015      1.008000016212463    0.02850000001490116
 7016      12.01000022888184    0.04859999939799309
 7017      1.008000016212463    0.06870000064373016
 7018      1.008000016212463    0.06870000064373016
 7019      14.01000022888184    -0.5295000076293945
 7020      1.008000016212463     0.3456000089645386
 7021      12.01000022888184     0.8076000213623047
 7022      14.01000022888184    -0.8626999855041504
 7023      1.008000016212463     0.4478000104427338
 7024      1.008000016212463     0.4478000104427338
 7025      14.01000022888184    -0.8626999855041504
 7026      1.008000016212463     0.4478000104427338
 7027      1.008000016212463     0.4478000104427338
 7028      12.01000022888184     0.7340999841690063
 7029                     16    -0.5893999934196472
 7030      14.01000022888184    -0.4156999886035919
 7031      1.008000016212463     0.2718999981880188
 7032      12.01000022888184  -0.002400000113993883
 7033      1.008000016212463    0.09780000150203705
 7034      12.01000022888184   -0.03429999947547913
 7035      1.008000016212463    0.02950000017881393
 7036      1.008000016212463    0.02950000017881393
 7037      12.01000022888184     0.0118000004440546
 7038      12.01000022888184    -0.1255999952554703
 7039      1.008000016212463     0.1330000013113022
 7040      12.01000022888184    -0.1703999936580658
 7041      1.008000016212463     0.1430000066757202
 7042      12.01000022888184    -0.1071999967098236
 7043      1.008000016212463     0.1297000050544739
 7044      12.01000022888184    -0.1703999936580658
 7045      1.008000016212463     0.1430000066757202
 7046      12.01000022888184    -0.1255999952554703
 7047      1.008000016212463     0.1330000013113022
 7048      12.01000022888184     0.5972999930381775
 7049                     16    -0.5679000020027161
 7050      14.01000022888184    -0.4156999886035919
 7051      1.008000016212463     0.2718999981880188
 7052      12.01000022888184    0.03370000049471855
 7053      1.008000016212463    0.08229999989271164
 7054      12.01000022888184    -0.1825000047683716
 7055      1.008000016212463    0.06030000001192093
 7056      1.008000016212463    0.06030000001192093
 7057      1.008000016212463    0.06030000001192093
 7058      12.01000022888184     0.5972999930381775
 7059                     16    -0.5679000020027161
 7060      14.01000022888184    -0.4156999886035919
 7061      1.008000016212463     0.2718999981880188
 7062      12.01000022888184   -0.05970000103116035
 7063      1.008000016212463     0.0869000032544136
 7064      12.01000022888184     0.1303000003099442
 7065      1.008000016212463     0.0186999998986721
 7066      12.01000022888184    -0.3203999996185303
 7067      1.008000016212463    0.08820000290870667
 7068      1.008000016212463    0.08820000290870667
 7069      1.008000016212463    0.08820000290870667
 7070      12.01000022888184    -0.0430000014603138
 7071      1.008000016212463    0.02360000088810921
 7072      1.008000016212463    0.02360000088810921
 7073      12.01000022888184   -0.06599999964237213
 7074      1.008000016212463    0.01860000006854534
 7075      1.008000016212463    0.01860000006854534
 7076      1.008000016212463    0.01860000006854534
 7077      12.01000022888184     0.5972999930381775
 7078                     16    -0.5679000020027161
 7079      14.01000022888184    -0.4156999886035919
 7080      1.008000016212463     0.2718999981880188
 7081      12.01000022888184    0.02129999920725822
 7082      1.008000016212463     0.1124000027775764
 7083      12.01000022888184    -0.1230999976396561
 7084      1.008000016212463     0.1111999973654747
 7085      1.008000016212463     0.1111999973654747
 7086      32.06000137329102    -0.3118999898433685
 7087      1.008000016212463     0.1932999938726425
 7088      12.01000022888184     0.5972999930381775
 7089                     16    -0.5679000020027161
 7090      14.01000022888184    -0.4156999886035919
 7091      1.008000016212463     0.2718999981880188
 7092      12.01000022888184   -0.02490000054240227
 7093      1.008000016212463    0.08429999649524689
 7094      12.01000022888184     0.2117000073194504
 7095      1.008000016212463    0.03519999980926514
 7096      1.008000016212463    0.03519999980926514
 7097                     16    -0.6546000242233276
 7098      1.008000016212463     0.4275000095367432
 7099      12.01000022888184     0.5972999930381775
 7100                     16    -0.5679000020027161
 7101      14.01000022888184     -0.347900003194809
 7102      1.008000016212463     0.2746999859809875
 7103      12.01000022888184     -0.263700008392334
 7104      1.008000016212463     0.1560000032186508
 7105      12.01000022888184  -0.000699999975040555
 7106      1.008000016212463    0.03269999846816063
 7107      1.008000016212463    0.03269999846816063
 7108      12.01000022888184     0.0390000008046627
 7109      1.008000016212463    0.02850000001490116
 7110      1.008000016212463    0.02850000001490116
 7111      12.01000022888184    0.04859999939799309
 7112      1.008000016212463    0.06870000064373016
 7113      1.008000016212463    0.06870000064373016
 7114      14.01000022888184    -0.5295000076293945
 7115      1.008000016212463     0.3456000089645386
 7116      12.01000022888184     0.8076000213623047
 7117      14.01000022888184    -0.8626999855041504
 7118      1.008000016212463     0.4478000104427338
 7119      1.008000016212463     0.4478000104427338
 7120      14.01000022888184    -0.8626999855041504
 7121      1.008000016212463     0.4478000104427338
 7122      1.008000016212463     0.4478000104427338
 7123      12.01000022888184     0.7340999841690063
 7124                     16    -0.5893999934196472
 7125      14.01000022888184    -0.4156999886035919
 7126      1.008000016212463     0.2718999981880188
 7127      12.01000022888184   -0.03889999911189079
 7128      1.008000016212463     0.1006999984383583
 7129      12.01000022888184     0.3653999865055084
 7130      1.008000016212463    0.00430000014603138
 7131      12.01000022888184    -0.2437999993562698
 7132      1.008000016212463    0.06419999897480011
 7133      1.008000016212463    0.06419999897480011
 7134      1.008000016212463    0.06419999897480011
 7135                     16    -0.6761000156402588
 7136      1.008000016212463     0.4101999998092651
 7137      12.01000022888184     0.5972999930381775
 7138                     16    -0.5679000020027161
 7139      14.01000022888184    -0.4156999886035919
 7140      1.008000016212463     0.2718999981880188
 7141      12.01000022888184   -0.08749999850988388
 7142      1.008000016212463    0.09690000116825104
 7143      12.01000022888184     0.2985000014305115
 7144      1.008000016212463   -0.02969999983906746
 7145      12.01000022888184    -0.3192000091075897
 7146      1.008000016212463    0.07909999787807465
 7147      1.008000016212463    0.07909999787807465
 7148      1.008000016212463    0.07909999787807465
 7149      12.01000022888184    -0.3192000091075897
 7150      1.008000016212463    0.07909999787807465
 7151      1.008000016212463    0.07909999787807465
 7152      1.008000016212463    0.07909999787807465
 7153      12.01000022888184     0.5972999930381775
 7154                     16    -0.5679000020027161
 7155      14.01000022888184    -0.5163000226020813
 7156      1.008000016212463     0.2935999929904938
 7157      12.01000022888184    0.03970000147819519
 7158      1.008000016212463     0.1105000004172325
 7159      12.01000022888184     0.0560000017285347
 7160      1.008000016212463   -0.01730000041425228
 7161      1.008000016212463   -0.01730000041425228
 7162      12.01000022888184    0.01360000018030405
 7163      1.008000016212463   -0.04250000044703484
 7164      1.008000016212463   -0.04250000044703484
 7165      12.01000022888184      0.805400013923645
 7166                     16    -0.8187999725341797
 7167                     16    -0.8187999725341797
 7168      12.01000022888184     0.5365999937057495
 7169                     16    -0.5819000005722046
 7170      14.01000022888184    -0.4156999886035919
 7171      1.008000016212463     0.2718999981880188
 7172      12.01000022888184   -0.02490000054240227
 7173      1.008000016212463    0.08429999649524689
 7174      12.01000022888184     0.2117000073194504
 7175      1.008000016212463    0.03519999980926514
 7176      1.008000016212463    0.03519999980926514
 7177                     16    -0.6546000242233276
 7178      1.008000016212463     0.4275000095367432
 7179      12.01000022888184     0.5972999930381775
 7180                     16    -0.5679000020027161
 7181      14.01000022888184    -0.4156999886035919
 7182      1.008000016212463     0.2718999981880188
 7183      12.01000022888184    0.03370000049471855
 7184      1.008000016212463    0.08229999989271164
 7185      12.01000022888184    -0.1825000047683716
 7186      1.008000016212463    0.06030000001192093
 7187      1.008000016212463    0.06030000001192093
 7188      1.008000016212463    0.06030000001192093
 7189      12.01000022888184     0.5972999930381775
 7190                     16    -0.5679000020027161
 7191      14.01000022888184    -0.4156999886035919
 7192      1.008000016212463     0.2718999981880188
 7193      12.01000022888184   -0.05810000002384186
 7194      1.008000016212463      0.136000007390976
 7195      12.01000022888184  -0.007400000002235174
 7196      1.008000016212463    0.03669999912381172
 7197      1.008000016212463    0.03669999912381172
 7198      12.01000022888184     0.1868000030517578
 7199      14.01000022888184    -0.5432000160217285
 7200      12.01000022888184     0.1634999960660934
 7201      1.008000016212463     0.1435000002384186
 7202      14.01000022888184    -0.2795000076293945
 7203      1.008000016212463     0.3339000046253204
 7204      12.01000022888184    -0.2206999957561493
 7205      1.008000016212463     0.1861999928951263
 7206      12.01000022888184     0.5972999930381775
 7207                     16    -0.5679000020027161
 7208      14.01000022888184    -0.4156999886035919
 7209      1.008000016212463     0.2718999981880188
 7210      12.01000022888184   -0.08749999850988388
 7211      1.008000016212463    0.09690000116825104
 7212      12.01000022888184     0.2985000014305115
 7213      1.008000016212463   -0.02969999983906746
 7214      12.01000022888184    -0.3192000091075897
 7215      1.008000016212463    0.07909999787807465
 7216      1.008000016212463    0.07909999787807465
 7217      1.008000016212463    0.07909999787807465
 7218      12.01000022888184    -0.3192000091075897
 7219      1.008000016212463    0.07909999787807465
 7220      1.008000016212463    0.07909999787807465
 7221      1.008000016212463    0.07909999787807465
 7222      12.01000022888184     0.5972999930381775
 7223                     16    -0.5679000020027161
 7224      14.01000022888184    -0.4156999886035919
 7225      1.008000016212463     0.2718999981880188
 7226      12.01000022888184  -0.003100000089034438
 7227      1.008000016212463    0.08500000089406967
 7228      12.01000022888184  -0.003599999938160181
 7229      1.008000016212463    0.01710000075399876
 7230      1.008000016212463    0.01710000075399876
 7231      12.01000022888184   -0.06449999660253525
 7232      1.008000016212463    0.03519999980926514
 7233      1.008000016212463    0.03519999980926514
 7234      12.01000022888184     0.6951000094413757
 7235                     16    -0.6086000204086304
 7236      14.01000022888184    -0.9406999945640564
 7237      1.008000016212463     0.4250999987125397
 7238      1.008000016212463     0.4250999987125397
 7239      12.01000022888184     0.5972999930381775
 7240                     16    -0.5679000020027161
 7241      14.01000022888184     -0.347900003194809
 7242      1.008000016212463     0.2746999859809875
 7243      12.01000022888184     -0.263700008392334
 7244      1.008000016212463     0.1560000032186508
 7245      12.01000022888184  -0.000699999975040555
 7246      1.008000016212463    0.03269999846816063
 7247      1.008000016212463    0.03269999846816063
 7248      12.01000022888184     0.0390000008046627
 7249      1.008000016212463    0.02850000001490116
 7250      1.008000016212463    0.02850000001490116
 7251      12.01000022888184    0.04859999939799309
 7252      1.008000016212463    0.06870000064373016
 7253      1.008000016212463    0.06870000064373016
 7254      14.01000022888184    -0.5295000076293945
 7255      1.008000016212463     0.3456000089645386
 7256      12.01000022888184     0.8076000213623047
 7257      14.01000022888184    -0.8626999855041504
 7258      1.008000016212463     0.4478000104427338
 7259      1.008000016212463     0.4478000104427338
 7260      14.01000022888184    -0.8626999855041504
 7261      1.008000016212463     0.4478000104427338
 7262      1.008000016212463     0.4478000104427338
 7263      12.01000022888184     0.7340999841690063
 7264                     16    -0.5893999934196472
 7265      14.01000022888184    -0.4156999886035919
 7266      1.008000016212463     0.2718999981880188
 7267      12.01000022888184    0.03370000049471855
 7268      1.008000016212463    0.08229999989271164
 7269      12.01000022888184    -0.1825000047683716
 7270      1.008000016212463    0.06030000001192093
 7271      1.008000016212463    0.06030000001192093
 7272      1.008000016212463    0.06030000001192093
 7273      12.01000022888184     0.5972999930381775
 7274                     16    -0.5679000020027161
 7275      14.01000022888184    -0.4156999886035919
 7276      1.008000016212463     0.2718999981880188
 7277      12.01000022888184   -0.02749999985098839
 7278      1.008000016212463     0.1123000010848045
 7279      12.01000022888184  -0.004999999888241291
 7280      1.008000016212463    0.03390000015497208
 7281      1.008000016212463    0.03390000015497208
 7282      12.01000022888184    -0.1414999961853027
 7283      12.01000022888184    -0.1638000011444092
 7284      1.008000016212463     0.2062000036239624
 7285      14.01000022888184    -0.3418000042438507
 7286      1.008000016212463     0.3411999940872192
 7287      12.01000022888184     0.1379999965429306
 7288      12.01000022888184    -0.2601000070571899
 7289      1.008000016212463     0.1571999937295914
 7290      12.01000022888184    -0.1133999973535538
 7291      1.008000016212463     0.1416999995708466
 7292      12.01000022888184    -0.1972000002861023
 7293      1.008000016212463     0.1447000056505203
 7294      12.01000022888184    -0.2387000024318695
 7295      1.008000016212463     0.1700000017881393
 7296      12.01000022888184     0.1243000030517578
 7297      12.01000022888184     0.5972999930381775
 7298                     16    -0.5679000020027161
 7299      14.01000022888184    -0.5163000226020813
 7300      1.008000016212463     0.2935999929904938
 7301      12.01000022888184    0.03970000147819519
 7302      1.008000016212463     0.1105000004172325
 7303      12.01000022888184     0.0560000017285347
 7304      1.008000016212463   -0.01730000041425228
 7305      1.008000016212463   -0.01730000041425228
 7306      12.01000022888184    0.01360000018030405
 7307      1.008000016212463   -0.04250000044703484
 7308      1.008000016212463   -0.04250000044703484
 7309      12.01000022888184      0.805400013923645
 7310                     16    -0.8187999725341797
 7311                     16    -0.8187999725341797
 7312      12.01000022888184     0.5365999937057495
 7313                     16    -0.5819000005722046
 7314      14.01000022888184    -0.4156999886035919
 7315      1.008000016212463     0.2718999981880188
 7316      12.01000022888184   -0.05810000002384186
 7317      1.008000016212463      0.136000007390976
 7318      12.01000022888184  -0.007400000002235174
 7319      1.008000016212463    0.03669999912381172
 7320      1.008000016212463    0.03669999912381172
 7321      12.01000022888184     0.1868000030517578
 7322      14.01000022888184    -0.5432000160217285
 7323      12.01000022888184     0.1634999960660934
 7324      1.008000016212463     0.1435000002384186
 7325      14.01000022888184    -0.2795000076293945
 7326      1.008000016212463     0.3339000046253204
 7327      12.01000022888184    -0.2206999957561493
 7328      1.008000016212463     0.1861999928951263
 7329      12.01000022888184     0.5972999930381775
 7330                     16    -0.5679000020027161
 7331      14.01000022888184    -0.4156999886035919
 7332      1.008000016212463     0.2718999981880188
 7333      12.01000022888184   -0.05970000103116035
 7334      1.008000016212463     0.0869000032544136
 7335      12.01000022888184     0.1303000003099442
 7336      1.008000016212463     0.0186999998986721
 7337      12.01000022888184    -0.3203999996185303
 7338      1.008000016212463    0.08820000290870667
 7339      1.008000016212463    0.08820000290870667
 7340      1.008000016212463    0.08820000290870667
 7341      12.01000022888184    -0.0430000014603138
 7342      1.008000016212463    0.02360000088810921
 7343      1.008000016212463    0.02360000088810921
 7344      12.01000022888184   -0.06599999964237213
 7345      1.008000016212463    0.01860000006854534
 7346      1.008000016212463    0.01860000006854534
 7347      1.008000016212463    0.01860000006854534
 7348      12.01000022888184     0.5972999930381775
 7349                     16    -0.5679000020027161
 7350      14.01000022888184     -0.347900003194809
 7351      1.008000016212463     0.2746999859809875
 7352      12.01000022888184     -0.239999994635582
 7353      1.008000016212463     0.1425999999046326
 7354      12.01000022888184  -0.009399999864399433
 7355      1.008000016212463    0.03620000183582306
 7356      1.008000016212463    0.03620000183582306
 7357      12.01000022888184     0.0186999998986721
 7358      1.008000016212463    0.01030000019818544
 7359      1.008000016212463    0.01030000019818544
 7360      12.01000022888184    -0.0478999987244606
 7361      1.008000016212463    0.06210000067949295
 7362      1.008000016212463    0.06210000067949295
 7363      12.01000022888184   -0.01429999992251396
 7364      1.008000016212463     0.1134999990463257
 7365      1.008000016212463     0.1134999990463257
 7366      14.01000022888184    -0.3853999972343445
 7367      1.008000016212463     0.3400000035762787
 7368      1.008000016212463     0.3400000035762787
 7369      1.008000016212463     0.3400000035762787
 7370      12.01000022888184     0.7340999841690063
 7371                     16    -0.5893999934196472
 7372      14.01000022888184    -0.5163000226020813
 7373      1.008000016212463     0.2935999929904938
 7374      12.01000022888184    0.03970000147819519
 7375      1.008000016212463     0.1105000004172325
 7376      12.01000022888184     0.0560000017285347
 7377      1.008000016212463   -0.01730000041425228
 7378      1.008000016212463   -0.01730000041425228
 7379      12.01000022888184    0.01360000018030405
 7380      1.008000016212463   -0.04250000044703484
 7381      1.008000016212463   -0.04250000044703484
 7382      12.01000022888184      0.805400013923645
 7383                     16    -0.8187999725341797
 7384                     16    -0.8187999725341797
 7385      12.01000022888184     0.5365999937057495
 7386                     16    -0.5819000005722046
 7387      14.01000022888184    -0.4156999886035919
 7388      1.008000016212463     0.2718999981880188
 7389      12.01000022888184   -0.05180000141263008
 7390      1.008000016212463    0.09220000356435776
 7391      12.01000022888184    -0.1102000027894974
 7392      1.008000016212463    0.04569999873638153
 7393      1.008000016212463    0.04569999873638153
 7394      12.01000022888184     0.3531000018119812
 7395      1.008000016212463   -0.03610000014305115
 7396      12.01000022888184    -0.4120999872684479
 7397      1.008000016212463     0.1000000014901161
 7398      1.008000016212463     0.1000000014901161
 7399      1.008000016212463     0.1000000014901161
 7400      12.01000022888184    -0.4120999872684479
 7401      1.008000016212463     0.1000000014901161
 7402      1.008000016212463     0.1000000014901161
 7403      1.008000016212463     0.1000000014901161
 7404      12.01000022888184     0.5972999930381775
 7405                     16    -0.5679000020027161
 7406      14.01000022888184    -0.4156999886035919
 7407      1.008000016212463     0.2718999981880188
 7408      12.01000022888184    0.03370000049471855
 7409      1.008000016212463    0.08229999989271164
 7410      12.01000022888184    -0.1825000047683716
 7411      1.008000016212463    0.06030000001192093
 7412      1.008000016212463    0.06030000001192093
 7413      1.008000016212463    0.06030000001192093
 7414      12.01000022888184     0.5972999930381775
 7415                     16    -0.5679000020027161
 7416      14.01000022888184    -0.4156999886035919
 7417      1.008000016212463     0.2718999981880188
 7418      12.01000022888184    0.03370000049471855
 7419      1.008000016212463    0.08229999989271164
 7420      12.01000022888184    -0.1825000047683716
 7421      1.008000016212463    0.06030000001192093
 7422      1.008000016212463    0.06030000001192093
 7423      1.008000016212463    0.06030000001192093
 7424      12.01000022888184     0.5972999930381775
 7425                     16    -0.5679000020027161
 7426      14.01000022888184    -0.5163000226020813
 7427      1.008000016212463     0.2935999929904938
 7428      12.01000022888184    0.03810000047087669
 7429      1.008000016212463    0.08799999952316284
 7430      12.01000022888184   -0.03030000068247318
 7431      1.008000016212463   -0.01219999976456165
 7432      1.008000016212463   -0.01219999976456165
 7433      12.01000022888184     0.7993999719619751
 7434                     16    -0.8014000058174133
 7435                     16    -0.8014000058174133
 7436      12.01000022888184     0.5365999937057495
 7437                     16    -0.5819000005722046
 7438      14.01000022888184    -0.4156999886035919
 7439      1.008000016212463     0.2718999981880188
 7440      12.01000022888184   -0.08749999850988388
 7441      1.008000016212463    0.09690000116825104
 7442      12.01000022888184     0.2985000014305115
 7443      1.008000016212463   -0.02969999983906746
 7444      12.01000022888184    -0.3192000091075897
 7445      1.008000016212463    0.07909999787807465
 7446      1.008000016212463    0.07909999787807465
 7447      1.008000016212463    0.07909999787807465
 7448      12.01000022888184    -0.3192000091075897
 7449      1.008000016212463    0.07909999787807465
 7450      1.008000016212463    0.07909999787807465
 7451      1.008000016212463    0.07909999787807465
 7452      12.01000022888184     0.5972999930381775
 7453                     16    -0.5679000020027161
 7454      14.01000022888184    -0.4156999886035919
 7455      1.008000016212463     0.2718999981880188
 7456      12.01000022888184   -0.05180000141263008
 7457      1.008000016212463    0.09220000356435776
 7458      12.01000022888184    -0.1102000027894974
 7459      1.008000016212463    0.04569999873638153
 7460      1.008000016212463    0.04569999873638153
 7461      12.01000022888184     0.3531000018119812
 7462      1.008000016212463   -0.03610000014305115
 7463      12.01000022888184    -0.4120999872684479
 7464      1.008000016212463     0.1000000014901161
 7465      1.008000016212463     0.1000000014901161
 7466      1.008000016212463     0.1000000014901161
 7467      12.01000022888184    -0.4120999872684479
 7468      1.008000016212463     0.1000000014901161
 7469      1.008000016212463     0.1000000014901161
 7470      1.008000016212463     0.1000000014901161
 7471      12.01000022888184     0.5972999930381775
 7472                     16    -0.5679000020027161
 7473      14.01000022888184     -0.347900003194809
 7474      1.008000016212463     0.2746999859809875
 7475      12.01000022888184     -0.263700008392334
 7476      1.008000016212463     0.1560000032186508
 7477      12.01000022888184  -0.000699999975040555
 7478      1.008000016212463    0.03269999846816063
 7479      1.008000016212463    0.03269999846816063
 7480      12.01000022888184     0.0390000008046627
 7481      1.008000016212463    0.02850000001490116
 7482      1.008000016212463    0.02850000001490116
 7483      12.01000022888184    0.04859999939799309
 7484      1.008000016212463    0.06870000064373016
 7485      1.008000016212463    0.06870000064373016
 7486      14.01000022888184    -0.5295000076293945
 7487      1.008000016212463     0.3456000089645386
 7488      12.01000022888184     0.8076000213623047
 7489      14.01000022888184    -0.8626999855041504
 7490      1.008000016212463     0.4478000104427338
 7491      1.008000016212463     0.4478000104427338
 7492      14.01000022888184    -0.8626999855041504
 7493      1.008000016212463     0.4478000104427338
 7494      1.008000016212463     0.4478000104427338
 7495      12.01000022888184     0.7340999841690063
 7496                     16    -0.5893999934196472
 7497      14.01000022888184    -0.4156999886035919
 7498      1.008000016212463     0.2718999981880188
 7499      12.01000022888184    0.03370000049471855
 7500      1.008000016212463    0.08229999989271164
 7501      12.01000022888184    -0.1825000047683716
 7502      1.008000016212463    0.06030000001192093
 7503      1.008000016212463    0.06030000001192093
 7504      1.008000016212463    0.06030000001192093
 7505      12.01000022888184     0.5972999930381775
 7506                     16    -0.5679000020027161
 7507      14.01000022888184    -0.5163000226020813
 7508      1.008000016212463     0.2935999929904938
 7509      12.01000022888184    0.03970000147819519
 7510      1.008000016212463     0.1105000004172325
 7511      12.01000022888184     0.0560000017285347
 7512      1.008000016212463   -0.01730000041425228
 7513      1.008000016212463   -0.01730000041425228
 7514      12.01000022888184    0.01360000018030405
 7515      1.008000016212463   -0.04250000044703484
 7516      1.008000016212463   -0.04250000044703484
 7517      12.01000022888184      0.805400013923645
 7518                     16    -0.8187999725341797
 7519                     16    -0.8187999725341797
 7520      12.01000022888184     0.5365999937057495
 7521                     16    -0.5819000005722046
 7522      14.01000022888184     -0.347900003194809
 7523      1.008000016212463     0.2746999859809875
 7524      12.01000022888184     -0.263700008392334
 7525      1.008000016212463     0.1560000032186508
 7526      12.01000022888184  -0.000699999975040555
 7527      1.008000016212463    0.03269999846816063
 7528      1.008000016212463    0.03269999846816063
 7529      12.01000022888184     0.0390000008046627
 7530      1.008000016212463    0.02850000001490116
 7531      1.008000016212463    0.02850000001490116
 7532      12.01000022888184    0.04859999939799309
 7533      1.008000016212463    0.06870000064373016
 7534      1.008000016212463    0.06870000064373016
 7535      14.01000022888184    -0.5295000076293945
 7536      1.008000016212463     0.3456000089645386
 7537      12.01000022888184     0.8076000213623047
 7538      14.01000022888184    -0.8626999855041504
 7539      1.008000016212463     0.4478000104427338
 7540      1.008000016212463     0.4478000104427338
 7541      14.01000022888184    -0.8626999855041504
 7542      1.008000016212463     0.4478000104427338
 7543      1.008000016212463     0.4478000104427338
 7544      12.01000022888184     0.7340999841690063
 7545                     16    -0.5893999934196472
 7546      14.01000022888184    -0.5192000269889832
 7547      1.008000016212463     0.3055000007152557
 7548      12.01000022888184    -0.2058999985456467
 7549      1.008000016212463     0.1398999989032745
 7550      12.01000022888184     0.0071000000461936
 7551      1.008000016212463  -0.007799999788403511
 7552      1.008000016212463  -0.007799999788403511
 7553      12.01000022888184    0.06750000268220901
 7554      1.008000016212463   -0.05480000004172325
 7555      1.008000016212463   -0.05480000004172325
 7556      12.01000022888184     0.8183000087738037
 7557                     16    -0.8220000267028809
 7558                     16    -0.8220000267028809
 7559      12.01000022888184     0.7419999837875366
 7560                     16    -0.7929999828338623
 7561                     16    -0.7929999828338623
 7562      14.01000022888184     0.1591999977827072
 7563      1.008000016212463      0.198400005698204
 7564      1.008000016212463      0.198400005698204
 7565      1.008000016212463      0.198400005698204
 7566      12.01000022888184    0.02209999971091747
 7567      1.008000016212463     0.1115999966859818
 7568      12.01000022888184    0.08649999648332596
 7569      1.008000016212463    0.01250000018626451
 7570      1.008000016212463    0.01250000018626451
 7571      12.01000022888184    0.03339999914169312
 7572      1.008000016212463    0.02920000068843365
 7573      1.008000016212463    0.02920000068843365
 7574      32.06000137329102    -0.2773999869823456
 7575      12.01000022888184    -0.0340999998152256
 7576      1.008000016212463    0.05970000103116035
 7577      1.008000016212463    0.05970000103116035
 7578      1.008000016212463    0.05970000103116035
 7579      12.01000022888184     0.6122999787330627
 7580                     16    -0.5713000297546387
 7581      14.01000022888184    -0.4156999886035919
 7582      1.008000016212463     0.2718999981880188
 7583      12.01000022888184    0.01429999992251396
 7584      1.008000016212463     0.1048000007867813
 7585      12.01000022888184    -0.2040999978780746
 7586      1.008000016212463    0.07970000058412552
 7587      1.008000016212463    0.07970000058412552
 7588      12.01000022888184     0.7129999995231628
 7589                     16    -0.5931000113487244
 7590      14.01000022888184    -0.9190999865531921
 7591      1.008000016212463     0.4196000099182129
 7592      1.008000016212463     0.4196000099182129
 7593      12.01000022888184     0.5972999930381775
 7594                     16    -0.5679000020027161
 7595      14.01000022888184    -0.4156999886035919
 7596      1.008000016212463     0.2718999981880188
 7597      12.01000022888184    0.03370000049471855
 7598      1.008000016212463    0.08229999989271164
 7599      12.01000022888184    -0.1825000047683716
 7600      1.008000016212463    0.06030000001192093
 7601      1.008000016212463    0.06030000001192093
 7602      1.008000016212463    0.06030000001192093
 7603      12.01000022888184     0.5972999930381775
 7604                     16    -0.5679000020027161
 7605      14.01000022888184    -0.4156999886035919
 7606      1.008000016212463     0.2718999981880188
 7607      12.01000022888184   -0.02490000054240227
 7608      1.008000016212463    0.08429999649524689
 7609      12.01000022888184     0.2117000073194504
 7610      1.008000016212463    0.03519999980926514
 7611      1.008000016212463    0.03519999980926514
 7612                     16    -0.6546000242233276
 7613      1.008000016212463     0.4275000095367432
 7614      12.01000022888184     0.5972999930381775
 7615                     16    -0.5679000020027161
 7616      14.01000022888184    -0.5163000226020813
 7617      1.008000016212463     0.2935999929904938
 7618      12.01000022888184    0.03970000147819519
 7619      1.008000016212463     0.1105000004172325
 7620      12.01000022888184     0.0560000017285347
 7621      1.008000016212463   -0.01730000041425228
 7622      1.008000016212463   -0.01730000041425228
 7623      12.01000022888184    0.01360000018030405
 7624      1.008000016212463   -0.04250000044703484
 7625      1.008000016212463   -0.04250000044703484
 7626      12.01000022888184      0.805400013923645
 7627                     16    -0.8187999725341797
 7628                     16    -0.8187999725341797
 7629      12.01000022888184     0.5365999937057495
 7630                     16    -0.5819000005722046
 7631      14.01000022888184    -0.4156999886035919
 7632      1.008000016212463     0.2718999981880188
 7633      12.01000022888184  -0.002400000113993883
 7634      1.008000016212463    0.09780000150203705
 7635      12.01000022888184   -0.03429999947547913
 7636      1.008000016212463    0.02950000017881393
 7637      1.008000016212463    0.02950000017881393
 7638      12.01000022888184     0.0118000004440546
 7639      12.01000022888184    -0.1255999952554703
 7640      1.008000016212463     0.1330000013113022
 7641      12.01000022888184    -0.1703999936580658
 7642      1.008000016212463     0.1430000066757202
 7643      12.01000022888184    -0.1071999967098236
 7644      1.008000016212463     0.1297000050544739
 7645      12.01000022888184    -0.1703999936580658
 7646      1.008000016212463     0.1430000066757202
 7647      12.01000022888184    -0.1255999952554703
 7648      1.008000016212463     0.1330000013113022
 7649      12.01000022888184     0.5972999930381775
 7650                     16    -0.5679000020027161
 7651      14.01000022888184     -0.347900003194809
 7652      1.008000016212463     0.2746999859809875
 7653      12.01000022888184     -0.263700008392334
 7654      1.008000016212463     0.1560000032186508
 7655      12.01000022888184  -0.000699999975040555
 7656      1.008000016212463    0.03269999846816063
 7657      1.008000016212463    0.03269999846816063
 7658      12.01000022888184     0.0390000008046627
 7659      1.008000016212463    0.02850000001490116
 7660      1.008000016212463    0.02850000001490116
 7661      12.01000022888184    0.04859999939799309
 7662      1.008000016212463    0.06870000064373016
 7663      1.008000016212463    0.06870000064373016
 7664      14.01000022888184    -0.5295000076293945
 7665      1.008000016212463     0.3456000089645386
 7666      12.01000022888184     0.8076000213623047
 7667      14.01000022888184    -0.8626999855041504
 7668      1.008000016212463     0.4478000104427338
 7669      1.008000016212463     0.4478000104427338
 7670      14.01000022888184    -0.8626999855041504
 7671      1.008000016212463     0.4478000104427338
 7672      1.008000016212463     0.4478000104427338
 7673      12.01000022888184     0.7340999841690063
 7674                     16    -0.5893999934196472
 7675      14.01000022888184     -0.347900003194809
 7676      1.008000016212463     0.2746999859809875
 7677      12.01000022888184     -0.263700008392334
 7678      1.008000016212463     0.1560000032186508
 7679      12.01000022888184  -0.000699999975040555
 7680      1.008000016212463    0.03269999846816063
 7681      1.008000016212463    0.03269999846816063
 7682      12.01000022888184     0.0390000008046627
 7683      1.008000016212463    0.02850000001490116
 7684      1.008000016212463    0.02850000001490116
 7685      12.01000022888184    0.04859999939799309
 7686      1.008000016212463    0.06870000064373016
 7687      1.008000016212463    0.06870000064373016
 7688      14.01000022888184    -0.5295000076293945
 7689      1.008000016212463     0.3456000089645386
 7690      12.01000022888184     0.8076000213623047
 7691      14.01000022888184    -0.8626999855041504
 7692      1.008000016212463     0.4478000104427338
 7693      1.008000016212463     0.4478000104427338
 7694      14.01000022888184    -0.8626999855041504
 7695      1.008000016212463     0.4478000104427338
 7696      1.008000016212463     0.4478000104427338
 7697      12.01000022888184     0.7340999841690063
 7698                     16    -0.5893999934196472
 7699      14.01000022888184     -0.347900003194809
 7700      1.008000016212463     0.2746999859809875
 7701      12.01000022888184     -0.263700008392334
 7702      1.008000016212463     0.1560000032186508
 7703      12.01000022888184  -0.000699999975040555
 7704      1.008000016212463    0.03269999846816063
 7705      1.008000016212463    0.03269999846816063
 7706      12.01000022888184     0.0390000008046627
 7707      1.008000016212463    0.02850000001490116
 7708      1.008000016212463    0.02850000001490116
 7709      12.01000022888184    0.04859999939799309
 7710      1.008000016212463    0.06870000064373016
 7711      1.008000016212463    0.06870000064373016
 7712      14.01000022888184    -0.5295000076293945
 7713      1.008000016212463     0.3456000089645386
 7714      12.01000022888184     0.8076000213623047
 7715      14.01000022888184    -0.8626999855041504
 7716      1.008000016212463     0.4478000104427338
 7717      1.008000016212463     0.4478000104427338
 7718      14.01000022888184    -0.8626999855041504
 7719      1.008000016212463     0.4478000104427338
 7720      1.008000016212463     0.4478000104427338
 7721      12.01000022888184     0.7340999841690063
 7722                     16    -0.5893999934196472
 7723      14.01000022888184    -0.4156999886035919
 7724      1.008000016212463     0.2718999981880188
 7725      12.01000022888184   -0.02520000003278255
 7726      1.008000016212463     0.0697999969124794
 7727      1.008000016212463     0.0697999969124794
 7728      12.01000022888184     0.5972999930381775
 7729                     16    -0.5679000020027161
 7730      14.01000022888184     -0.347900003194809
 7731      1.008000016212463     0.2746999859809875
 7732      12.01000022888184     -0.239999994635582
 7733      1.008000016212463     0.1425999999046326
 7734      12.01000022888184  -0.009399999864399433
 7735      1.008000016212463    0.03620000183582306
 7736      1.008000016212463    0.03620000183582306
 7737      12.01000022888184     0.0186999998986721
 7738      1.008000016212463    0.01030000019818544
 7739      1.008000016212463    0.01030000019818544
 7740      12.01000022888184    -0.0478999987244606
 7741      1.008000016212463    0.06210000067949295
 7742      1.008000016212463    0.06210000067949295
 7743      12.01000022888184   -0.01429999992251396
 7744      1.008000016212463     0.1134999990463257
 7745      1.008000016212463     0.1134999990463257
 7746      14.01000022888184    -0.3853999972343445
 7747      1.008000016212463     0.3400000035762787
 7748      1.008000016212463     0.3400000035762787
 7749      1.008000016212463     0.3400000035762787
 7750      12.01000022888184     0.7340999841690063
 7751                     16    -0.5893999934196472
 7752      14.01000022888184    -0.5163000226020813
 7753      1.008000016212463     0.2935999929904938
 7754      12.01000022888184    0.03970000147819519
 7755      1.008000016212463     0.1105000004172325
 7756      12.01000022888184     0.0560000017285347
 7757      1.008000016212463   -0.01730000041425228
 7758      1.008000016212463   -0.01730000041425228
 7759      12.01000022888184    0.01360000018030405
 7760      1.008000016212463   -0.04250000044703484
 7761      1.008000016212463   -0.04250000044703484
 7762      12.01000022888184      0.805400013923645
 7763                     16    -0.8187999725341797
 7764                     16    -0.8187999725341797
 7765      12.01000022888184     0.5365999937057495
 7766                     16    -0.5819000005722046
 7767      14.01000022888184    -0.4156999886035919
 7768      1.008000016212463     0.2718999981880188
 7769      12.01000022888184   -0.02370000071823597
 7770      1.008000016212463    0.08799999952316284
 7771      12.01000022888184    0.03420000150799751
 7772      1.008000016212463    0.02410000003874302
 7773      1.008000016212463    0.02410000003874302
 7774      12.01000022888184   0.001799999969080091
 7775      1.008000016212463    0.04399999976158142
 7776      1.008000016212463    0.04399999976158142
 7777      32.06000137329102    -0.2736999988555908
 7778      12.01000022888184    -0.0535999983549118
 7779      1.008000016212463    0.06840000301599503
 7780      1.008000016212463    0.06840000301599503
 7781      1.008000016212463    0.06840000301599503
 7782      12.01000022888184     0.5972999930381775
 7783                     16    -0.5679000020027161
 7784      14.01000022888184    -0.4156999886035919
 7785      1.008000016212463     0.2718999981880188
 7786      12.01000022888184   -0.08749999850988388
 7787      1.008000016212463    0.09690000116825104
 7788      12.01000022888184     0.2985000014305115
 7789      1.008000016212463   -0.02969999983906746
 7790      12.01000022888184    -0.3192000091075897
 7791      1.008000016212463    0.07909999787807465
 7792      1.008000016212463    0.07909999787807465
 7793      1.008000016212463    0.07909999787807465
 7794      12.01000022888184    -0.3192000091075897
 7795      1.008000016212463    0.07909999787807465
 7796      1.008000016212463    0.07909999787807465
 7797      1.008000016212463    0.07909999787807465
 7798      12.01000022888184     0.5972999930381775
 7799                     16    -0.5679000020027161
 7800      14.01000022888184    -0.5163000226020813
 7801      1.008000016212463     0.2935999929904938
 7802      12.01000022888184    0.03810000047087669
 7803      1.008000016212463    0.08799999952316284
 7804      12.01000022888184   -0.03030000068247318
 7805      1.008000016212463   -0.01219999976456165
 7806      1.008000016212463   -0.01219999976456165
 7807      12.01000022888184     0.7993999719619751
 7808                     16    -0.8014000058174133
 7809                     16    -0.8014000058174133
 7810      12.01000022888184     0.5365999937057495
 7811                     16    -0.5819000005722046
 7812      14.01000022888184    -0.4156999886035919
 7813      1.008000016212463     0.2718999981880188
 7814      12.01000022888184   -0.00139999995008111
 7815      1.008000016212463    0.08760000020265579
 7816      12.01000022888184   -0.01520000025629997
 7817      1.008000016212463    0.02950000017881393
 7818      1.008000016212463    0.02950000017881393
 7819      12.01000022888184  -0.001099999994039536
 7820      12.01000022888184    -0.1905999928712845
 7821      1.008000016212463     0.1699000000953674
 7822      12.01000022888184    -0.2340999990701675
 7823      1.008000016212463     0.1656000018119812
 7824      12.01000022888184     0.3226000070571899
 7825                     16    -0.5579000115394592
 7826      1.008000016212463     0.3991999924182892
 7827      12.01000022888184    -0.2340999990701675
 7828      1.008000016212463     0.1656000018119812
 7829      12.01000022888184    -0.1905999928712845
 7830      1.008000016212463     0.1699000000953674
 7831      12.01000022888184     0.5972999930381775
 7832                     16    -0.5679000020027161
 7833      14.01000022888184    -0.4156999886035919
 7834      1.008000016212463     0.2718999981880188
 7835      12.01000022888184   -0.02370000071823597
 7836      1.008000016212463    0.08799999952316284
 7837      12.01000022888184    0.03420000150799751
 7838      1.008000016212463    0.02410000003874302
 7839      1.008000016212463    0.02410000003874302
 7840      12.01000022888184   0.001799999969080091
 7841      1.008000016212463    0.04399999976158142
 7842      1.008000016212463    0.04399999976158142
 7843      32.06000137329102    -0.2736999988555908
 7844      12.01000022888184    -0.0535999983549118
 7845      1.008000016212463    0.06840000301599503
 7846      1.008000016212463    0.06840000301599503
 7847      1.008000016212463    0.06840000301599503
 7848      12.01000022888184     0.5972999930381775
 7849                     16    -0.5679000020027161
 7850      14.01000022888184    -0.4156999886035919
 7851      1.008000016212463     0.2718999981880188
 7852      12.01000022888184    0.03370000049471855
 7853      1.008000016212463    0.08229999989271164
 7854      12.01000022888184    -0.1825000047683716
 7855      1.008000016212463    0.06030000001192093
 7856      1.008000016212463    0.06030000001192093
 7857      1.008000016212463    0.06030000001192093
 7858      12.01000022888184     0.5972999930381775
 7859                     16    -0.5679000020027161
 7860      14.01000022888184    -0.4156999886035919
 7861      1.008000016212463     0.2718999981880188
 7862      12.01000022888184    0.01429999992251396
 7863      1.008000016212463     0.1048000007867813
 7864      12.01000022888184    -0.2040999978780746
 7865      1.008000016212463    0.07970000058412552
 7866      1.008000016212463    0.07970000058412552
 7867      12.01000022888184     0.7129999995231628
 7868                     16    -0.5931000113487244
 7869      14.01000022888184    -0.9190999865531921
 7870      1.008000016212463     0.4196000099182129
 7871      1.008000016212463     0.4196000099182129
 7872      12.01000022888184     0.5972999930381775
 7873                     16    -0.5679000020027161
 7874      14.01000022888184    -0.4156999886035919
 7875      1.008000016212463     0.2718999981880188
 7876      12.01000022888184   -0.00139999995008111
 7877      1.008000016212463    0.08760000020265579
 7878      12.01000022888184   -0.01520000025629997
 7879      1.008000016212463    0.02950000017881393
 7880      1.008000016212463    0.02950000017881393
 7881      12.01000022888184  -0.001099999994039536
 7882      12.01000022888184    -0.1905999928712845
 7883      1.008000016212463     0.1699000000953674
 7884      12.01000022888184    -0.2340999990701675
 7885      1.008000016212463     0.1656000018119812
 7886      12.01000022888184     0.3226000070571899
 7887                     16    -0.5579000115394592
 7888      1.008000016212463     0.3991999924182892
 7889      12.01000022888184    -0.2340999990701675
 7890      1.008000016212463     0.1656000018119812
 7891      12.01000022888184    -0.1905999928712845
 7892      1.008000016212463     0.1699000000953674
 7893      12.01000022888184     0.5972999930381775
 7894                     16    -0.5679000020027161
 7895      14.01000022888184    -0.4156999886035919
 7896      1.008000016212463     0.2718999981880188
 7897      12.01000022888184   -0.02370000071823597
 7898      1.008000016212463    0.08799999952316284
 7899      12.01000022888184    0.03420000150799751
 7900      1.008000016212463    0.02410000003874302
 7901      1.008000016212463    0.02410000003874302
 7902      12.01000022888184   0.001799999969080091
 7903      1.008000016212463    0.04399999976158142
 7904      1.008000016212463    0.04399999976158142
 7905      32.06000137329102    -0.2736999988555908
 7906      12.01000022888184    -0.0535999983549118
 7907      1.008000016212463    0.06840000301599503
 7908      1.008000016212463    0.06840000301599503
 7909      1.008000016212463    0.06840000301599503
 7910      12.01000022888184     0.5972999930381775
 7911                     16    -0.5679000020027161
 7912      14.01000022888184    -0.5163000226020813
 7913      1.008000016212463     0.2935999929904938
 7914      12.01000022888184    0.03970000147819519
 7915      1.008000016212463     0.1105000004172325
 7916      12.01000022888184     0.0560000017285347
 7917      1.008000016212463   -0.01730000041425228
 7918      1.008000016212463   -0.01730000041425228
 7919      12.01000022888184    0.01360000018030405
 7920      1.008000016212463   -0.04250000044703484
 7921      1.008000016212463   -0.04250000044703484
 7922      12.01000022888184      0.805400013923645
 7923                     16    -0.8187999725341797
 7924                     16    -0.8187999725341797
 7925      12.01000022888184     0.5365999937057495
 7926                     16    -0.5819000005722046
 7927      14.01000022888184    -0.4156999886035919
 7928      1.008000016212463     0.2718999981880188
 7929      12.01000022888184   -0.02520000003278255
 7930      1.008000016212463     0.0697999969124794
 7931      1.008000016212463     0.0697999969124794
 7932      12.01000022888184     0.5972999930381775
 7933                     16    -0.5679000020027161
 7934      14.01000022888184    -0.4156999886035919
 7935      1.008000016212463     0.2718999981880188
 7936      12.01000022888184   -0.05970000103116035
 7937      1.008000016212463     0.0869000032544136
 7938      12.01000022888184     0.1303000003099442
 7939      1.008000016212463     0.0186999998986721
 7940      12.01000022888184    -0.3203999996185303
 7941      1.008000016212463    0.08820000290870667
 7942      1.008000016212463    0.08820000290870667
 7943      1.008000016212463    0.08820000290870667
 7944      12.01000022888184    -0.0430000014603138
 7945      1.008000016212463    0.02360000088810921
 7946      1.008000016212463    0.02360000088810921
 7947      12.01000022888184   -0.06599999964237213
 7948      1.008000016212463    0.01860000006854534
 7949      1.008000016212463    0.01860000006854534
 7950      1.008000016212463    0.01860000006854534
 7951      12.01000022888184     0.5972999930381775
 7952                     16    -0.5679000020027161
 7953      14.01000022888184    -0.5163000226020813
 7954      1.008000016212463     0.2935999929904938
 7955      12.01000022888184    0.03970000147819519
 7956      1.008000016212463     0.1105000004172325
 7957      12.01000022888184     0.0560000017285347
 7958      1.008000016212463   -0.01730000041425228
 7959      1.008000016212463   -0.01730000041425228
 7960      12.01000022888184    0.01360000018030405
 7961      1.008000016212463   -0.04250000044703484
 7962      1.008000016212463   -0.04250000044703484
 7963      12.01000022888184      0.805400013923645
 7964                     16    -0.8187999725341797
 7965                     16    -0.8187999725341797
 7966      12.01000022888184     0.5365999937057495
 7967                     16    -0.5819000005722046
 7968      14.01000022888184    -0.4156999886035919
 7969      1.008000016212463     0.2718999981880188
 7970      12.01000022888184   -0.02520000003278255
 7971      1.008000016212463     0.0697999969124794
 7972      1.008000016212463     0.0697999969124794
 7973      12.01000022888184     0.5972999930381775
 7974                     16    -0.5679000020027161
 7975      14.01000022888184     -0.347900003194809
 7976      1.008000016212463     0.2746999859809875
 7977      12.01000022888184     -0.263700008392334
 7978      1.008000016212463     0.1560000032186508
 7979      12.01000022888184  -0.000699999975040555
 7980      1.008000016212463    0.03269999846816063
 7981      1.008000016212463    0.03269999846816063
 7982      12.01000022888184     0.0390000008046627
 7983      1.008000016212463    0.02850000001490116
 7984      1.008000016212463    0.02850000001490116
 7985      12.01000022888184    0.04859999939799309
 7986      1.008000016212463    0.06870000064373016
 7987      1.008000016212463    0.06870000064373016
 7988      14.01000022888184    -0.5295000076293945
 7989      1.008000016212463     0.3456000089645386
 7990      12.01000022888184     0.8076000213623047
 7991      14.01000022888184    -0.8626999855041504
 7992      1.008000016212463     0.4478000104427338
 7993      1.008000016212463     0.4478000104427338
 7994      14.01000022888184    -0.8626999855041504
 7995      1.008000016212463     0.4478000104427338
 7996      1.008000016212463     0.4478000104427338
 7997      12.01000022888184     0.7340999841690063
 7998                     16    -0.5893999934196472
 7999      14.01000022888184    -0.4156999886035919
 8000      1.008000016212463     0.2718999981880188
 8001      12.01000022888184  -0.003100000089034438
 8002      1.008000016212463    0.08500000089406967
 8003      12.01000022888184  -0.003599999938160181
 8004      1.008000016212463    0.01710000075399876
 8005      1.008000016212463    0.01710000075399876
 8006      12.01000022888184   -0.06449999660253525
 8007      1.008000016212463    0.03519999980926514
 8008      1.008000016212463    0.03519999980926514
 8009      12.01000022888184     0.6951000094413757
 8010                     16    -0.6086000204086304
 8011      14.01000022888184    -0.9406999945640564
 8012      1.008000016212463     0.4250999987125397
 8013      1.008000016212463     0.4250999987125397
 8014      12.01000022888184     0.5972999930381775
 8015                     16    -0.5679000020027161
 8016      14.01000022888184    -0.4156999886035919
 8017      1.008000016212463     0.2718999981880188
 8018      12.01000022888184   -0.08749999850988388
 8019      1.008000016212463    0.09690000116825104
 8020      12.01000022888184     0.2985000014305115
 8021      1.008000016212463   -0.02969999983906746
 8022      12.01000022888184    -0.3192000091075897
 8023      1.008000016212463    0.07909999787807465
 8024      1.008000016212463    0.07909999787807465
 8025      1.008000016212463    0.07909999787807465
 8026      12.01000022888184    -0.3192000091075897
 8027      1.008000016212463    0.07909999787807465
 8028      1.008000016212463    0.07909999787807465
 8029      1.008000016212463    0.07909999787807465
 8030      12.01000022888184     0.5972999930381775
 8031                     16    -0.5679000020027161
 8032      14.01000022888184    -0.4156999886035919
 8033      1.008000016212463     0.2718999981880188
 8034      12.01000022888184   -0.00139999995008111
 8035      1.008000016212463    0.08760000020265579
 8036      12.01000022888184   -0.01520000025629997
 8037      1.008000016212463    0.02950000017881393
 8038      1.008000016212463    0.02950000017881393
 8039      12.01000022888184  -0.001099999994039536
 8040      12.01000022888184    -0.1905999928712845
 8041      1.008000016212463     0.1699000000953674
 8042      12.01000022888184    -0.2340999990701675
 8043      1.008000016212463     0.1656000018119812
 8044      12.01000022888184     0.3226000070571899
 8045                     16    -0.5579000115394592
 8046      1.008000016212463     0.3991999924182892
 8047      12.01000022888184    -0.2340999990701675
 8048      1.008000016212463     0.1656000018119812
 8049      12.01000022888184    -0.1905999928712845
 8050      1.008000016212463     0.1699000000953674
 8051      12.01000022888184     0.5972999930381775
 8052                     16    -0.5679000020027161
 8053      14.01000022888184    -0.2547999918460846
 8054      12.01000022888184    0.01920000091195107
 8055      1.008000016212463    0.03909999877214432
 8056      1.008000016212463    0.03909999877214432
 8057      12.01000022888184    0.01889999955892563
 8058      1.008000016212463    0.02129999920725822
 8059      1.008000016212463    0.02129999920725822
 8060      12.01000022888184  -0.007000000216066837
 8061      1.008000016212463    0.02529999986290932
 8062      1.008000016212463    0.02529999986290932
 8063      12.01000022888184   -0.02659999951720238
 8064      1.008000016212463     0.0640999972820282
 8065      12.01000022888184     0.5896000266075134
 8066                     16    -0.5748000144958496
 8067      14.01000022888184    -0.5163000226020813
 8068      1.008000016212463     0.2935999929904938
 8069      12.01000022888184    0.03810000047087669
 8070      1.008000016212463    0.08799999952316284
 8071      12.01000022888184   -0.03030000068247318
 8072      1.008000016212463   -0.01219999976456165
 8073      1.008000016212463   -0.01219999976456165
 8074      12.01000022888184     0.7993999719619751
 8075                     16    -0.8014000058174133
 8076                     16    -0.8014000058174133
 8077      12.01000022888184     0.5365999937057495
 8078                     16    -0.5819000005722046
 8079      14.01000022888184    -0.4156999886035919
 8080      1.008000016212463     0.2718999981880188
 8081      12.01000022888184   -0.08749999850988388
 8082      1.008000016212463    0.09690000116825104
 8083      12.01000022888184     0.2985000014305115
 8084      1.008000016212463   -0.02969999983906746
 8085      12.01000022888184    -0.3192000091075897
 8086      1.008000016212463    0.07909999787807465
 8087      1.008000016212463    0.07909999787807465
 8088      1.008000016212463    0.07909999787807465
 8089      12.01000022888184    -0.3192000091075897
 8090      1.008000016212463    0.07909999787807465
 8091      1.008000016212463    0.07909999787807465
 8092      1.008000016212463    0.07909999787807465
 8093      12.01000022888184     0.5972999930381775
 8094                     16    -0.5679000020027161
 8095      14.01000022888184    -0.5163000226020813
 8096      1.008000016212463     0.2935999929904938
 8097      12.01000022888184    0.03970000147819519
 8098      1.008000016212463     0.1105000004172325
 8099      12.01000022888184     0.0560000017285347
 8100      1.008000016212463   -0.01730000041425228
 8101      1.008000016212463   -0.01730000041425228
 8102      12.01000022888184    0.01360000018030405
 8103      1.008000016212463   -0.04250000044703484
 8104      1.008000016212463   -0.04250000044703484
 8105      12.01000022888184      0.805400013923645
 8106                     16    -0.8187999725341797
 8107                     16    -0.8187999725341797
 8108      12.01000022888184     0.5365999937057495
 8109                     16    -0.5819000005722046
 8110      14.01000022888184    -0.2547999918460846
 8111      12.01000022888184    0.01920000091195107
 8112      1.008000016212463    0.03909999877214432
 8113      1.008000016212463    0.03909999877214432
 8114      12.01000022888184    0.01889999955892563
 8115      1.008000016212463    0.02129999920725822
 8116      1.008000016212463    0.02129999920725822
 8117      12.01000022888184  -0.007000000216066837
 8118      1.008000016212463    0.02529999986290932
 8119      1.008000016212463    0.02529999986290932
 8120      12.01000022888184   -0.02659999951720238
 8121      1.008000016212463     0.0640999972820282
 8122      12.01000022888184     0.5896000266075134
 8123                     16    -0.5748000144958496
 8124      14.01000022888184    -0.4156999886035919
 8125      1.008000016212463     0.2718999981880188
 8126      12.01000022888184   -0.02520000003278255
 8127      1.008000016212463     0.0697999969124794
 8128      1.008000016212463     0.0697999969124794
 8129      12.01000022888184     0.5972999930381775
 8130                     16    -0.5679000020027161
 8131      14.01000022888184    -0.4156999886035919
 8132      1.008000016212463     0.2718999981880188
 8133      12.01000022888184   -0.00139999995008111
 8134      1.008000016212463    0.08760000020265579
 8135      12.01000022888184   -0.01520000025629997
 8136      1.008000016212463    0.02950000017881393
 8137      1.008000016212463    0.02950000017881393
 8138      12.01000022888184  -0.001099999994039536
 8139      12.01000022888184    -0.1905999928712845
 8140      1.008000016212463     0.1699000000953674
 8141      12.01000022888184    -0.2340999990701675
 8142      1.008000016212463     0.1656000018119812
 8143      12.01000022888184     0.3226000070571899
 8144                     16    -0.5579000115394592
 8145      1.008000016212463     0.3991999924182892
 8146      12.01000022888184    -0.2340999990701675
 8147      1.008000016212463     0.1656000018119812
 8148      12.01000022888184    -0.1905999928712845
 8149      1.008000016212463     0.1699000000953674
 8150      12.01000022888184     0.5972999930381775
 8151                     16    -0.5679000020027161
 8152      14.01000022888184    -0.4156999886035919
 8153      1.008000016212463     0.2718999981880188
 8154      12.01000022888184   -0.05180000141263008
 8155      1.008000016212463    0.09220000356435776
 8156      12.01000022888184    -0.1102000027894974
 8157      1.008000016212463    0.04569999873638153
 8158      1.008000016212463    0.04569999873638153
 8159      12.01000022888184     0.3531000018119812
 8160      1.008000016212463   -0.03610000014305115
 8161      12.01000022888184    -0.4120999872684479
 8162      1.008000016212463     0.1000000014901161
 8163      1.008000016212463     0.1000000014901161
 8164      1.008000016212463     0.1000000014901161
 8165      12.01000022888184    -0.4120999872684479
 8166      1.008000016212463     0.1000000014901161
 8167      1.008000016212463     0.1000000014901161
 8168      1.008000016212463     0.1000000014901161
 8169      12.01000022888184     0.5972999930381775
 8170                     16    -0.5679000020027161
 8171      14.01000022888184     -0.347900003194809
 8172      1.008000016212463     0.2746999859809875
 8173      12.01000022888184     -0.263700008392334
 8174      1.008000016212463     0.1560000032186508
 8175      12.01000022888184  -0.000699999975040555
 8176      1.008000016212463    0.03269999846816063
 8177      1.008000016212463    0.03269999846816063
 8178      12.01000022888184     0.0390000008046627
 8179      1.008000016212463    0.02850000001490116
 8180      1.008000016212463    0.02850000001490116
 8181      12.01000022888184    0.04859999939799309
 8182      1.008000016212463    0.06870000064373016
 8183      1.008000016212463    0.06870000064373016
 8184      14.01000022888184    -0.5295000076293945
 8185      1.008000016212463     0.3456000089645386
 8186      12.01000022888184     0.8076000213623047
 8187      14.01000022888184    -0.8626999855041504
 8188      1.008000016212463     0.4478000104427338
 8189      1.008000016212463     0.4478000104427338
 8190      14.01000022888184    -0.8626999855041504
 8191      1.008000016212463     0.4478000104427338
 8192      1.008000016212463     0.4478000104427338
 8193      12.01000022888184     0.7340999841690063
 8194                     16    -0.5893999934196472
 8195      14.01000022888184    -0.2547999918460846
 8196      12.01000022888184    0.01920000091195107
 8197      1.008000016212463    0.03909999877214432
 8198      1.008000016212463    0.03909999877214432
 8199      12.01000022888184    0.01889999955892563
 8200      1.008000016212463    0.02129999920725822
 8201      1.008000016212463    0.02129999920725822
 8202      12.01000022888184  -0.007000000216066837
 8203      1.008000016212463    0.02529999986290932
 8204      1.008000016212463    0.02529999986290932
 8205      12.01000022888184   -0.02659999951720238
 8206      1.008000016212463     0.0640999972820282
 8207      12.01000022888184     0.5896000266075134
 8208                     16    -0.5748000144958496
 8209      14.01000022888184    -0.4156999886035919
 8210      1.008000016212463     0.2718999981880188
 8211      12.01000022888184   -0.05180000141263008
 8212      1.008000016212463    0.09220000356435776
 8213      12.01000022888184    -0.1102000027894974
 8214      1.008000016212463    0.04569999873638153
 8215      1.008000016212463    0.04569999873638153
 8216      12.01000022888184     0.3531000018119812
 8217      1.008000016212463   -0.03610000014305115
 8218      12.01000022888184    -0.4120999872684479
 8219      1.008000016212463     0.1000000014901161
 8220      1.008000016212463     0.1000000014901161
 8221      1.008000016212463     0.1000000014901161
 8222      12.01000022888184    -0.4120999872684479
 8223      1.008000016212463     0.1000000014901161
 8224      1.008000016212463     0.1000000014901161
 8225      1.008000016212463     0.1000000014901161
 8226      12.01000022888184     0.5972999930381775
 8227                     16    -0.5679000020027161
 8228      14.01000022888184    -0.4156999886035919
 8229      1.008000016212463     0.2718999981880188
 8230      12.01000022888184   -0.05970000103116035
 8231      1.008000016212463     0.0869000032544136
 8232      12.01000022888184     0.1303000003099442
 8233      1.008000016212463     0.0186999998986721
 8234      12.01000022888184    -0.3203999996185303
 8235      1.008000016212463    0.08820000290870667
 8236      1.008000016212463    0.08820000290870667
 8237      1.008000016212463    0.08820000290870667
 8238      12.01000022888184    -0.0430000014603138
 8239      1.008000016212463    0.02360000088810921
 8240      1.008000016212463    0.02360000088810921
 8241      12.01000022888184   -0.06599999964237213
 8242      1.008000016212463    0.01860000006854534
 8243      1.008000016212463    0.01860000006854534
 8244      1.008000016212463    0.01860000006854534
 8245      12.01000022888184     0.5972999930381775
 8246                     16    -0.5679000020027161
 8247      14.01000022888184    -0.2547999918460846
 8248      12.01000022888184    0.01920000091195107
 8249      1.008000016212463    0.03909999877214432
 8250      1.008000016212463    0.03909999877214432
 8251      12.01000022888184    0.01889999955892563
 8252      1.008000016212463    0.02129999920725822
 8253      1.008000016212463    0.02129999920725822
 8254      12.01000022888184  -0.007000000216066837
 8255      1.008000016212463    0.02529999986290932
 8256      1.008000016212463    0.02529999986290932
 8257      12.01000022888184   -0.02659999951720238
 8258      1.008000016212463     0.0640999972820282
 8259      12.01000022888184     0.5896000266075134
 8260                     16    -0.5748000144958496
 8261      14.01000022888184    -0.4156999886035919
 8262      1.008000016212463     0.2718999981880188
 8263      12.01000022888184    0.03370000049471855
 8264      1.008000016212463    0.08229999989271164
 8265      12.01000022888184    -0.1825000047683716
 8266      1.008000016212463    0.06030000001192093
 8267      1.008000016212463    0.06030000001192093
 8268      1.008000016212463    0.06030000001192093
 8269      12.01000022888184     0.5972999930381775
 8270                     16    -0.5679000020027161
 8271      14.01000022888184    -0.4156999886035919
 8272      1.008000016212463     0.2718999981880188
 8273      12.01000022888184    0.03370000049471855
 8274      1.008000016212463    0.08229999989271164
 8275      12.01000022888184    -0.1825000047683716
 8276      1.008000016212463    0.06030000001192093
 8277      1.008000016212463    0.06030000001192093
 8278      1.008000016212463    0.06030000001192093
 8279      12.01000022888184     0.5972999930381775
 8280                     16    -0.5679000020027161
 8281      14.01000022888184    -0.4156999886035919
 8282      1.008000016212463     0.2718999981880188
 8283      12.01000022888184    0.03370000049471855
 8284      1.008000016212463    0.08229999989271164
 8285      12.01000022888184    -0.1825000047683716
 8286      1.008000016212463    0.06030000001192093
 8287      1.008000016212463    0.06030000001192093
 8288      1.008000016212463    0.06030000001192093
 8289      12.01000022888184     0.5972999930381775
 8290                     16    -0.5679000020027161
 8291      14.01000022888184    -0.2547999918460846
 8292      12.01000022888184    0.01920000091195107
 8293      1.008000016212463    0.03909999877214432
 8294      1.008000016212463    0.03909999877214432
 8295      12.01000022888184    0.01889999955892563
 8296      1.008000016212463    0.02129999920725822
 8297      1.008000016212463    0.02129999920725822
 8298      12.01000022888184  -0.007000000216066837
 8299      1.008000016212463    0.02529999986290932
 8300      1.008000016212463    0.02529999986290932
 8301      12.01000022888184   -0.02659999951720238
 8302      1.008000016212463     0.0640999972820282
 8303      12.01000022888184     0.5896000266075134
 8304                     16    -0.5748000144958496
 8305      14.01000022888184    -0.4156999886035919
 8306      1.008000016212463     0.2718999981880188
 8307      12.01000022888184  -0.003100000089034438
 8308      1.008000016212463    0.08500000089406967
 8309      12.01000022888184  -0.003599999938160181
 8310      1.008000016212463    0.01710000075399876
 8311      1.008000016212463    0.01710000075399876
 8312      12.01000022888184   -0.06449999660253525
 8313      1.008000016212463    0.03519999980926514
 8314      1.008000016212463    0.03519999980926514
 8315      12.01000022888184     0.6951000094413757
 8316                     16    -0.6086000204086304
 8317      14.01000022888184    -0.9406999945640564
 8318      1.008000016212463     0.4250999987125397
 8319      1.008000016212463     0.4250999987125397
 8320      12.01000022888184     0.5972999930381775
 8321                     16    -0.5679000020027161
 8322      14.01000022888184    -0.5163000226020813
 8323      1.008000016212463     0.2935999929904938
 8324      12.01000022888184    0.03970000147819519
 8325      1.008000016212463     0.1105000004172325
 8326      12.01000022888184     0.0560000017285347
 8327      1.008000016212463   -0.01730000041425228
 8328      1.008000016212463   -0.01730000041425228
 8329      12.01000022888184    0.01360000018030405
 8330      1.008000016212463   -0.04250000044703484
 8331      1.008000016212463   -0.04250000044703484
 8332      12.01000022888184      0.805400013923645
 8333                     16    -0.8187999725341797
 8334                     16    -0.8187999725341797
 8335      12.01000022888184     0.5365999937057495
 8336                     16    -0.5819000005722046
 8337      14.01000022888184    -0.2547999918460846
 8338      12.01000022888184    0.01920000091195107
 8339      1.008000016212463    0.03909999877214432
 8340      1.008000016212463    0.03909999877214432
 8341      12.01000022888184    0.01889999955892563
 8342      1.008000016212463    0.02129999920725822
 8343      1.008000016212463    0.02129999920725822
 8344      12.01000022888184  -0.007000000216066837
 8345      1.008000016212463    0.02529999986290932
 8346      1.008000016212463    0.02529999986290932
 8347      12.01000022888184   -0.02659999951720238
 8348      1.008000016212463     0.0640999972820282
 8349      12.01000022888184     0.5896000266075134
 8350                     16    -0.5748000144958496
 8351      14.01000022888184    -0.5163000226020813
 8352      1.008000016212463     0.2935999929904938
 8353      12.01000022888184    0.03810000047087669
 8354      1.008000016212463    0.08799999952316284
 8355      12.01000022888184   -0.03030000068247318
 8356      1.008000016212463   -0.01219999976456165
 8357      1.008000016212463   -0.01219999976456165
 8358      12.01000022888184     0.7993999719619751
 8359                     16    -0.8014000058174133
 8360                     16    -0.8014000058174133
 8361      12.01000022888184     0.5365999937057495
 8362                     16    -0.5819000005722046
 8363      14.01000022888184    -0.4156999886035919
 8364      1.008000016212463     0.2718999981880188
 8365      12.01000022888184   -0.03889999911189079
 8366      1.008000016212463     0.1006999984383583
 8367      12.01000022888184     0.3653999865055084
 8368      1.008000016212463    0.00430000014603138
 8369      12.01000022888184    -0.2437999993562698
 8370      1.008000016212463    0.06419999897480011
 8371      1.008000016212463    0.06419999897480011
 8372      1.008000016212463    0.06419999897480011
 8373                     16    -0.6761000156402588
 8374      1.008000016212463     0.4101999998092651
 8375      12.01000022888184     0.5972999930381775
 8376                     16    -0.5679000020027161
 8377      14.01000022888184    -0.4156999886035919
 8378      1.008000016212463     0.2718999981880188
 8379      12.01000022888184  -0.002400000113993883
 8380      1.008000016212463    0.09780000150203705
 8381      12.01000022888184   -0.03429999947547913
 8382      1.008000016212463    0.02950000017881393
 8383      1.008000016212463    0.02950000017881393
 8384      12.01000022888184     0.0118000004440546
 8385      12.01000022888184    -0.1255999952554703
 8386      1.008000016212463     0.1330000013113022
 8387      12.01000022888184    -0.1703999936580658
 8388      1.008000016212463     0.1430000066757202
 8389      12.01000022888184    -0.1071999967098236
 8390      1.008000016212463     0.1297000050544739
 8391      12.01000022888184    -0.1703999936580658
 8392      1.008000016212463     0.1430000066757202
 8393      12.01000022888184    -0.1255999952554703
 8394      1.008000016212463     0.1330000013113022
 8395      12.01000022888184     0.5972999930381775
 8396                     16    -0.5679000020027161
 8397      14.01000022888184    -0.5163000226020813
 8398      1.008000016212463     0.2935999929904938
 8399      12.01000022888184    0.03970000147819519
 8400      1.008000016212463     0.1105000004172325
 8401      12.01000022888184     0.0560000017285347
 8402      1.008000016212463   -0.01730000041425228
 8403      1.008000016212463   -0.01730000041425228
 8404      12.01000022888184    0.01360000018030405
 8405      1.008000016212463   -0.04250000044703484
 8406      1.008000016212463   -0.04250000044703484
 8407      12.01000022888184      0.805400013923645
 8408                     16    -0.8187999725341797
 8409                     16    -0.8187999725341797
 8410      12.01000022888184     0.5365999937057495
 8411                     16    -0.5819000005722046
 8412      14.01000022888184    -0.5163000226020813
 8413      1.008000016212463     0.2935999929904938
 8414      12.01000022888184    0.03810000047087669
 8415      1.008000016212463    0.08799999952316284
 8416      12.01000022888184   -0.03030000068247318
 8417      1.008000016212463   -0.01219999976456165
 8418      1.008000016212463   -0.01219999976456165
 8419      12.01000022888184     0.7993999719619751
 8420                     16    -0.8014000058174133
 8421                     16    -0.8014000058174133
 8422      12.01000022888184     0.5365999937057495
 8423                     16    -0.5819000005722046
 8424      14.01000022888184    -0.4156999886035919
 8425      1.008000016212463     0.2718999981880188
 8426      12.01000022888184   -0.05970000103116035
 8427      1.008000016212463     0.0869000032544136
 8428      12.01000022888184     0.1303000003099442
 8429      1.008000016212463     0.0186999998986721
 8430      12.01000022888184    -0.3203999996185303
 8431      1.008000016212463    0.08820000290870667
 8432      1.008000016212463    0.08820000290870667
 8433      1.008000016212463    0.08820000290870667
 8434      12.01000022888184    -0.0430000014603138
 8435      1.008000016212463    0.02360000088810921
 8436      1.008000016212463    0.02360000088810921
 8437      12.01000022888184   -0.06599999964237213
 8438      1.008000016212463    0.01860000006854534
 8439      1.008000016212463    0.01860000006854534
 8440      1.008000016212463    0.01860000006854534
 8441      12.01000022888184     0.5972999930381775
 8442                     16    -0.5679000020027161
 8443      14.01000022888184    -0.4156999886035919
 8444      1.008000016212463     0.2718999981880188
 8445      12.01000022888184   -0.05970000103116035
 8446      1.008000016212463     0.0869000032544136
 8447      12.01000022888184     0.1303000003099442
 8448      1.008000016212463     0.0186999998986721
 8449      12.01000022888184    -0.3203999996185303
 8450      1.008000016212463    0.08820000290870667
 8451      1.008000016212463    0.08820000290870667
 8452      1.008000016212463    0.08820000290870667
 8453      12.01000022888184    -0.0430000014603138
 8454      1.008000016212463    0.02360000088810921
 8455      1.008000016212463    0.02360000088810921
 8456      12.01000022888184   -0.06599999964237213
 8457      1.008000016212463    0.01860000006854534
 8458      1.008000016212463    0.01860000006854534
 8459      1.008000016212463    0.01860000006854534
 8460      12.01000022888184     0.5972999930381775
 8461                     16    -0.5679000020027161
 8462      14.01000022888184    -0.4156999886035919
 8463      1.008000016212463     0.2718999981880188
 8464      12.01000022888184    0.01429999992251396
 8465      1.008000016212463     0.1048000007867813
 8466      12.01000022888184    -0.2040999978780746
 8467      1.008000016212463    0.07970000058412552
 8468      1.008000016212463    0.07970000058412552
 8469      12.01000022888184     0.7129999995231628
 8470                     16    -0.5931000113487244
 8471      14.01000022888184    -0.9190999865531921
 8472      1.008000016212463     0.4196000099182129
 8473      1.008000016212463     0.4196000099182129
 8474      12.01000022888184     0.5972999930381775
 8475                     16    -0.5679000020027161
 8476      14.01000022888184    -0.5163000226020813
 8477      1.008000016212463     0.2935999929904938
 8478      12.01000022888184    0.03810000047087669
 8479      1.008000016212463    0.08799999952316284
 8480      12.01000022888184   -0.03030000068247318
 8481      1.008000016212463   -0.01219999976456165
 8482      1.008000016212463   -0.01219999976456165
 8483      12.01000022888184     0.7993999719619751
 8484                     16    -0.8014000058174133
 8485                     16    -0.8014000058174133
 8486      12.01000022888184     0.5365999937057495
 8487                     16    -0.5819000005722046
 8488      14.01000022888184    -0.4156999886035919
 8489      1.008000016212463     0.2718999981880188
 8490      12.01000022888184   -0.08749999850988388
 8491      1.008000016212463    0.09690000116825104
 8492      12.01000022888184     0.2985000014305115
 8493      1.008000016212463   -0.02969999983906746
 8494      12.01000022888184    -0.3192000091075897
 8495      1.008000016212463    0.07909999787807465
 8496      1.008000016212463    0.07909999787807465
 8497      1.008000016212463    0.07909999787807465
 8498      12.01000022888184    -0.3192000091075897
 8499      1.008000016212463    0.07909999787807465
 8500      1.008000016212463    0.07909999787807465
 8501      1.008000016212463    0.07909999787807465
 8502      12.01000022888184     0.5972999930381775
 8503                     16    -0.5679000020027161
 8504      14.01000022888184    -0.5163000226020813
 8505      1.008000016212463     0.2935999929904938
 8506      12.01000022888184    0.03970000147819519
 8507      1.008000016212463     0.1105000004172325
 8508      12.01000022888184     0.0560000017285347
 8509      1.008000016212463   -0.01730000041425228
 8510      1.008000016212463   -0.01730000041425228
 8511      12.01000022888184    0.01360000018030405
 8512      1.008000016212463   -0.04250000044703484
 8513      1.008000016212463   -0.04250000044703484
 8514      12.01000022888184      0.805400013923645
 8515                     16    -0.8187999725341797
 8516                     16    -0.8187999725341797
 8517      12.01000022888184     0.5365999937057495
 8518                     16    -0.5819000005722046
 8519      14.01000022888184     -0.347900003194809
 8520      1.008000016212463     0.2746999859809875
 8521      12.01000022888184     -0.239999994635582
 8522      1.008000016212463     0.1425999999046326
 8523      12.01000022888184  -0.009399999864399433
 8524      1.008000016212463    0.03620000183582306
 8525      1.008000016212463    0.03620000183582306
 8526      12.01000022888184     0.0186999998986721
 8527      1.008000016212463    0.01030000019818544
 8528      1.008000016212463    0.01030000019818544
 8529      12.01000022888184    -0.0478999987244606
 8530      1.008000016212463    0.06210000067949295
 8531      1.008000016212463    0.06210000067949295
 8532      12.01000022888184   -0.01429999992251396
 8533      1.008000016212463     0.1134999990463257
 8534      1.008000016212463     0.1134999990463257
 8535      14.01000022888184    -0.3853999972343445
 8536      1.008000016212463     0.3400000035762787
 8537      1.008000016212463     0.3400000035762787
 8538      1.008000016212463     0.3400000035762787
 8539      12.01000022888184     0.7340999841690063
 8540                     16    -0.5893999934196472
 8541      14.01000022888184    -0.4156999886035919
 8542      1.008000016212463     0.2718999981880188
 8543      12.01000022888184   -0.05970000103116035
 8544      1.008000016212463     0.0869000032544136
 8545      12.01000022888184     0.1303000003099442
 8546      1.008000016212463     0.0186999998986721
 8547      12.01000022888184    -0.3203999996185303
 8548      1.008000016212463    0.08820000290870667
 8549      1.008000016212463    0.08820000290870667
 8550      1.008000016212463    0.08820000290870667
 8551      12.01000022888184    -0.0430000014603138
 8552      1.008000016212463    0.02360000088810921
 8553      1.008000016212463    0.02360000088810921
 8554      12.01000022888184   -0.06599999964237213
 8555      1.008000016212463    0.01860000006854534
 8556      1.008000016212463    0.01860000006854534
 8557      1.008000016212463    0.01860000006854534
 8558      12.01000022888184     0.5972999930381775
 8559                     16    -0.5679000020027161
 8560      14.01000022888184    -0.4156999886035919
 8561      1.008000016212463     0.2718999981880188
 8562      12.01000022888184   -0.05970000103116035
 8563      1.008000016212463     0.0869000032544136
 8564      12.01000022888184     0.1303000003099442
 8565      1.008000016212463     0.0186999998986721
 8566      12.01000022888184    -0.3203999996185303
 8567      1.008000016212463    0.08820000290870667
 8568      1.008000016212463    0.08820000290870667
 8569      1.008000016212463    0.08820000290870667
 8570      12.01000022888184    -0.0430000014603138
 8571      1.008000016212463    0.02360000088810921
 8572      1.008000016212463    0.02360000088810921
 8573      12.01000022888184   -0.06599999964237213
 8574      1.008000016212463    0.01860000006854534
 8575      1.008000016212463    0.01860000006854534
 8576      1.008000016212463    0.01860000006854534
 8577      12.01000022888184     0.5972999930381775
 8578                     16    -0.5679000020027161
 8579      14.01000022888184    -0.4156999886035919
 8580      1.008000016212463     0.2718999981880188
 8581      12.01000022888184   -0.02370000071823597
 8582      1.008000016212463    0.08799999952316284
 8583      12.01000022888184    0.03420000150799751
 8584      1.008000016212463    0.02410000003874302
 8585      1.008000016212463    0.02410000003874302
 8586      12.01000022888184   0.001799999969080091
 8587      1.008000016212463    0.04399999976158142
 8588      1.008000016212463    0.04399999976158142
 8589      32.06000137329102    -0.2736999988555908
 8590      12.01000022888184    -0.0535999983549118
 8591      1.008000016212463    0.06840000301599503
 8592      1.008000016212463    0.06840000301599503
 8593      1.008000016212463    0.06840000301599503
 8594      12.01000022888184     0.5972999930381775
 8595                     16    -0.5679000020027161
 8596      14.01000022888184    -0.2547999918460846
 8597      12.01000022888184    0.01920000091195107
 8598      1.008000016212463    0.03909999877214432
 8599      1.008000016212463    0.03909999877214432
 8600      12.01000022888184    0.01889999955892563
 8601      1.008000016212463    0.02129999920725822
 8602      1.008000016212463    0.02129999920725822
 8603      12.01000022888184  -0.007000000216066837
 8604      1.008000016212463    0.02529999986290932
 8605      1.008000016212463    0.02529999986290932
 8606      12.01000022888184   -0.02659999951720238
 8607      1.008000016212463     0.0640999972820282
 8608      12.01000022888184     0.5896000266075134
 8609                     16    -0.5748000144958496
 8610      14.01000022888184    -0.4156999886035919
 8611      1.008000016212463     0.2718999981880188
 8612      12.01000022888184   -0.02520000003278255
 8613      1.008000016212463     0.0697999969124794
 8614      1.008000016212463     0.0697999969124794
 8615      12.01000022888184     0.5972999930381775
 8616                     16    -0.5679000020027161
 8617      14.01000022888184    -0.4156999886035919
 8618      1.008000016212463     0.2718999981880188
 8619      12.01000022888184   -0.08749999850988388
 8620      1.008000016212463    0.09690000116825104
 8621      12.01000022888184     0.2985000014305115
 8622      1.008000016212463   -0.02969999983906746
 8623      12.01000022888184    -0.3192000091075897
 8624      1.008000016212463    0.07909999787807465
 8625      1.008000016212463    0.07909999787807465
 8626      1.008000016212463    0.07909999787807465
 8627      12.01000022888184    -0.3192000091075897
 8628      1.008000016212463    0.07909999787807465
 8629      1.008000016212463    0.07909999787807465
 8630      1.008000016212463    0.07909999787807465
 8631      12.01000022888184     0.5972999930381775
 8632                     16    -0.5679000020027161
 8633      14.01000022888184    -0.4156999886035919
 8634      1.008000016212463     0.2718999981880188
 8635      12.01000022888184   -0.03889999911189079
 8636      1.008000016212463     0.1006999984383583
 8637      12.01000022888184     0.3653999865055084
 8638      1.008000016212463    0.00430000014603138
 8639      12.01000022888184    -0.2437999993562698
 8640      1.008000016212463    0.06419999897480011
 8641      1.008000016212463    0.06419999897480011
 8642      1.008000016212463    0.06419999897480011
 8643                     16    -0.6761000156402588
 8644      1.008000016212463     0.4101999998092651
 8645      12.01000022888184     0.5972999930381775
 8646                     16    -0.5679000020027161
 8647      14.01000022888184    -0.4156999886035919
 8648      1.008000016212463     0.2718999981880188
 8649      12.01000022888184   -0.05810000002384186
 8650      1.008000016212463      0.136000007390976
 8651      12.01000022888184  -0.007400000002235174
 8652      1.008000016212463    0.03669999912381172
 8653      1.008000016212463    0.03669999912381172
 8654      12.01000022888184     0.1868000030517578
 8655      14.01000022888184    -0.5432000160217285
 8656      12.01000022888184     0.1634999960660934
 8657      1.008000016212463     0.1435000002384186
 8658      14.01000022888184    -0.2795000076293945
 8659      1.008000016212463     0.3339000046253204
 8660      12.01000022888184    -0.2206999957561493
 8661      1.008000016212463     0.1861999928951263
 8662      12.01000022888184     0.5972999930381775
 8663                     16    -0.5679000020027161
 8664      14.01000022888184    -0.4156999886035919
 8665      1.008000016212463     0.2718999981880188
 8666      12.01000022888184   -0.02749999985098839
 8667      1.008000016212463     0.1123000010848045
 8668      12.01000022888184  -0.004999999888241291
 8669      1.008000016212463    0.03390000015497208
 8670      1.008000016212463    0.03390000015497208
 8671      12.01000022888184    -0.1414999961853027
 8672      12.01000022888184    -0.1638000011444092
 8673      1.008000016212463     0.2062000036239624
 8674      14.01000022888184    -0.3418000042438507
 8675      1.008000016212463     0.3411999940872192
 8676      12.01000022888184     0.1379999965429306
 8677      12.01000022888184    -0.2601000070571899
 8678      1.008000016212463     0.1571999937295914
 8679      12.01000022888184    -0.1133999973535538
 8680      1.008000016212463     0.1416999995708466
 8681      12.01000022888184    -0.1972000002861023
 8682      1.008000016212463     0.1447000056505203
 8683      12.01000022888184    -0.2387000024318695
 8684      1.008000016212463     0.1700000017881393
 8685      12.01000022888184     0.1243000030517578
 8686      12.01000022888184     0.5972999930381775
 8687                     16    -0.5679000020027161
 8688      14.01000022888184    -0.4156999886035919
 8689      1.008000016212463     0.2718999981880188
 8690      12.01000022888184   -0.05810000002384186
 8691      1.008000016212463      0.136000007390976
 8692      12.01000022888184  -0.007400000002235174
 8693      1.008000016212463    0.03669999912381172
 8694      1.008000016212463    0.03669999912381172
 8695      12.01000022888184     0.1868000030517578
 8696      14.01000022888184    -0.5432000160217285
 8697      12.01000022888184     0.1634999960660934
 8698      1.008000016212463     0.1435000002384186
 8699      14.01000022888184    -0.2795000076293945
 8700      1.008000016212463     0.3339000046253204
 8701      12.01000022888184    -0.2206999957561493
 8702      1.008000016212463     0.1861999928951263
 8703      12.01000022888184     0.5972999930381775
 8704                     16    -0.5679000020027161
 8705      14.01000022888184    -0.4156999886035919
 8706      1.008000016212463     0.2718999981880188
 8707      12.01000022888184   -0.02490000054240227
 8708      1.008000016212463    0.08429999649524689
 8709      12.01000022888184     0.2117000073194504
 8710      1.008000016212463    0.03519999980926514
 8711      1.008000016212463    0.03519999980926514
 8712                     16    -0.6546000242233276
 8713      1.008000016212463     0.4275000095367432
 8714      12.01000022888184     0.5972999930381775
 8715                     16    -0.5679000020027161
 8716      14.01000022888184    -0.2547999918460846
 8717      12.01000022888184    0.01920000091195107
 8718      1.008000016212463    0.03909999877214432
 8719      1.008000016212463    0.03909999877214432
 8720      12.01000022888184    0.01889999955892563
 8721      1.008000016212463    0.02129999920725822
 8722      1.008000016212463    0.02129999920725822
 8723      12.01000022888184  -0.007000000216066837
 8724      1.008000016212463    0.02529999986290932
 8725      1.008000016212463    0.02529999986290932
 8726      12.01000022888184   -0.02659999951720238
 8727      1.008000016212463     0.0640999972820282
 8728      12.01000022888184     0.5896000266075134
 8729                     16    -0.5748000144958496
 8730      14.01000022888184    -0.4156999886035919
 8731      1.008000016212463     0.2718999981880188
 8732      12.01000022888184   -0.00139999995008111
 8733      1.008000016212463    0.08760000020265579
 8734      12.01000022888184   -0.01520000025629997
 8735      1.008000016212463    0.02950000017881393
 8736      1.008000016212463    0.02950000017881393
 8737      12.01000022888184  -0.001099999994039536
 8738      12.01000022888184    -0.1905999928712845
 8739      1.008000016212463     0.1699000000953674
 8740      12.01000022888184    -0.2340999990701675
 8741      1.008000016212463     0.1656000018119812
 8742      12.01000022888184     0.3226000070571899
 8743                     16    -0.5579000115394592
 8744      1.008000016212463     0.3991999924182892
 8745      12.01000022888184    -0.2340999990701675
 8746      1.008000016212463     0.1656000018119812
 8747      12.01000022888184    -0.1905999928712845
 8748      1.008000016212463     0.1699000000953674
 8749      12.01000022888184     0.5972999930381775
 8750                     16    -0.5679000020027161
 8751      14.01000022888184    -0.4156999886035919
 8752      1.008000016212463     0.2718999981880188
 8753      12.01000022888184  -0.002400000113993883
 8754      1.008000016212463    0.09780000150203705
 8755      12.01000022888184   -0.03429999947547913
 8756      1.008000016212463    0.02950000017881393
 8757      1.008000016212463    0.02950000017881393
 8758      12.01000022888184     0.0118000004440546
 8759      12.01000022888184    -0.1255999952554703
 8760      1.008000016212463     0.1330000013113022
 8761      12.01000022888184    -0.1703999936580658
 8762      1.008000016212463     0.1430000066757202
 8763      12.01000022888184    -0.1071999967098236
 8764      1.008000016212463     0.1297000050544739
 8765      12.01000022888184    -0.1703999936580658
 8766      1.008000016212463     0.1430000066757202
 8767      12.01000022888184    -0.1255999952554703
 8768      1.008000016212463     0.1330000013113022
 8769      12.01000022888184     0.5972999930381775
 8770                     16    -0.5679000020027161
 8771      14.01000022888184    -0.4156999886035919
 8772      1.008000016212463     0.2718999981880188
 8773      12.01000022888184  -0.002400000113993883
 8774      1.008000016212463    0.09780000150203705
 8775      12.01000022888184   -0.03429999947547913
 8776      1.008000016212463    0.02950000017881393
 8777      1.008000016212463    0.02950000017881393
 8778      12.01000022888184     0.0118000004440546
 8779      12.01000022888184    -0.1255999952554703
 8780      1.008000016212463     0.1330000013113022
 8781      12.01000022888184    -0.1703999936580658
 8782      1.008000016212463     0.1430000066757202
 8783      12.01000022888184    -0.1071999967098236
 8784      1.008000016212463     0.1297000050544739
 8785      12.01000022888184    -0.1703999936580658
 8786      1.008000016212463     0.1430000066757202
 8787      12.01000022888184    -0.1255999952554703
 8788      1.008000016212463     0.1330000013113022
 8789      12.01000022888184     0.5972999930381775
 8790                     16    -0.5679000020027161
 8791      14.01000022888184    -0.4156999886035919
 8792      1.008000016212463     0.2718999981880188
 8793      12.01000022888184    0.03370000049471855
 8794      1.008000016212463    0.08229999989271164
 8795      12.01000022888184    -0.1825000047683716
 8796      1.008000016212463    0.06030000001192093
 8797      1.008000016212463    0.06030000001192093
 8798      1.008000016212463    0.06030000001192093
 8799      12.01000022888184     0.5972999930381775
 8800                     16    -0.5679000020027161
 8801      14.01000022888184    -0.4156999886035919
 8802      1.008000016212463     0.2718999981880188
 8803      12.01000022888184   -0.00139999995008111
 8804      1.008000016212463    0.08760000020265579
 8805      12.01000022888184   -0.01520000025629997
 8806      1.008000016212463    0.02950000017881393
 8807      1.008000016212463    0.02950000017881393
 8808      12.01000022888184  -0.001099999994039536
 8809      12.01000022888184    -0.1905999928712845
 8810      1.008000016212463     0.1699000000953674
 8811      12.01000022888184    -0.2340999990701675
 8812      1.008000016212463     0.1656000018119812
 8813      12.01000022888184     0.3226000070571899
 8814                     16    -0.5579000115394592
 8815      1.008000016212463     0.3991999924182892
 8816      12.01000022888184    -0.2340999990701675
 8817      1.008000016212463     0.1656000018119812
 8818      12.01000022888184    -0.1905999928712845
 8819      1.008000016212463     0.1699000000953674
 8820      12.01000022888184     0.5972999930381775
 8821                     16    -0.5679000020027161
 8822      14.01000022888184    -0.4156999886035919
 8823      1.008000016212463     0.2718999981880188
 8824      12.01000022888184  -0.002400000113993883
 8825      1.008000016212463    0.09780000150203705
 8826      12.01000022888184   -0.03429999947547913
 8827      1.008000016212463    0.02950000017881393
 8828      1.008000016212463    0.02950000017881393
 8829      12.01000022888184     0.0118000004440546
 8830      12.01000022888184    -0.1255999952554703
 8831      1.008000016212463     0.1330000013113022
 8832      12.01000022888184    -0.1703999936580658
 8833      1.008000016212463     0.1430000066757202
 8834      12.01000022888184    -0.1071999967098236
 8835      1.008000016212463     0.1297000050544739
 8836      12.01000022888184    -0.1703999936580658
 8837      1.008000016212463     0.1430000066757202
 8838      12.01000022888184    -0.1255999952554703
 8839      1.008000016212463     0.1330000013113022
 8840      12.01000022888184     0.5972999930381775
 8841                     16    -0.5679000020027161
 8842      14.01000022888184    -0.2547999918460846
 8843      12.01000022888184    0.01920000091195107
 8844      1.008000016212463    0.03909999877214432
 8845      1.008000016212463    0.03909999877214432
 8846      12.01000022888184    0.01889999955892563
 8847      1.008000016212463    0.02129999920725822
 8848      1.008000016212463    0.02129999920725822
 8849      12.01000022888184  -0.007000000216066837
 8850      1.008000016212463    0.02529999986290932
 8851      1.008000016212463    0.02529999986290932
 8852      12.01000022888184   -0.02659999951720238
 8853      1.008000016212463     0.0640999972820282
 8854      12.01000022888184     0.5896000266075134
 8855                     16    -0.5748000144958496
 8856      14.01000022888184    -0.4156999886035919
 8857      1.008000016212463     0.2718999981880188
 8858      12.01000022888184   -0.03889999911189079
 8859      1.008000016212463     0.1006999984383583
 8860      12.01000022888184     0.3653999865055084
 8861      1.008000016212463    0.00430000014603138
 8862      12.01000022888184    -0.2437999993562698
 8863      1.008000016212463    0.06419999897480011
 8864      1.008000016212463    0.06419999897480011
 8865      1.008000016212463    0.06419999897480011
 8866                     16    -0.6761000156402588
 8867      1.008000016212463     0.4101999998092651
 8868      12.01000022888184     0.5972999930381775
 8869                     16    -0.5679000020027161
 8870      14.01000022888184    -0.4156999886035919
 8871      1.008000016212463     0.2718999981880188
 8872      12.01000022888184    0.03370000049471855
 8873      1.008000016212463    0.08229999989271164
 8874      12.01000022888184    -0.1825000047683716
 8875      1.008000016212463    0.06030000001192093
 8876      1.008000016212463    0.06030000001192093
 8877      1.008000016212463    0.06030000001192093
 8878      12.01000022888184     0.5972999930381775
 8879                     16    -0.5679000020027161
 8880      14.01000022888184    -0.4156999886035919
 8881      1.008000016212463     0.2718999981880188
 8882      12.01000022888184   -0.02490000054240227
 8883      1.008000016212463    0.08429999649524689
 8884      12.01000022888184     0.2117000073194504
 8885      1.008000016212463    0.03519999980926514
 8886      1.008000016212463    0.03519999980926514
 8887                     16    -0.6546000242233276
 8888      1.008000016212463     0.4275000095367432
 8889      12.01000022888184     0.5972999930381775
 8890                     16    -0.5679000020027161
 8891      14.01000022888184    -0.4156999886035919
 8892      1.008000016212463     0.2718999981880188
 8893      12.01000022888184   -0.02490000054240227
 8894      1.008000016212463    0.08429999649524689
 8895      12.01000022888184     0.2117000073194504
 8896      1.008000016212463    0.03519999980926514
 8897      1.008000016212463    0.03519999980926514
 8898                     16    -0.6546000242233276
 8899      1.008000016212463     0.4275000095367432
 8900      12.01000022888184     0.5972999930381775
 8901                     16    -0.5679000020027161
 8902      14.01000022888184    -0.4156999886035919
 8903      1.008000016212463     0.2718999981880188
 8904      12.01000022888184   -0.00139999995008111
 8905      1.008000016212463    0.08760000020265579
 8906      12.01000022888184   -0.01520000025629997
 8907      1.008000016212463    0.02950000017881393
 8908      1.008000016212463    0.02950000017881393
 8909      12.01000022888184  -0.001099999994039536
 8910      12.01000022888184    -0.1905999928712845
 8911      1.008000016212463     0.1699000000953674
 8912      12.01000022888184    -0.2340999990701675
 8913      1.008000016212463     0.1656000018119812
 8914      12.01000022888184     0.3226000070571899
 8915                     16    -0.5579000115394592
 8916      1.008000016212463     0.3991999924182892
 8917      12.01000022888184    -0.2340999990701675
 8918      1.008000016212463     0.1656000018119812
 8919      12.01000022888184    -0.1905999928712845
 8920      1.008000016212463     0.1699000000953674
 8921      12.01000022888184     0.5972999930381775
 8922                     16    -0.5679000020027161
 8923      14.01000022888184    -0.2547999918460846
 8924      12.01000022888184    0.01920000091195107
 8925      1.008000016212463    0.03909999877214432
 8926      1.008000016212463    0.03909999877214432
 8927      12.01000022888184    0.01889999955892563
 8928      1.008000016212463    0.02129999920725822
 8929      1.008000016212463    0.02129999920725822
 8930      12.01000022888184  -0.007000000216066837
 8931      1.008000016212463    0.02529999986290932
 8932      1.008000016212463    0.02529999986290932
 8933      12.01000022888184   -0.02659999951720238
 8934      1.008000016212463     0.0640999972820282
 8935      12.01000022888184     0.5896000266075134
 8936                     16    -0.5748000144958496
 8937      14.01000022888184    -0.4156999886035919
 8938      1.008000016212463     0.2718999981880188
 8939      12.01000022888184    0.03370000049471855
 8940      1.008000016212463    0.08229999989271164
 8941      12.01000022888184    -0.1825000047683716
 8942      1.008000016212463    0.06030000001192093
 8943      1.008000016212463    0.06030000001192093
 8944      1.008000016212463    0.06030000001192093
 8945      12.01000022888184     0.5972999930381775
 8946                     16    -0.5679000020027161
 8947      14.01000022888184    -0.4156999886035919
 8948      1.008000016212463     0.2718999981880188
 8949      12.01000022888184   -0.02370000071823597
 8950      1.008000016212463    0.08799999952316284
 8951      12.01000022888184    0.03420000150799751
 8952      1.008000016212463    0.02410000003874302
 8953      1.008000016212463    0.02410000003874302
 8954      12.01000022888184   0.001799999969080091
 8955      1.008000016212463    0.04399999976158142
 8956      1.008000016212463    0.04399999976158142
 8957      32.06000137329102    -0.2736999988555908
 8958      12.01000022888184    -0.0535999983549118
 8959      1.008000016212463    0.06840000301599503
 8960      1.008000016212463    0.06840000301599503
 8961      1.008000016212463    0.06840000301599503
 8962      12.01000022888184     0.5972999930381775
 8963                     16    -0.5679000020027161
 8964      14.01000022888184    -0.4156999886035919
 8965      1.008000016212463     0.2718999981880188
 8966      12.01000022888184   -0.05180000141263008
 8967      1.008000016212463    0.09220000356435776
 8968      12.01000022888184    -0.1102000027894974
 8969      1.008000016212463    0.04569999873638153
 8970      1.008000016212463    0.04569999873638153
 8971      12.01000022888184     0.3531000018119812
 8972      1.008000016212463   -0.03610000014305115
 8973      12.01000022888184    -0.4120999872684479
 8974      1.008000016212463     0.1000000014901161
 8975      1.008000016212463     0.1000000014901161
 8976      1.008000016212463     0.1000000014901161
 8977      12.01000022888184    -0.4120999872684479
 8978      1.008000016212463     0.1000000014901161
 8979      1.008000016212463     0.1000000014901161
 8980      1.008000016212463     0.1000000014901161
 8981      12.01000022888184     0.5972999930381775
 8982                     16    -0.5679000020027161
 8983      14.01000022888184    -0.4156999886035919
 8984      1.008000016212463     0.2718999981880188
 8985      12.01000022888184    0.03370000049471855
 8986      1.008000016212463    0.08229999989271164
 8987      12.01000022888184    -0.1825000047683716
 8988      1.008000016212463    0.06030000001192093
 8989      1.008000016212463    0.06030000001192093
 8990      1.008000016212463    0.06030000001192093
 8991      12.01000022888184     0.5972999930381775
 8992                     16    -0.5679000020027161
 8993      14.01000022888184    -0.5163000226020813
 8994      1.008000016212463     0.2935999929904938
 8995      12.01000022888184    0.03810000047087669
 8996      1.008000016212463    0.08799999952316284
 8997      12.01000022888184   -0.03030000068247318
 8998      1.008000016212463   -0.01219999976456165
 8999      1.008000016212463   -0.01219999976456165
 9000      12.01000022888184     0.7993999719619751
 9001                     16    -0.8014000058174133
 9002                     16    -0.8014000058174133
 9003      12.01000022888184     0.5365999937057495
 9004                     16    -0.5819000005722046
 9005      14.01000022888184    -0.4156999886035919
 9006      1.008000016212463     0.2718999981880188
 9007      12.01000022888184   -0.02370000071823597
 9008      1.008000016212463    0.08799999952316284
 9009      12.01000022888184    0.03420000150799751
 9010      1.008000016212463    0.02410000003874302
 9011      1.008000016212463    0.02410000003874302
 9012      12.01000022888184   0.001799999969080091
 9013      1.008000016212463    0.04399999976158142
 9014      1.008000016212463    0.04399999976158142
 9015      32.06000137329102    -0.2736999988555908
 9016      12.01000022888184    -0.0535999983549118
 9017      1.008000016212463    0.06840000301599503
 9018      1.008000016212463    0.06840000301599503
 9019      1.008000016212463    0.06840000301599503
 9020      12.01000022888184     0.5972999930381775
 9021                     16    -0.5679000020027161
 9022      14.01000022888184    -0.4156999886035919
 9023      1.008000016212463     0.2718999981880188
 9024      12.01000022888184   -0.05180000141263008
 9025      1.008000016212463    0.09220000356435776
 9026      12.01000022888184    -0.1102000027894974
 9027      1.008000016212463    0.04569999873638153
 9028      1.008000016212463    0.04569999873638153
 9029      12.01000022888184     0.3531000018119812
 9030      1.008000016212463   -0.03610000014305115
 9031      12.01000022888184    -0.4120999872684479
 9032      1.008000016212463     0.1000000014901161
 9033      1.008000016212463     0.1000000014901161
 9034      1.008000016212463     0.1000000014901161
 9035      12.01000022888184    -0.4120999872684479
 9036      1.008000016212463     0.1000000014901161
 9037      1.008000016212463     0.1000000014901161
 9038      1.008000016212463     0.1000000014901161
 9039      12.01000022888184     0.5972999930381775
 9040                     16    -0.5679000020027161
 9041      14.01000022888184    -0.4156999886035919
 9042      1.008000016212463     0.2718999981880188
 9043      12.01000022888184    0.02129999920725822
 9044      1.008000016212463     0.1124000027775764
 9045      12.01000022888184    -0.1230999976396561
 9046      1.008000016212463     0.1111999973654747
 9047      1.008000016212463     0.1111999973654747
 9048      32.06000137329102    -0.3118999898433685
 9049      1.008000016212463     0.1932999938726425
 9050      12.01000022888184     0.5972999930381775
 9051                     16    -0.5679000020027161
 9052      14.01000022888184    -0.4156999886035919
 9053      1.008000016212463     0.2718999981880188
 9054      12.01000022888184   -0.02520000003278255
 9055      1.008000016212463     0.0697999969124794
 9056      1.008000016212463     0.0697999969124794
 9057      12.01000022888184     0.5972999930381775
 9058                     16    -0.5679000020027161
 9059      14.01000022888184    -0.4156999886035919
 9060      1.008000016212463     0.2718999981880188
 9061      12.01000022888184    0.03370000049471855
 9062      1.008000016212463    0.08229999989271164
 9063      12.01000022888184    -0.1825000047683716
 9064      1.008000016212463    0.06030000001192093
 9065      1.008000016212463    0.06030000001192093
 9066      1.008000016212463    0.06030000001192093
 9067      12.01000022888184     0.5972999930381775
 9068                     16    -0.5679000020027161
 9069      14.01000022888184    -0.4156999886035919
 9070      1.008000016212463     0.2718999981880188
 9071      12.01000022888184   -0.05970000103116035
 9072      1.008000016212463     0.0869000032544136
 9073      12.01000022888184     0.1303000003099442
 9074      1.008000016212463     0.0186999998986721
 9075      12.01000022888184    -0.3203999996185303
 9076      1.008000016212463    0.08820000290870667
 9077      1.008000016212463    0.08820000290870667
 9078      1.008000016212463    0.08820000290870667
 9079      12.01000022888184    -0.0430000014603138
 9080      1.008000016212463    0.02360000088810921
 9081      1.008000016212463    0.02360000088810921
 9082      12.01000022888184   -0.06599999964237213
 9083      1.008000016212463    0.01860000006854534
 9084      1.008000016212463    0.01860000006854534
 9085      1.008000016212463    0.01860000006854534
 9086      12.01000022888184     0.5972999930381775
 9087                     16    -0.5679000020027161
 9088      14.01000022888184    -0.4156999886035919
 9089      1.008000016212463     0.2718999981880188
 9090      12.01000022888184   -0.02520000003278255
 9091      1.008000016212463     0.0697999969124794
 9092      1.008000016212463     0.0697999969124794
 9093      12.01000022888184     0.5972999930381775
 9094                     16    -0.5679000020027161
 9095      14.01000022888184    -0.4156999886035919
 9096      1.008000016212463     0.2718999981880188
 9097      12.01000022888184    0.02129999920725822
 9098      1.008000016212463     0.1124000027775764
 9099      12.01000022888184    -0.1230999976396561
 9100      1.008000016212463     0.1111999973654747
 9101      1.008000016212463     0.1111999973654747
 9102      32.06000137329102    -0.3118999898433685
 9103      1.008000016212463     0.1932999938726425
 9104      12.01000022888184     0.5972999930381775
 9105                     16    -0.5679000020027161
 9106      14.01000022888184    -0.4156999886035919
 9107      1.008000016212463     0.2718999981880188
 9108      12.01000022888184   -0.05970000103116035
 9109      1.008000016212463     0.0869000032544136
 9110      12.01000022888184     0.1303000003099442
 9111      1.008000016212463     0.0186999998986721
 9112      12.01000022888184    -0.3203999996185303
 9113      1.008000016212463    0.08820000290870667
 9114      1.008000016212463    0.08820000290870667
 9115      1.008000016212463    0.08820000290870667
 9116      12.01000022888184    -0.0430000014603138
 9117      1.008000016212463    0.02360000088810921
 9118      1.008000016212463    0.02360000088810921
 9119      12.01000022888184   -0.06599999964237213
 9120      1.008000016212463    0.01860000006854534
 9121      1.008000016212463    0.01860000006854534
 9122      1.008000016212463    0.01860000006854534
 9123      12.01000022888184     0.5972999930381775
 9124                     16    -0.5679000020027161
 9125      14.01000022888184    -0.4156999886035919
 9126      1.008000016212463     0.2718999981880188
 9127      12.01000022888184   -0.02520000003278255
 9128      1.008000016212463     0.0697999969124794
 9129      1.008000016212463     0.0697999969124794
 9130      12.01000022888184     0.5972999930381775
 9131                     16    -0.5679000020027161
 9132      14.01000022888184    -0.4156999886035919
 9133      1.008000016212463     0.2718999981880188
 9134      12.01000022888184  -0.002400000113993883
 9135      1.008000016212463    0.09780000150203705
 9136      12.01000022888184   -0.03429999947547913
 9137      1.008000016212463    0.02950000017881393
 9138      1.008000016212463    0.02950000017881393
 9139      12.01000022888184     0.0118000004440546
 9140      12.01000022888184    -0.1255999952554703
 9141      1.008000016212463     0.1330000013113022
 9142      12.01000022888184    -0.1703999936580658
 9143      1.008000016212463     0.1430000066757202
 9144      12.01000022888184    -0.1071999967098236
 9145      1.008000016212463     0.1297000050544739
 9146      12.01000022888184    -0.1703999936580658
 9147      1.008000016212463     0.1430000066757202
 9148      12.01000022888184    -0.1255999952554703
 9149      1.008000016212463     0.1330000013113022
 9150      12.01000022888184     0.5972999930381775
 9151                     16    -0.5679000020027161
 9152      14.01000022888184    -0.4156999886035919
 9153      1.008000016212463     0.2718999981880188
 9154      12.01000022888184   -0.02490000054240227
 9155      1.008000016212463    0.08429999649524689
 9156      12.01000022888184     0.2117000073194504
 9157      1.008000016212463    0.03519999980926514
 9158      1.008000016212463    0.03519999980926514
 9159                     16    -0.6546000242233276
 9160      1.008000016212463     0.4275000095367432
 9161      12.01000022888184     0.5972999930381775
 9162                     16    -0.5679000020027161
 9163      14.01000022888184    -0.4156999886035919
 9164      1.008000016212463     0.2718999981880188
 9165      12.01000022888184   -0.02749999985098839
 9166      1.008000016212463     0.1123000010848045
 9167      12.01000022888184  -0.004999999888241291
 9168      1.008000016212463    0.03390000015497208
 9169      1.008000016212463    0.03390000015497208
 9170      12.01000022888184    -0.1414999961853027
 9171      12.01000022888184    -0.1638000011444092
 9172      1.008000016212463     0.2062000036239624
 9173      14.01000022888184    -0.3418000042438507
 9174      1.008000016212463     0.3411999940872192
 9175      12.01000022888184     0.1379999965429306
 9176      12.01000022888184    -0.2601000070571899
 9177      1.008000016212463     0.1571999937295914
 9178      12.01000022888184    -0.1133999973535538
 9179      1.008000016212463     0.1416999995708466
 9180      12.01000022888184    -0.1972000002861023
 9181      1.008000016212463     0.1447000056505203
 9182      12.01000022888184    -0.2387000024318695
 9183      1.008000016212463     0.1700000017881393
 9184      12.01000022888184     0.1243000030517578
 9185      12.01000022888184     0.5972999930381775
 9186                     16    -0.5679000020027161
 9187      14.01000022888184    -0.4156999886035919
 9188      1.008000016212463     0.2718999981880188
 9189      12.01000022888184    0.03370000049471855
 9190      1.008000016212463    0.08229999989271164
 9191      12.01000022888184    -0.1825000047683716
 9192      1.008000016212463    0.06030000001192093
 9193      1.008000016212463    0.06030000001192093
 9194      1.008000016212463    0.06030000001192093
 9195      12.01000022888184     0.5972999930381775
 9196                     16    -0.5679000020027161
 9197      14.01000022888184    -0.4156999886035919
 9198      1.008000016212463     0.2718999981880188
 9199      12.01000022888184    0.03370000049471855
 9200      1.008000016212463    0.08229999989271164
 9201      12.01000022888184    -0.1825000047683716
 9202      1.008000016212463    0.06030000001192093
 9203      1.008000016212463    0.06030000001192093
 9204      1.008000016212463    0.06030000001192093
 9205      12.01000022888184     0.5972999930381775
 9206                     16    -0.5679000020027161
 9207      14.01000022888184    -0.4156999886035919
 9208      1.008000016212463     0.2718999981880188
 9209      12.01000022888184   -0.02490000054240227
 9210      1.008000016212463    0.08429999649524689
 9211      12.01000022888184     0.2117000073194504
 9212      1.008000016212463    0.03519999980926514
 9213      1.008000016212463    0.03519999980926514
 9214                     16    -0.6546000242233276
 9215      1.008000016212463     0.4275000095367432
 9216      12.01000022888184     0.5972999930381775
 9217                     16    -0.5679000020027161
 9218      14.01000022888184    -0.2547999918460846
 9219      12.01000022888184    0.01920000091195107
 9220      1.008000016212463    0.03909999877214432
 9221      1.008000016212463    0.03909999877214432
 9222      12.01000022888184    0.01889999955892563
 9223      1.008000016212463    0.02129999920725822
 9224      1.008000016212463    0.02129999920725822
 9225      12.01000022888184  -0.007000000216066837
 9226      1.008000016212463    0.02529999986290932
 9227      1.008000016212463    0.02529999986290932
 9228      12.01000022888184   -0.02659999951720238
 9229      1.008000016212463     0.0640999972820282
 9230      12.01000022888184     0.5896000266075134
 9231                     16    -0.5748000144958496
 9232      14.01000022888184    -0.4156999886035919
 9233      1.008000016212463     0.2718999981880188
 9234      12.01000022888184    0.03370000049471855
 9235      1.008000016212463    0.08229999989271164
 9236      12.01000022888184    -0.1825000047683716
 9237      1.008000016212463    0.06030000001192093
 9238      1.008000016212463    0.06030000001192093
 9239      1.008000016212463    0.06030000001192093
 9240      12.01000022888184     0.5972999930381775
 9241                     16    -0.5679000020027161
 9242      14.01000022888184    -0.4156999886035919
 9243      1.008000016212463     0.2718999981880188
 9244      12.01000022888184    0.02129999920725822
 9245      1.008000016212463     0.1124000027775764
 9246      12.01000022888184    -0.1230999976396561
 9247      1.008000016212463     0.1111999973654747
 9248      1.008000016212463     0.1111999973654747
 9249      32.06000137329102    -0.3118999898433685
 9250      1.008000016212463     0.1932999938726425
 9251      12.01000022888184     0.5972999930381775
 9252                     16    -0.5679000020027161
 9253      14.01000022888184    -0.4156999886035919
 9254      1.008000016212463     0.2718999981880188
 9255      12.01000022888184   -0.03889999911189079
 9256      1.008000016212463     0.1006999984383583
 9257      12.01000022888184     0.3653999865055084
 9258      1.008000016212463    0.00430000014603138
 9259      12.01000022888184    -0.2437999993562698
 9260      1.008000016212463    0.06419999897480011
 9261      1.008000016212463    0.06419999897480011
 9262      1.008000016212463    0.06419999897480011
 9263                     16    -0.6761000156402588
 9264      1.008000016212463     0.4101999998092651
 9265      12.01000022888184     0.5972999930381775
 9266                     16    -0.5679000020027161
 9267      14.01000022888184    -0.5163000226020813
 9268      1.008000016212463     0.2935999929904938
 9269      12.01000022888184    0.03970000147819519
 9270      1.008000016212463     0.1105000004172325
 9271      12.01000022888184     0.0560000017285347
 9272      1.008000016212463   -0.01730000041425228
 9273      1.008000016212463   -0.01730000041425228
 9274      12.01000022888184    0.01360000018030405
 9275      1.008000016212463   -0.04250000044703484
 9276      1.008000016212463   -0.04250000044703484
 9277      12.01000022888184      0.805400013923645
 9278                     16    -0.8187999725341797
 9279                     16    -0.8187999725341797
 9280      12.01000022888184     0.5365999937057495
 9281                     16    -0.5819000005722046
 9282      14.01000022888184    -0.4156999886035919
 9283      1.008000016212463     0.2718999981880188
 9284      12.01000022888184   -0.05180000141263008
 9285      1.008000016212463    0.09220000356435776
 9286      12.01000022888184    -0.1102000027894974
 9287      1.008000016212463    0.04569999873638153
 9288      1.008000016212463    0.04569999873638153
 9289      12.01000022888184     0.3531000018119812
 9290      1.008000016212463   -0.03610000014305115
 9291      12.01000022888184    -0.4120999872684479
 9292      1.008000016212463     0.1000000014901161
 9293      1.008000016212463     0.1000000014901161
 9294      1.008000016212463     0.1000000014901161
 9295      12.01000022888184    -0.4120999872684479
 9296      1.008000016212463     0.1000000014901161
 9297      1.008000016212463     0.1000000014901161
 9298      1.008000016212463     0.1000000014901161
 9299      12.01000022888184     0.5972999930381775
 9300                     16    -0.5679000020027161
 9301      14.01000022888184    -0.5163000226020813
 9302      1.008000016212463     0.2935999929904938
 9303      12.01000022888184    0.03970000147819519
 9304      1.008000016212463     0.1105000004172325
 9305      12.01000022888184     0.0560000017285347
 9306      1.008000016212463   -0.01730000041425228
 9307      1.008000016212463   -0.01730000041425228
 9308      12.01000022888184    0.01360000018030405
 9309      1.008000016212463   -0.04250000044703484
 9310      1.008000016212463   -0.04250000044703484
 9311      12.01000022888184      0.805400013923645
 9312                     16    -0.8187999725341797
 9313                     16    -0.8187999725341797
 9314      12.01000022888184     0.5365999937057495
 9315                     16    -0.5819000005722046
 9316      14.01000022888184    -0.4156999886035919
 9317      1.008000016212463     0.2718999981880188
 9318      12.01000022888184   -0.03889999911189079
 9319      1.008000016212463     0.1006999984383583
 9320      12.01000022888184     0.3653999865055084
 9321      1.008000016212463    0.00430000014603138
 9322      12.01000022888184    -0.2437999993562698
 9323      1.008000016212463    0.06419999897480011
 9324      1.008000016212463    0.06419999897480011
 9325      1.008000016212463    0.06419999897480011
 9326                     16    -0.6761000156402588
 9327      1.008000016212463     0.4101999998092651
 9328      12.01000022888184     0.5972999930381775
 9329                     16    -0.5679000020027161
 9330      14.01000022888184    -0.4156999886035919
 9331      1.008000016212463     0.2718999981880188
 9332      12.01000022888184   -0.08749999850988388
 9333      1.008000016212463    0.09690000116825104
 9334      12.01000022888184     0.2985000014305115
 9335      1.008000016212463   -0.02969999983906746
 9336      12.01000022888184    -0.3192000091075897
 9337      1.008000016212463    0.07909999787807465
 9338      1.008000016212463    0.07909999787807465
 9339      1.008000016212463    0.07909999787807465
 9340      12.01000022888184    -0.3192000091075897
 9341      1.008000016212463    0.07909999787807465
 9342      1.008000016212463    0.07909999787807465
 9343      1.008000016212463    0.07909999787807465
 9344      12.01000022888184     0.5972999930381775
 9345                     16    -0.5679000020027161
 9346      14.01000022888184    -0.4156999886035919
 9347      1.008000016212463     0.2718999981880188
 9348      12.01000022888184   -0.02370000071823597
 9349      1.008000016212463    0.08799999952316284
 9350      12.01000022888184    0.03420000150799751
 9351      1.008000016212463    0.02410000003874302
 9352      1.008000016212463    0.02410000003874302
 9353      12.01000022888184   0.001799999969080091
 9354      1.008000016212463    0.04399999976158142
 9355      1.008000016212463    0.04399999976158142
 9356      32.06000137329102    -0.2736999988555908
 9357      12.01000022888184    -0.0535999983549118
 9358      1.008000016212463    0.06840000301599503
 9359      1.008000016212463    0.06840000301599503
 9360      1.008000016212463    0.06840000301599503
 9361      12.01000022888184     0.5972999930381775
 9362                     16    -0.5679000020027161
 9363      14.01000022888184    -0.4156999886035919
 9364      1.008000016212463     0.2718999981880188
 9365      12.01000022888184   -0.02370000071823597
 9366      1.008000016212463    0.08799999952316284
 9367      12.01000022888184    0.03420000150799751
 9368      1.008000016212463    0.02410000003874302
 9369      1.008000016212463    0.02410000003874302
 9370      12.01000022888184   0.001799999969080091
 9371      1.008000016212463    0.04399999976158142
 9372      1.008000016212463    0.04399999976158142
 9373      32.06000137329102    -0.2736999988555908
 9374      12.01000022888184    -0.0535999983549118
 9375      1.008000016212463    0.06840000301599503
 9376      1.008000016212463    0.06840000301599503
 9377      1.008000016212463    0.06840000301599503
 9378      12.01000022888184     0.5972999930381775
 9379                     16    -0.5679000020027161
 9380      14.01000022888184    -0.5163000226020813
 9381      1.008000016212463     0.2935999929904938
 9382      12.01000022888184    0.03810000047087669
 9383      1.008000016212463    0.08799999952316284
 9384      12.01000022888184   -0.03030000068247318
 9385      1.008000016212463   -0.01219999976456165
 9386      1.008000016212463   -0.01219999976456165
 9387      12.01000022888184     0.7993999719619751
 9388                     16    -0.8014000058174133
 9389                     16    -0.8014000058174133
 9390      12.01000022888184     0.5365999937057495
 9391                     16    -0.5819000005722046
 9392      14.01000022888184    -0.4156999886035919
 9393      1.008000016212463     0.2718999981880188
 9394      12.01000022888184   -0.02749999985098839
 9395      1.008000016212463     0.1123000010848045
 9396      12.01000022888184  -0.004999999888241291
 9397      1.008000016212463    0.03390000015497208
 9398      1.008000016212463    0.03390000015497208
 9399      12.01000022888184    -0.1414999961853027
 9400      12.01000022888184    -0.1638000011444092
 9401      1.008000016212463     0.2062000036239624
 9402      14.01000022888184    -0.3418000042438507
 9403      1.008000016212463     0.3411999940872192
 9404      12.01000022888184     0.1379999965429306
 9405      12.01000022888184    -0.2601000070571899
 9406      1.008000016212463     0.1571999937295914
 9407      12.01000022888184    -0.1133999973535538
 9408      1.008000016212463     0.1416999995708466
 9409      12.01000022888184    -0.1972000002861023
 9410      1.008000016212463     0.1447000056505203
 9411      12.01000022888184    -0.2387000024318695
 9412      1.008000016212463     0.1700000017881393
 9413      12.01000022888184     0.1243000030517578
 9414      12.01000022888184     0.5972999930381775
 9415                     16    -0.5679000020027161
 9416      14.01000022888184    -0.4156999886035919
 9417      1.008000016212463     0.2718999981880188
 9418      12.01000022888184   -0.05180000141263008
 9419      1.008000016212463    0.09220000356435776
 9420      12.01000022888184    -0.1102000027894974
 9421      1.008000016212463    0.04569999873638153
 9422      1.008000016212463    0.04569999873638153
 9423      12.01000022888184     0.3531000018119812
 9424      1.008000016212463   -0.03610000014305115
 9425      12.01000022888184    -0.4120999872684479
 9426      1.008000016212463     0.1000000014901161
 9427      1.008000016212463     0.1000000014901161
 9428      1.008000016212463     0.1000000014901161
 9429      12.01000022888184    -0.4120999872684479
 9430      1.008000016212463     0.1000000014901161
 9431      1.008000016212463     0.1000000014901161
 9432      1.008000016212463     0.1000000014901161
 9433      12.01000022888184     0.5972999930381775
 9434                     16    -0.5679000020027161
 9435      14.01000022888184    -0.4156999886035919
 9436      1.008000016212463     0.2718999981880188
 9437      12.01000022888184   -0.02520000003278255
 9438      1.008000016212463     0.0697999969124794
 9439      1.008000016212463     0.0697999969124794
 9440      12.01000022888184     0.5972999930381775
 9441                     16    -0.5679000020027161
 9442      14.01000022888184     -0.347900003194809
 9443      1.008000016212463     0.2746999859809875
 9444      12.01000022888184     -0.239999994635582
 9445      1.008000016212463     0.1425999999046326
 9446      12.01000022888184  -0.009399999864399433
 9447      1.008000016212463    0.03620000183582306
 9448      1.008000016212463    0.03620000183582306
 9449      12.01000022888184     0.0186999998986721
 9450      1.008000016212463    0.01030000019818544
 9451      1.008000016212463    0.01030000019818544
 9452      12.01000022888184    -0.0478999987244606
 9453      1.008000016212463    0.06210000067949295
 9454      1.008000016212463    0.06210000067949295
 9455      12.01000022888184   -0.01429999992251396
 9456      1.008000016212463     0.1134999990463257
 9457      1.008000016212463     0.1134999990463257
 9458      14.01000022888184    -0.3853999972343445
 9459      1.008000016212463     0.3400000035762787
 9460      1.008000016212463     0.3400000035762787
 9461      1.008000016212463     0.3400000035762787
 9462      12.01000022888184     0.7340999841690063
 9463                     16    -0.5893999934196472
 9464      14.01000022888184    -0.4156999886035919
 9465      1.008000016212463     0.2718999981880188
 9466      12.01000022888184   -0.02370000071823597
 9467      1.008000016212463    0.08799999952316284
 9468      12.01000022888184    0.03420000150799751
 9469      1.008000016212463    0.02410000003874302
 9470      1.008000016212463    0.02410000003874302
 9471      12.01000022888184   0.001799999969080091
 9472      1.008000016212463    0.04399999976158142
 9473      1.008000016212463    0.04399999976158142
 9474      32.06000137329102    -0.2736999988555908
 9475      12.01000022888184    -0.0535999983549118
 9476      1.008000016212463    0.06840000301599503
 9477      1.008000016212463    0.06840000301599503
 9478      1.008000016212463    0.06840000301599503
 9479      12.01000022888184     0.5972999930381775
 9480                     16    -0.5679000020027161
 9481      14.01000022888184    -0.4156999886035919
 9482      1.008000016212463     0.2718999981880188
 9483      12.01000022888184   -0.05180000141263008
 9484      1.008000016212463    0.09220000356435776
 9485      12.01000022888184    -0.1102000027894974
 9486      1.008000016212463    0.04569999873638153
 9487      1.008000016212463    0.04569999873638153
 9488      12.01000022888184     0.3531000018119812
 9489      1.008000016212463   -0.03610000014305115
 9490      12.01000022888184    -0.4120999872684479
 9491      1.008000016212463     0.1000000014901161
 9492      1.008000016212463     0.1000000014901161
 9493      1.008000016212463     0.1000000014901161
 9494      12.01000022888184    -0.4120999872684479
 9495      1.008000016212463     0.1000000014901161
 9496      1.008000016212463     0.1000000014901161
 9497      1.008000016212463     0.1000000014901161
 9498      12.01000022888184     0.5972999930381775
 9499                     16    -0.5679000020027161
 9500      14.01000022888184    -0.5163000226020813
 9501      1.008000016212463     0.2935999929904938
 9502      12.01000022888184    0.03970000147819519
 9503      1.008000016212463     0.1105000004172325
 9504      12.01000022888184     0.0560000017285347
 9505      1.008000016212463   -0.01730000041425228
 9506      1.008000016212463   -0.01730000041425228
 9507      12.01000022888184    0.01360000018030405
 9508      1.008000016212463   -0.04250000044703484
 9509      1.008000016212463   -0.04250000044703484
 9510      12.01000022888184      0.805400013923645
 9511                     16    -0.8187999725341797
 9512                     16    -0.8187999725341797
 9513      12.01000022888184     0.5365999937057495
 9514                     16    -0.5819000005722046
 9515      14.01000022888184    -0.4156999886035919
 9516      1.008000016212463     0.2718999981880188
 9517      12.01000022888184   -0.05180000141263008
 9518      1.008000016212463    0.09220000356435776
 9519      12.01000022888184    -0.1102000027894974
 9520      1.008000016212463    0.04569999873638153
 9521      1.008000016212463    0.04569999873638153
 9522      12.01000022888184     0.3531000018119812
 9523      1.008000016212463   -0.03610000014305115
 9524      12.01000022888184    -0.4120999872684479
 9525      1.008000016212463     0.1000000014901161
 9526      1.008000016212463     0.1000000014901161
 9527      1.008000016212463     0.1000000014901161
 9528      12.01000022888184    -0.4120999872684479
 9529      1.008000016212463     0.1000000014901161
 9530      1.008000016212463     0.1000000014901161
 9531      1.008000016212463     0.1000000014901161
 9532      12.01000022888184     0.5972999930381775
 9533                     16    -0.5679000020027161
 9534      14.01000022888184    -0.2547999918460846
 9535      12.01000022888184    0.01920000091195107
 9536      1.008000016212463    0.03909999877214432
 9537      1.008000016212463    0.03909999877214432
 9538      12.01000022888184    0.01889999955892563
 9539      1.008000016212463    0.02129999920725822
 9540      1.008000016212463    0.02129999920725822
 9541      12.01000022888184  -0.007000000216066837
 9542      1.008000016212463    0.02529999986290932
 9543      1.008000016212463    0.02529999986290932
 9544      12.01000022888184   -0.02659999951720238
 9545      1.008000016212463     0.0640999972820282
 9546      12.01000022888184     0.5896000266075134
 9547                     16    -0.5748000144958496
 9548      14.01000022888184     -0.347900003194809
 9549      1.008000016212463     0.2746999859809875
 9550      12.01000022888184     -0.239999994635582
 9551      1.008000016212463     0.1425999999046326
 9552      12.01000022888184  -0.009399999864399433
 9553      1.008000016212463    0.03620000183582306
 9554      1.008000016212463    0.03620000183582306
 9555      12.01000022888184     0.0186999998986721
 9556      1.008000016212463    0.01030000019818544
 9557      1.008000016212463    0.01030000019818544
 9558      12.01000022888184    -0.0478999987244606
 9559      1.008000016212463    0.06210000067949295
 9560      1.008000016212463    0.06210000067949295
 9561      12.01000022888184   -0.01429999992251396
 9562      1.008000016212463     0.1134999990463257
 9563      1.008000016212463     0.1134999990463257
 9564      14.01000022888184    -0.3853999972343445
 9565      1.008000016212463     0.3400000035762787
 9566      1.008000016212463     0.3400000035762787
 9567      1.008000016212463     0.3400000035762787
 9568      12.01000022888184     0.7340999841690063
 9569                     16    -0.5893999934196472
 9570      14.01000022888184    -0.4156999886035919
 9571      1.008000016212463     0.2718999981880188
 9572      12.01000022888184    0.03370000049471855
 9573      1.008000016212463    0.08229999989271164
 9574      12.01000022888184    -0.1825000047683716
 9575      1.008000016212463    0.06030000001192093
 9576      1.008000016212463    0.06030000001192093
 9577      1.008000016212463    0.06030000001192093
 9578      12.01000022888184     0.5972999930381775
 9579                     16    -0.5679000020027161
 9580      14.01000022888184    -0.4156999886035919
 9581      1.008000016212463     0.2718999981880188
 9582      12.01000022888184  -0.002400000113993883
 9583      1.008000016212463    0.09780000150203705
 9584      12.01000022888184   -0.03429999947547913
 9585      1.008000016212463    0.02950000017881393
 9586      1.008000016212463    0.02950000017881393
 9587      12.01000022888184     0.0118000004440546
 9588      12.01000022888184    -0.1255999952554703
 9589      1.008000016212463     0.1330000013113022
 9590      12.01000022888184    -0.1703999936580658
 9591      1.008000016212463     0.1430000066757202
 9592      12.01000022888184    -0.1071999967098236
 9593      1.008000016212463     0.1297000050544739
 9594      12.01000022888184    -0.1703999936580658
 9595      1.008000016212463     0.1430000066757202
 9596      12.01000022888184    -0.1255999952554703
 9597      1.008000016212463     0.1330000013113022
 9598      12.01000022888184     0.5972999930381775
 9599                     16    -0.5679000020027161
 9600      14.01000022888184    -0.4156999886035919
 9601      1.008000016212463     0.2718999981880188
 9602      12.01000022888184   -0.05180000141263008
 9603      1.008000016212463    0.09220000356435776
 9604      12.01000022888184    -0.1102000027894974
 9605      1.008000016212463    0.04569999873638153
 9606      1.008000016212463    0.04569999873638153
 9607      12.01000022888184     0.3531000018119812
 9608      1.008000016212463   -0.03610000014305115
 9609      12.01000022888184    -0.4120999872684479
 9610      1.008000016212463     0.1000000014901161
 9611      1.008000016212463     0.1000000014901161
 9612      1.008000016212463     0.1000000014901161
 9613      12.01000022888184    -0.4120999872684479
 9614      1.008000016212463     0.1000000014901161
 9615      1.008000016212463     0.1000000014901161
 9616      1.008000016212463     0.1000000014901161
 9617      12.01000022888184     0.5972999930381775
 9618                     16    -0.5679000020027161
 9619      14.01000022888184    -0.4156999886035919
 9620      1.008000016212463     0.2718999981880188
 9621      12.01000022888184    0.01429999992251396
 9622      1.008000016212463     0.1048000007867813
 9623      12.01000022888184    -0.2040999978780746
 9624      1.008000016212463    0.07970000058412552
 9625      1.008000016212463    0.07970000058412552
 9626      12.01000022888184     0.7129999995231628
 9627                     16    -0.5931000113487244
 9628      14.01000022888184    -0.9190999865531921
 9629      1.008000016212463     0.4196000099182129
 9630      1.008000016212463     0.4196000099182129
 9631      12.01000022888184     0.5972999930381775
 9632                     16    -0.5679000020027161
 9633      14.01000022888184    -0.5163000226020813
 9634      1.008000016212463     0.2935999929904938
 9635      12.01000022888184    0.03970000147819519
 9636      1.008000016212463     0.1105000004172325
 9637      12.01000022888184     0.0560000017285347
 9638      1.008000016212463   -0.01730000041425228
 9639      1.008000016212463   -0.01730000041425228
 9640      12.01000022888184    0.01360000018030405
 9641      1.008000016212463   -0.04250000044703484
 9642      1.008000016212463   -0.04250000044703484
 9643      12.01000022888184      0.805400013923645
 9644                     16    -0.8187999725341797
 9645                     16    -0.8187999725341797
 9646      12.01000022888184     0.5365999937057495
 9647                     16    -0.5819000005722046
 9648      14.01000022888184     -0.347900003194809
 9649      1.008000016212463     0.2746999859809875
 9650      12.01000022888184     -0.239999994635582
 9651      1.008000016212463     0.1425999999046326
 9652      12.01000022888184  -0.009399999864399433
 9653      1.008000016212463    0.03620000183582306
 9654      1.008000016212463    0.03620000183582306
 9655      12.01000022888184     0.0186999998986721
 9656      1.008000016212463    0.01030000019818544
 9657      1.008000016212463    0.01030000019818544
 9658      12.01000022888184    -0.0478999987244606
 9659      1.008000016212463    0.06210000067949295
 9660      1.008000016212463    0.06210000067949295
 9661      12.01000022888184   -0.01429999992251396
 9662      1.008000016212463     0.1134999990463257
 9663      1.008000016212463     0.1134999990463257
 9664      14.01000022888184    -0.3853999972343445
 9665      1.008000016212463     0.3400000035762787
 9666      1.008000016212463     0.3400000035762787
 9667      1.008000016212463     0.3400000035762787
 9668      12.01000022888184     0.7340999841690063
 9669                     16    -0.5893999934196472
 9670      14.01000022888184    -0.4156999886035919
 9671      1.008000016212463     0.2718999981880188
 9672      12.01000022888184    0.03370000049471855
 9673      1.008000016212463    0.08229999989271164
 9674      12.01000022888184    -0.1825000047683716
 9675      1.008000016212463    0.06030000001192093
 9676      1.008000016212463    0.06030000001192093
 9677      1.008000016212463    0.06030000001192093
 9678      12.01000022888184     0.5972999930381775
 9679                     16    -0.5679000020027161
 9680      14.01000022888184    -0.4156999886035919
 9681      1.008000016212463     0.2718999981880188
 9682      12.01000022888184   -0.02520000003278255
 9683      1.008000016212463     0.0697999969124794
 9684      1.008000016212463     0.0697999969124794
 9685      12.01000022888184     0.5972999930381775
 9686                     16    -0.5679000020027161
 9687      14.01000022888184    -0.5163000226020813
 9688      1.008000016212463     0.2935999929904938
 9689      12.01000022888184    0.03970000147819519
 9690      1.008000016212463     0.1105000004172325
 9691      12.01000022888184     0.0560000017285347
 9692      1.008000016212463   -0.01730000041425228
 9693      1.008000016212463   -0.01730000041425228
 9694      12.01000022888184    0.01360000018030405
 9695      1.008000016212463   -0.04250000044703484
 9696      1.008000016212463   -0.04250000044703484
 9697      12.01000022888184      0.805400013923645
 9698                     16    -0.8187999725341797
 9699                     16    -0.8187999725341797
 9700      12.01000022888184     0.5365999937057495
 9701                     16    -0.5819000005722046
 9702      14.01000022888184    -0.4156999886035919
 9703      1.008000016212463     0.2718999981880188
 9704      12.01000022888184   -0.02520000003278255
 9705      1.008000016212463     0.0697999969124794
 9706      1.008000016212463     0.0697999969124794
 9707      12.01000022888184     0.5972999930381775
 9708                     16    -0.5679000020027161
 9709      14.01000022888184    -0.4156999886035919
 9710      1.008000016212463     0.2718999981880188
 9711      12.01000022888184   -0.02520000003278255
 9712      1.008000016212463     0.0697999969124794
 9713      1.008000016212463     0.0697999969124794
 9714      12.01000022888184     0.5972999930381775
 9715                     16    -0.5679000020027161
 9716      14.01000022888184    -0.4156999886035919
 9717      1.008000016212463     0.2718999981880188
 9718      12.01000022888184   -0.02520000003278255
 9719      1.008000016212463     0.0697999969124794
 9720      1.008000016212463     0.0697999969124794
 9721      12.01000022888184     0.5972999930381775
 9722                     16    -0.5679000020027161
 9723      14.01000022888184    -0.4156999886035919
 9724      1.008000016212463     0.2718999981880188
 9725      12.01000022888184   -0.08749999850988388
 9726      1.008000016212463    0.09690000116825104
 9727      12.01000022888184     0.2985000014305115
 9728      1.008000016212463   -0.02969999983906746
 9729      12.01000022888184    -0.3192000091075897
 9730      1.008000016212463    0.07909999787807465
 9731      1.008000016212463    0.07909999787807465
 9732      1.008000016212463    0.07909999787807465
 9733      12.01000022888184    -0.3192000091075897
 9734      1.008000016212463    0.07909999787807465
 9735      1.008000016212463    0.07909999787807465
 9736      1.008000016212463    0.07909999787807465
 9737      12.01000022888184     0.5972999930381775
 9738                     16    -0.5679000020027161
 9739      14.01000022888184    -0.4156999886035919
 9740      1.008000016212463     0.2718999981880188
 9741      12.01000022888184   -0.05970000103116035
 9742      1.008000016212463     0.0869000032544136
 9743      12.01000022888184     0.1303000003099442
 9744      1.008000016212463     0.0186999998986721
 9745      12.01000022888184    -0.3203999996185303
 9746      1.008000016212463    0.08820000290870667
 9747      1.008000016212463    0.08820000290870667
 9748      1.008000016212463    0.08820000290870667
 9749      12.01000022888184    -0.0430000014603138
 9750      1.008000016212463    0.02360000088810921
 9751      1.008000016212463    0.02360000088810921
 9752      12.01000022888184   -0.06599999964237213
 9753      1.008000016212463    0.01860000006854534
 9754      1.008000016212463    0.01860000006854534
 9755      1.008000016212463    0.01860000006854534
 9756      12.01000022888184     0.5972999930381775
 9757                     16    -0.5679000020027161
 9758      14.01000022888184    -0.4156999886035919
 9759      1.008000016212463     0.2718999981880188
 9760      12.01000022888184  -0.003100000089034438
 9761      1.008000016212463    0.08500000089406967
 9762      12.01000022888184  -0.003599999938160181
 9763      1.008000016212463    0.01710000075399876
 9764      1.008000016212463    0.01710000075399876
 9765      12.01000022888184   -0.06449999660253525
 9766      1.008000016212463    0.03519999980926514
 9767      1.008000016212463    0.03519999980926514
 9768      12.01000022888184     0.6951000094413757
 9769                     16    -0.6086000204086304
 9770      14.01000022888184    -0.9406999945640564
 9771      1.008000016212463     0.4250999987125397
 9772      1.008000016212463     0.4250999987125397
 9773      12.01000022888184     0.5972999930381775
 9774                     16    -0.5679000020027161
 9775      14.01000022888184    -0.4156999886035919
 9776      1.008000016212463     0.2718999981880188
 9777      12.01000022888184   -0.02520000003278255
 9778      1.008000016212463     0.0697999969124794
 9779      1.008000016212463     0.0697999969124794
 9780      12.01000022888184     0.5972999930381775
 9781                     16    -0.5679000020027161
 9782      14.01000022888184    -0.4156999886035919
 9783      1.008000016212463     0.2718999981880188
 9784      12.01000022888184   -0.02490000054240227
 9785      1.008000016212463    0.08429999649524689
 9786      12.01000022888184     0.2117000073194504
 9787      1.008000016212463    0.03519999980926514
 9788      1.008000016212463    0.03519999980926514
 9789                     16    -0.6546000242233276
 9790      1.008000016212463     0.4275000095367432
 9791      12.01000022888184     0.5972999930381775
 9792                     16    -0.5679000020027161
 9793      14.01000022888184    -0.4156999886035919
 9794      1.008000016212463     0.2718999981880188
 9795      12.01000022888184    0.03370000049471855
 9796      1.008000016212463    0.08229999989271164
 9797      12.01000022888184    -0.1825000047683716
 9798      1.008000016212463    0.06030000001192093
 9799      1.008000016212463    0.06030000001192093
 9800      1.008000016212463    0.06030000001192093
 9801      12.01000022888184     0.5972999930381775
 9802                     16    -0.5679000020027161
 9803      14.01000022888184    -0.4156999886035919
 9804      1.008000016212463     0.2718999981880188
 9805      12.01000022888184   -0.02490000054240227
 9806      1.008000016212463    0.08429999649524689
 9807      12.01000022888184     0.2117000073194504
 9808      1.008000016212463    0.03519999980926514
 9809      1.008000016212463    0.03519999980926514
 9810                     16    -0.6546000242233276
 9811      1.008000016212463     0.4275000095367432
 9812      12.01000022888184     0.5972999930381775
 9813                     16    -0.5679000020027161
 9814      14.01000022888184    -0.5163000226020813
 9815      1.008000016212463     0.2935999929904938
 9816      12.01000022888184    0.03970000147819519
 9817      1.008000016212463     0.1105000004172325
 9818      12.01000022888184     0.0560000017285347
 9819      1.008000016212463   -0.01730000041425228
 9820      1.008000016212463   -0.01730000041425228
 9821      12.01000022888184    0.01360000018030405
 9822      1.008000016212463   -0.04250000044703484
 9823      1.008000016212463   -0.04250000044703484
 9824      12.01000022888184      0.805400013923645
 9825                     16    -0.8187999725341797
 9826                     16    -0.8187999725341797
 9827      12.01000022888184     0.5365999937057495
 9828                     16    -0.5819000005722046
 9829      14.01000022888184    -0.4156999886035919
 9830      1.008000016212463     0.2718999981880188
 9831      12.01000022888184    0.03370000049471855
 9832      1.008000016212463    0.08229999989271164
 9833      12.01000022888184    -0.1825000047683716
 9834      1.008000016212463    0.06030000001192093
 9835      1.008000016212463    0.06030000001192093
 9836      1.008000016212463    0.06030000001192093
 9837      12.01000022888184     0.5972999930381775
 9838                     16    -0.5679000020027161
 9839      14.01000022888184    -0.4156999886035919
 9840      1.008000016212463     0.2718999981880188
 9841      12.01000022888184   -0.03889999911189079
 9842      1.008000016212463     0.1006999984383583
 9843      12.01000022888184     0.3653999865055084
 9844      1.008000016212463    0.00430000014603138
 9845      12.01000022888184    -0.2437999993562698
 9846      1.008000016212463    0.06419999897480011
 9847      1.008000016212463    0.06419999897480011
 9848      1.008000016212463    0.06419999897480011
 9849                     16    -0.6761000156402588
 9850      1.008000016212463     0.4101999998092651
 9851      12.01000022888184     0.5972999930381775
 9852                     16    -0.5679000020027161
 9853      14.01000022888184    -0.4156999886035919
 9854      1.008000016212463     0.2718999981880188
 9855      12.01000022888184   -0.05180000141263008
 9856      1.008000016212463    0.09220000356435776
 9857      12.01000022888184    -0.1102000027894974
 9858      1.008000016212463    0.04569999873638153
 9859      1.008000016212463    0.04569999873638153
 9860      12.01000022888184     0.3531000018119812
 9861      1.008000016212463   -0.03610000014305115
 9862      12.01000022888184    -0.4120999872684479
 9863      1.008000016212463     0.1000000014901161
 9864      1.008000016212463     0.1000000014901161
 9865      1.008000016212463     0.1000000014901161
 9866      12.01000022888184    -0.4120999872684479
 9867      1.008000016212463     0.1000000014901161
 9868      1.008000016212463     0.1000000014901161
 9869      1.008000016212463     0.1000000014901161
 9870      12.01000022888184     0.5972999930381775
 9871                     16    -0.5679000020027161
 9872      14.01000022888184    -0.4156999886035919
 9873      1.008000016212463     0.2718999981880188
 9874      12.01000022888184   -0.08749999850988388
 9875      1.008000016212463    0.09690000116825104
 9876      12.01000022888184     0.2985000014305115
 9877      1.008000016212463   -0.02969999983906746
 9878      12.01000022888184    -0.3192000091075897
 9879      1.008000016212463    0.07909999787807465
 9880      1.008000016212463    0.07909999787807465
 9881      1.008000016212463    0.07909999787807465
 9882      12.01000022888184    -0.3192000091075897
 9883      1.008000016212463    0.07909999787807465
 9884      1.008000016212463    0.07909999787807465
 9885      1.008000016212463    0.07909999787807465
 9886      12.01000022888184     0.5972999930381775
 9887                     16    -0.5679000020027161
 9888      14.01000022888184    -0.4156999886035919
 9889      1.008000016212463     0.2718999981880188
 9890      12.01000022888184    0.03370000049471855
 9891      1.008000016212463    0.08229999989271164
 9892      12.01000022888184    -0.1825000047683716
 9893      1.008000016212463    0.06030000001192093
 9894      1.008000016212463    0.06030000001192093
 9895      1.008000016212463    0.06030000001192093
 9896      12.01000022888184     0.5972999930381775
 9897                     16    -0.5679000020027161
 9898      14.01000022888184    -0.4156999886035919
 9899      1.008000016212463     0.2718999981880188
 9900      12.01000022888184   -0.05180000141263008
 9901      1.008000016212463    0.09220000356435776
 9902      12.01000022888184    -0.1102000027894974
 9903      1.008000016212463    0.04569999873638153
 9904      1.008000016212463    0.04569999873638153
 9905      12.01000022888184     0.3531000018119812
 9906      1.008000016212463   -0.03610000014305115
 9907      12.01000022888184    -0.4120999872684479
 9908      1.008000016212463     0.1000000014901161
 9909      1.008000016212463     0.1000000014901161
 9910      1.008000016212463     0.1000000014901161
 9911      12.01000022888184    -0.4120999872684479
 9912      1.008000016212463     0.1000000014901161
 9913      1.008000016212463     0.1000000014901161
 9914      1.008000016212463     0.1000000014901161
 9915      12.01000022888184     0.5972999930381775
 9916                     16    -0.5679000020027161
 9917      14.01000022888184    -0.4156999886035919
 9918      1.008000016212463     0.2718999981880188
 9919      12.01000022888184   -0.05180000141263008
 9920      1.008000016212463    0.09220000356435776
 9921      12.01000022888184    -0.1102000027894974
 9922      1.008000016212463    0.04569999873638153
 9923      1.008000016212463    0.04569999873638153
 9924      12.01000022888184     0.3531000018119812
 9925      1.008000016212463   -0.03610000014305115
 9926      12.01000022888184    -0.4120999872684479
 9927      1.008000016212463     0.1000000014901161
 9928      1.008000016212463     0.1000000014901161
 9929      1.008000016212463     0.1000000014901161
 9930      12.01000022888184    -0.4120999872684479
 9931      1.008000016212463     0.1000000014901161
 9932      1.008000016212463     0.1000000014901161
 9933      1.008000016212463     0.1000000014901161
 9934      12.01000022888184     0.5972999930381775
 9935                     16    -0.5679000020027161
 9936      14.01000022888184    -0.4156999886035919
 9937      1.008000016212463     0.2718999981880188
 9938      12.01000022888184    0.03370000049471855
 9939      1.008000016212463    0.08229999989271164
 9940      12.01000022888184    -0.1825000047683716
 9941      1.008000016212463    0.06030000001192093
 9942      1.008000016212463    0.06030000001192093
 9943      1.008000016212463    0.06030000001192093
 9944      12.01000022888184     0.5972999930381775
 9945                     16    -0.5679000020027161
 9946      14.01000022888184    -0.4156999886035919
 9947      1.008000016212463     0.2718999981880188
 9948      12.01000022888184    0.03370000049471855
 9949      1.008000016212463    0.08229999989271164
 9950      12.01000022888184    -0.1825000047683716
 9951      1.008000016212463    0.06030000001192093
 9952      1.008000016212463    0.06030000001192093
 9953      1.008000016212463    0.06030000001192093
 9954      12.01000022888184     0.5972999930381775
 9955                     16    -0.5679000020027161
 9956      14.01000022888184     -0.347900003194809
 9957      1.008000016212463     0.2746999859809875
 9958      12.01000022888184     -0.263700008392334
 9959      1.008000016212463     0.1560000032186508
 9960      12.01000022888184  -0.000699999975040555
 9961      1.008000016212463    0.03269999846816063
 9962      1.008000016212463    0.03269999846816063
 9963      12.01000022888184     0.0390000008046627
 9964      1.008000016212463    0.02850000001490116
 9965      1.008000016212463    0.02850000001490116
 9966      12.01000022888184    0.04859999939799309
 9967      1.008000016212463    0.06870000064373016
 9968      1.008000016212463    0.06870000064373016
 9969      14.01000022888184    -0.5295000076293945
 9970      1.008000016212463     0.3456000089645386
 9971      12.01000022888184     0.8076000213623047
 9972      14.01000022888184    -0.8626999855041504
 9973      1.008000016212463     0.4478000104427338
 9974      1.008000016212463     0.4478000104427338
 9975      14.01000022888184    -0.8626999855041504
 9976      1.008000016212463     0.4478000104427338
 9977      1.008000016212463     0.4478000104427338
 9978      12.01000022888184     0.7340999841690063
 9979                     16    -0.5893999934196472
 9980      14.01000022888184    -0.4156999886035919
 9981      1.008000016212463     0.2718999981880188
 9982      12.01000022888184   -0.03889999911189079
 9983      1.008000016212463     0.1006999984383583
 9984      12.01000022888184     0.3653999865055084
 9985      1.008000016212463    0.00430000014603138
 9986      12.01000022888184    -0.2437999993562698
 9987      1.008000016212463    0.06419999897480011
 9988      1.008000016212463    0.06419999897480011
 9989      1.008000016212463    0.06419999897480011
 9990                     16    -0.6761000156402588
 9991      1.008000016212463     0.4101999998092651
 9992      12.01000022888184     0.5972999930381775
 9993                     16    -0.5679000020027161
 9994      14.01000022888184     -0.347900003194809
 9995      1.008000016212463     0.2746999859809875
 9996      12.01000022888184     -0.239999994635582
 9997      1.008000016212463     0.1425999999046326
 9998      12.01000022888184  -0.009399999864399433
 9999      1.008000016212463    0.03620000183582306
 10000      1.008000016212463    0.03620000183582306
 10001      12.01000022888184     0.0186999998986721
 10002      1.008000016212463    0.01030000019818544
 10003      1.008000016212463    0.01030000019818544
 10004      12.01000022888184    -0.0478999987244606
 10005      1.008000016212463    0.06210000067949295
 10006      1.008000016212463    0.06210000067949295
 10007      12.01000022888184   -0.01429999992251396
 10008      1.008000016212463     0.1134999990463257
 10009      1.008000016212463     0.1134999990463257
 10010      14.01000022888184    -0.3853999972343445
 10011      1.008000016212463     0.3400000035762787
 10012      1.008000016212463     0.3400000035762787
 10013      1.008000016212463     0.3400000035762787
 10014      12.01000022888184     0.7340999841690063
 10015                     16    -0.5893999934196472
 10016      14.01000022888184    -0.4156999886035919
 10017      1.008000016212463     0.2718999981880188
 10018      12.01000022888184   -0.08749999850988388
 10019      1.008000016212463    0.09690000116825104
 10020      12.01000022888184     0.2985000014305115
 10021      1.008000016212463   -0.02969999983906746
 10022      12.01000022888184    -0.3192000091075897
 10023      1.008000016212463    0.07909999787807465
 10024      1.008000016212463    0.07909999787807465
 10025      1.008000016212463    0.07909999787807465
 10026      12.01000022888184    -0.3192000091075897
 10027      1.008000016212463    0.07909999787807465
 10028      1.008000016212463    0.07909999787807465
 10029      1.008000016212463    0.07909999787807465
 10030      12.01000022888184     0.5972999930381775
 10031                     16    -0.5679000020027161
 10032      14.01000022888184    -0.4156999886035919
 10033      1.008000016212463     0.2718999981880188
 10034      12.01000022888184   -0.05970000103116035
 10035      1.008000016212463     0.0869000032544136
 10036      12.01000022888184     0.1303000003099442
 10037      1.008000016212463     0.0186999998986721
 10038      12.01000022888184    -0.3203999996185303
 10039      1.008000016212463    0.08820000290870667
 10040      1.008000016212463    0.08820000290870667
 10041      1.008000016212463    0.08820000290870667
 10042      12.01000022888184    -0.0430000014603138
 10043      1.008000016212463    0.02360000088810921
 10044      1.008000016212463    0.02360000088810921
 10045      12.01000022888184   -0.06599999964237213
 10046      1.008000016212463    0.01860000006854534
 10047      1.008000016212463    0.01860000006854534
 10048      1.008000016212463    0.01860000006854534
 10049      12.01000022888184     0.5972999930381775
 10050                     16    -0.5679000020027161
 10051      14.01000022888184    -0.4156999886035919
 10052      1.008000016212463     0.2718999981880188
 10053      12.01000022888184    0.01879999972879887
 10054      1.008000016212463    0.08810000121593475
 10055      12.01000022888184   -0.04619999974966049
 10056      1.008000016212463    0.04019999876618385
 10057      1.008000016212463    0.04019999876618385
 10058      12.01000022888184   -0.02659999951720238
 10059      14.01000022888184    -0.3810999989509583
 10060      1.008000016212463     0.3648999929428101
 10061      12.01000022888184     0.2056999951601028
 10062      1.008000016212463     0.1392000019550323
 10063      14.01000022888184     -0.572700023651123
 10064      12.01000022888184     0.1291999965906143
 10065      1.008000016212463     0.1146999970078468
 10066      12.01000022888184     0.5972999930381775
 10067                     16    -0.5679000020027161
 10068      14.01000022888184     -0.347900003194809
 10069      1.008000016212463     0.2746999859809875
 10070      12.01000022888184     -0.263700008392334
 10071      1.008000016212463     0.1560000032186508
 10072      12.01000022888184  -0.000699999975040555
 10073      1.008000016212463    0.03269999846816063
 10074      1.008000016212463    0.03269999846816063
 10075      12.01000022888184     0.0390000008046627
 10076      1.008000016212463    0.02850000001490116
 10077      1.008000016212463    0.02850000001490116
 10078      12.01000022888184    0.04859999939799309
 10079      1.008000016212463    0.06870000064373016
 10080      1.008000016212463    0.06870000064373016
 10081      14.01000022888184    -0.5295000076293945
 10082      1.008000016212463     0.3456000089645386
 10083      12.01000022888184     0.8076000213623047
 10084      14.01000022888184    -0.8626999855041504
 10085      1.008000016212463     0.4478000104427338
 10086      1.008000016212463     0.4478000104427338
 10087      14.01000022888184    -0.8626999855041504
 10088      1.008000016212463     0.4478000104427338
 10089      1.008000016212463     0.4478000104427338
 10090      12.01000022888184     0.7340999841690063
 10091                     16    -0.5893999934196472
 10092      14.01000022888184    -0.4156999886035919
 10093      1.008000016212463     0.2718999981880188
 10094      12.01000022888184   -0.05180000141263008
 10095      1.008000016212463    0.09220000356435776
 10096      12.01000022888184    -0.1102000027894974
 10097      1.008000016212463    0.04569999873638153
 10098      1.008000016212463    0.04569999873638153
 10099      12.01000022888184     0.3531000018119812
 10100      1.008000016212463   -0.03610000014305115
 10101      12.01000022888184    -0.4120999872684479
 10102      1.008000016212463     0.1000000014901161
 10103      1.008000016212463     0.1000000014901161
 10104      1.008000016212463     0.1000000014901161
 10105      12.01000022888184    -0.4120999872684479
 10106      1.008000016212463     0.1000000014901161
 10107      1.008000016212463     0.1000000014901161
 10108      1.008000016212463     0.1000000014901161
 10109      12.01000022888184     0.5972999930381775
 10110                     16    -0.5679000020027161
 10111      14.01000022888184    -0.4156999886035919
 10112      1.008000016212463     0.2718999981880188
 10113      12.01000022888184  -0.003100000089034438
 10114      1.008000016212463    0.08500000089406967
 10115      12.01000022888184  -0.003599999938160181
 10116      1.008000016212463    0.01710000075399876
 10117      1.008000016212463    0.01710000075399876
 10118      12.01000022888184   -0.06449999660253525
 10119      1.008000016212463    0.03519999980926514
 10120      1.008000016212463    0.03519999980926514
 10121      12.01000022888184     0.6951000094413757
 10122                     16    -0.6086000204086304
 10123      14.01000022888184    -0.9406999945640564
 10124      1.008000016212463     0.4250999987125397
 10125      1.008000016212463     0.4250999987125397
 10126      12.01000022888184     0.5972999930381775
 10127                     16    -0.5679000020027161
 10128      14.01000022888184    -0.4156999886035919
 10129      1.008000016212463     0.2718999981880188
 10130      12.01000022888184    0.03370000049471855
 10131      1.008000016212463    0.08229999989271164
 10132      12.01000022888184    -0.1825000047683716
 10133      1.008000016212463    0.06030000001192093
 10134      1.008000016212463    0.06030000001192093
 10135      1.008000016212463    0.06030000001192093
 10136      12.01000022888184     0.5972999930381775
 10137                     16    -0.5679000020027161
 10138      14.01000022888184    -0.4156999886035919
 10139      1.008000016212463     0.2718999981880188
 10140      12.01000022888184    0.03370000049471855
 10141      1.008000016212463    0.08229999989271164
 10142      12.01000022888184    -0.1825000047683716
 10143      1.008000016212463    0.06030000001192093
 10144      1.008000016212463    0.06030000001192093
 10145      1.008000016212463    0.06030000001192093
 10146      12.01000022888184     0.5972999930381775
 10147                     16    -0.5679000020027161
 10148      14.01000022888184    -0.4156999886035919
 10149      1.008000016212463     0.2718999981880188
 10150      12.01000022888184   -0.02490000054240227
 10151      1.008000016212463    0.08429999649524689
 10152      12.01000022888184     0.2117000073194504
 10153      1.008000016212463    0.03519999980926514
 10154      1.008000016212463    0.03519999980926514
 10155                     16    -0.6546000242233276
 10156      1.008000016212463     0.4275000095367432
 10157      12.01000022888184     0.5972999930381775
 10158                     16    -0.5679000020027161
 10159      14.01000022888184    -0.2547999918460846
 10160      12.01000022888184    0.01920000091195107
 10161      1.008000016212463    0.03909999877214432
 10162      1.008000016212463    0.03909999877214432
 10163      12.01000022888184    0.01889999955892563
 10164      1.008000016212463    0.02129999920725822
 10165      1.008000016212463    0.02129999920725822
 10166      12.01000022888184  -0.007000000216066837
 10167      1.008000016212463    0.02529999986290932
 10168      1.008000016212463    0.02529999986290932
 10169      12.01000022888184   -0.02659999951720238
 10170      1.008000016212463     0.0640999972820282
 10171      12.01000022888184     0.5896000266075134
 10172                     16    -0.5748000144958496
 10173      14.01000022888184    -0.5163000226020813
 10174      1.008000016212463     0.2935999929904938
 10175      12.01000022888184    0.03970000147819519
 10176      1.008000016212463     0.1105000004172325
 10177      12.01000022888184     0.0560000017285347
 10178      1.008000016212463   -0.01730000041425228
 10179      1.008000016212463   -0.01730000041425228
 10180      12.01000022888184    0.01360000018030405
 10181      1.008000016212463   -0.04250000044703484
 10182      1.008000016212463   -0.04250000044703484
 10183      12.01000022888184      0.805400013923645
 10184                     16    -0.8187999725341797
 10185                     16    -0.8187999725341797
 10186      12.01000022888184     0.5365999937057495
 10187                     16    -0.5819000005722046
 10188      14.01000022888184    -0.4156999886035919
 10189      1.008000016212463     0.2718999981880188
 10190      12.01000022888184   -0.05180000141263008
 10191      1.008000016212463    0.09220000356435776
 10192      12.01000022888184    -0.1102000027894974
 10193      1.008000016212463    0.04569999873638153
 10194      1.008000016212463    0.04569999873638153
 10195      12.01000022888184     0.3531000018119812
 10196      1.008000016212463   -0.03610000014305115
 10197      12.01000022888184    -0.4120999872684479
 10198      1.008000016212463     0.1000000014901161
 10199      1.008000016212463     0.1000000014901161
 10200      1.008000016212463     0.1000000014901161
 10201      12.01000022888184    -0.4120999872684479
 10202      1.008000016212463     0.1000000014901161
 10203      1.008000016212463     0.1000000014901161
 10204      1.008000016212463     0.1000000014901161
 10205      12.01000022888184     0.5972999930381775
 10206                     16    -0.5679000020027161
 10207      14.01000022888184    -0.4156999886035919
 10208      1.008000016212463     0.2718999981880188
 10209      12.01000022888184   -0.03889999911189079
 10210      1.008000016212463     0.1006999984383583
 10211      12.01000022888184     0.3653999865055084
 10212      1.008000016212463    0.00430000014603138
 10213      12.01000022888184    -0.2437999993562698
 10214      1.008000016212463    0.06419999897480011
 10215      1.008000016212463    0.06419999897480011
 10216      1.008000016212463    0.06419999897480011
 10217                     16    -0.6761000156402588
 10218      1.008000016212463     0.4101999998092651
 10219      12.01000022888184     0.5972999930381775
 10220                     16    -0.5679000020027161
 10221      14.01000022888184    -0.4156999886035919
 10222      1.008000016212463     0.2718999981880188
 10223      12.01000022888184  -0.003100000089034438
 10224      1.008000016212463    0.08500000089406967
 10225      12.01000022888184  -0.003599999938160181
 10226      1.008000016212463    0.01710000075399876
 10227      1.008000016212463    0.01710000075399876
 10228      12.01000022888184   -0.06449999660253525
 10229      1.008000016212463    0.03519999980926514
 10230      1.008000016212463    0.03519999980926514
 10231      12.01000022888184     0.6951000094413757
 10232                     16    -0.6086000204086304
 10233      14.01000022888184    -0.9406999945640564
 10234      1.008000016212463     0.4250999987125397
 10235      1.008000016212463     0.4250999987125397
 10236      12.01000022888184     0.5972999930381775
 10237                     16    -0.5679000020027161
 10238      14.01000022888184    -0.4156999886035919
 10239      1.008000016212463     0.2718999981880188
 10240      12.01000022888184    0.03370000049471855
 10241      1.008000016212463    0.08229999989271164
 10242      12.01000022888184    -0.1825000047683716
 10243      1.008000016212463    0.06030000001192093
 10244      1.008000016212463    0.06030000001192093
 10245      1.008000016212463    0.06030000001192093
 10246      12.01000022888184     0.5972999930381775
 10247                     16    -0.5679000020027161
 10248      14.01000022888184    -0.4156999886035919
 10249      1.008000016212463     0.2718999981880188
 10250      12.01000022888184    0.03370000049471855
 10251      1.008000016212463    0.08229999989271164
 10252      12.01000022888184    -0.1825000047683716
 10253      1.008000016212463    0.06030000001192093
 10254      1.008000016212463    0.06030000001192093
 10255      1.008000016212463    0.06030000001192093
 10256      12.01000022888184     0.5972999930381775
 10257                     16    -0.5679000020027161
 10258      14.01000022888184    -0.4156999886035919
 10259      1.008000016212463     0.2718999981880188
 10260      12.01000022888184   -0.05970000103116035
 10261      1.008000016212463     0.0869000032544136
 10262      12.01000022888184     0.1303000003099442
 10263      1.008000016212463     0.0186999998986721
 10264      12.01000022888184    -0.3203999996185303
 10265      1.008000016212463    0.08820000290870667
 10266      1.008000016212463    0.08820000290870667
 10267      1.008000016212463    0.08820000290870667
 10268      12.01000022888184    -0.0430000014603138
 10269      1.008000016212463    0.02360000088810921
 10270      1.008000016212463    0.02360000088810921
 10271      12.01000022888184   -0.06599999964237213
 10272      1.008000016212463    0.01860000006854534
 10273      1.008000016212463    0.01860000006854534
 10274      1.008000016212463    0.01860000006854534
 10275      12.01000022888184     0.5972999930381775
 10276                     16    -0.5679000020027161
 10277      14.01000022888184    -0.4156999886035919
 10278      1.008000016212463     0.2718999981880188
 10279      12.01000022888184   -0.02370000071823597
 10280      1.008000016212463    0.08799999952316284
 10281      12.01000022888184    0.03420000150799751
 10282      1.008000016212463    0.02410000003874302
 10283      1.008000016212463    0.02410000003874302
 10284      12.01000022888184   0.001799999969080091
 10285      1.008000016212463    0.04399999976158142
 10286      1.008000016212463    0.04399999976158142
 10287      32.06000137329102    -0.2736999988555908
 10288      12.01000022888184    -0.0535999983549118
 10289      1.008000016212463    0.06840000301599503
 10290      1.008000016212463    0.06840000301599503
 10291      1.008000016212463    0.06840000301599503
 10292      12.01000022888184     0.5972999930381775
 10293                     16    -0.5679000020027161
 10294      14.01000022888184    -0.5163000226020813
 10295      1.008000016212463     0.2935999929904938
 10296      12.01000022888184    0.03970000147819519
 10297      1.008000016212463     0.1105000004172325
 10298      12.01000022888184     0.0560000017285347
 10299      1.008000016212463   -0.01730000041425228
 10300      1.008000016212463   -0.01730000041425228
 10301      12.01000022888184    0.01360000018030405
 10302      1.008000016212463   -0.04250000044703484
 10303      1.008000016212463   -0.04250000044703484
 10304      12.01000022888184      0.805400013923645
 10305                     16    -0.8187999725341797
 10306                     16    -0.8187999725341797
 10307      12.01000022888184     0.5365999937057495
 10308                     16    -0.5819000005722046
 10309      14.01000022888184     -0.347900003194809
 10310      1.008000016212463     0.2746999859809875
 10311      12.01000022888184     -0.239999994635582
 10312      1.008000016212463     0.1425999999046326
 10313      12.01000022888184  -0.009399999864399433
 10314      1.008000016212463    0.03620000183582306
 10315      1.008000016212463    0.03620000183582306
 10316      12.01000022888184     0.0186999998986721
 10317      1.008000016212463    0.01030000019818544
 10318      1.008000016212463    0.01030000019818544
 10319      12.01000022888184    -0.0478999987244606
 10320      1.008000016212463    0.06210000067949295
 10321      1.008000016212463    0.06210000067949295
 10322      12.01000022888184   -0.01429999992251396
 10323      1.008000016212463     0.1134999990463257
 10324      1.008000016212463     0.1134999990463257
 10325      14.01000022888184    -0.3853999972343445
 10326      1.008000016212463     0.3400000035762787
 10327      1.008000016212463     0.3400000035762787
 10328      1.008000016212463     0.3400000035762787
 10329      12.01000022888184     0.7340999841690063
 10330                     16    -0.5893999934196472
 10331      14.01000022888184    -0.4156999886035919
 10332      1.008000016212463     0.2718999981880188
 10333      12.01000022888184   -0.05180000141263008
 10334      1.008000016212463    0.09220000356435776
 10335      12.01000022888184    -0.1102000027894974
 10336      1.008000016212463    0.04569999873638153
 10337      1.008000016212463    0.04569999873638153
 10338      12.01000022888184     0.3531000018119812
 10339      1.008000016212463   -0.03610000014305115
 10340      12.01000022888184    -0.4120999872684479
 10341      1.008000016212463     0.1000000014901161
 10342      1.008000016212463     0.1000000014901161
 10343      1.008000016212463     0.1000000014901161
 10344      12.01000022888184    -0.4120999872684479
 10345      1.008000016212463     0.1000000014901161
 10346      1.008000016212463     0.1000000014901161
 10347      1.008000016212463     0.1000000014901161
 10348      12.01000022888184     0.5972999930381775
 10349                     16    -0.5679000020027161
 10350      14.01000022888184    -0.4156999886035919
 10351      1.008000016212463     0.2718999981880188
 10352      12.01000022888184   -0.08749999850988388
 10353      1.008000016212463    0.09690000116825104
 10354      12.01000022888184     0.2985000014305115
 10355      1.008000016212463   -0.02969999983906746
 10356      12.01000022888184    -0.3192000091075897
 10357      1.008000016212463    0.07909999787807465
 10358      1.008000016212463    0.07909999787807465
 10359      1.008000016212463    0.07909999787807465
 10360      12.01000022888184    -0.3192000091075897
 10361      1.008000016212463    0.07909999787807465
 10362      1.008000016212463    0.07909999787807465
 10363      1.008000016212463    0.07909999787807465
 10364      12.01000022888184     0.5972999930381775
 10365                     16    -0.5679000020027161
 10366      14.01000022888184    -0.4156999886035919
 10367      1.008000016212463     0.2718999981880188
 10368      12.01000022888184    0.03370000049471855
 10369      1.008000016212463    0.08229999989271164
 10370      12.01000022888184    -0.1825000047683716
 10371      1.008000016212463    0.06030000001192093
 10372      1.008000016212463    0.06030000001192093
 10373      1.008000016212463    0.06030000001192093
 10374      12.01000022888184     0.5972999930381775
 10375                     16    -0.5679000020027161
 10376      14.01000022888184    -0.4156999886035919
 10377      1.008000016212463     0.2718999981880188
 10378      12.01000022888184   -0.00139999995008111
 10379      1.008000016212463    0.08760000020265579
 10380      12.01000022888184   -0.01520000025629997
 10381      1.008000016212463    0.02950000017881393
 10382      1.008000016212463    0.02950000017881393
 10383      12.01000022888184  -0.001099999994039536
 10384      12.01000022888184    -0.1905999928712845
 10385      1.008000016212463     0.1699000000953674
 10386      12.01000022888184    -0.2340999990701675
 10387      1.008000016212463     0.1656000018119812
 10388      12.01000022888184     0.3226000070571899
 10389                     16    -0.5579000115394592
 10390      1.008000016212463     0.3991999924182892
 10391      12.01000022888184    -0.2340999990701675
 10392      1.008000016212463     0.1656000018119812
 10393      12.01000022888184    -0.1905999928712845
 10394      1.008000016212463     0.1699000000953674
 10395      12.01000022888184     0.5972999930381775
 10396                     16    -0.5679000020027161
 10397      14.01000022888184    -0.4156999886035919
 10398      1.008000016212463     0.2718999981880188
 10399      12.01000022888184   -0.02490000054240227
 10400      1.008000016212463    0.08429999649524689
 10401      12.01000022888184     0.2117000073194504
 10402      1.008000016212463    0.03519999980926514
 10403      1.008000016212463    0.03519999980926514
 10404                     16    -0.6546000242233276
 10405      1.008000016212463     0.4275000095367432
 10406      12.01000022888184     0.5972999930381775
 10407                     16    -0.5679000020027161
 10408      14.01000022888184    -0.4156999886035919
 10409      1.008000016212463     0.2718999981880188
 10410      12.01000022888184   -0.02490000054240227
 10411      1.008000016212463    0.08429999649524689
 10412      12.01000022888184     0.2117000073194504
 10413      1.008000016212463    0.03519999980926514
 10414      1.008000016212463    0.03519999980926514
 10415                     16    -0.6546000242233276
 10416      1.008000016212463     0.4275000095367432
 10417      12.01000022888184     0.5972999930381775
 10418                     16    -0.5679000020027161
 10419      14.01000022888184    -0.5163000226020813
 10420      1.008000016212463     0.2935999929904938
 10421      12.01000022888184    0.03810000047087669
 10422      1.008000016212463    0.08799999952316284
 10423      12.01000022888184   -0.03030000068247318
 10424      1.008000016212463   -0.01219999976456165
 10425      1.008000016212463   -0.01219999976456165
 10426      12.01000022888184     0.7993999719619751
 10427                     16    -0.8014000058174133
 10428                     16    -0.8014000058174133
 10429      12.01000022888184     0.5365999937057495
 10430                     16    -0.5819000005722046
 10431      14.01000022888184    -0.4156999886035919
 10432      1.008000016212463     0.2718999981880188
 10433      12.01000022888184  -0.003100000089034438
 10434      1.008000016212463    0.08500000089406967
 10435      12.01000022888184  -0.003599999938160181
 10436      1.008000016212463    0.01710000075399876
 10437      1.008000016212463    0.01710000075399876
 10438      12.01000022888184   -0.06449999660253525
 10439      1.008000016212463    0.03519999980926514
 10440      1.008000016212463    0.03519999980926514
 10441      12.01000022888184     0.6951000094413757
 10442                     16    -0.6086000204086304
 10443      14.01000022888184    -0.9406999945640564
 10444      1.008000016212463     0.4250999987125397
 10445      1.008000016212463     0.4250999987125397
 10446      12.01000022888184     0.5972999930381775
 10447                     16    -0.5679000020027161
 10448      14.01000022888184    -0.4156999886035919
 10449      1.008000016212463     0.2718999981880188
 10450      12.01000022888184    0.03370000049471855
 10451      1.008000016212463    0.08229999989271164
 10452      12.01000022888184    -0.1825000047683716
 10453      1.008000016212463    0.06030000001192093
 10454      1.008000016212463    0.06030000001192093
 10455      1.008000016212463    0.06030000001192093
 10456      12.01000022888184     0.5972999930381775
 10457                     16    -0.5679000020027161
 10458      14.01000022888184    -0.4156999886035919
 10459      1.008000016212463     0.2718999981880188
 10460      12.01000022888184   -0.05810000002384186
 10461      1.008000016212463      0.136000007390976
 10462      12.01000022888184  -0.007400000002235174
 10463      1.008000016212463    0.03669999912381172
 10464      1.008000016212463    0.03669999912381172
 10465      12.01000022888184     0.1868000030517578
 10466      14.01000022888184    -0.5432000160217285
 10467      12.01000022888184     0.1634999960660934
 10468      1.008000016212463     0.1435000002384186
 10469      14.01000022888184    -0.2795000076293945
 10470      1.008000016212463     0.3339000046253204
 10471      12.01000022888184    -0.2206999957561493
 10472      1.008000016212463     0.1861999928951263
 10473      12.01000022888184     0.5972999930381775
 10474                     16    -0.5679000020027161
 10475      14.01000022888184    -0.4156999886035919
 10476      1.008000016212463     0.2718999981880188
 10477      12.01000022888184   -0.02490000054240227
 10478      1.008000016212463    0.08429999649524689
 10479      12.01000022888184     0.2117000073194504
 10480      1.008000016212463    0.03519999980926514
 10481      1.008000016212463    0.03519999980926514
 10482                     16    -0.6546000242233276
 10483      1.008000016212463     0.4275000095367432
 10484      12.01000022888184     0.5972999930381775
 10485                     16    -0.5679000020027161
 10486      14.01000022888184    -0.4156999886035919
 10487      1.008000016212463     0.2718999981880188
 10488      12.01000022888184   -0.02490000054240227
 10489      1.008000016212463    0.08429999649524689
 10490      12.01000022888184     0.2117000073194504
 10491      1.008000016212463    0.03519999980926514
 10492      1.008000016212463    0.03519999980926514
 10493                     16    -0.6546000242233276
 10494      1.008000016212463     0.4275000095367432
 10495      12.01000022888184     0.5972999930381775
 10496                     16    -0.5679000020027161
 10497      14.01000022888184    -0.4156999886035919
 10498      1.008000016212463     0.2718999981880188
 10499      12.01000022888184   -0.08749999850988388
 10500      1.008000016212463    0.09690000116825104
 10501      12.01000022888184     0.2985000014305115
 10502      1.008000016212463   -0.02969999983906746
 10503      12.01000022888184    -0.3192000091075897
 10504      1.008000016212463    0.07909999787807465
 10505      1.008000016212463    0.07909999787807465
 10506      1.008000016212463    0.07909999787807465
 10507      12.01000022888184    -0.3192000091075897
 10508      1.008000016212463    0.07909999787807465
 10509      1.008000016212463    0.07909999787807465
 10510      1.008000016212463    0.07909999787807465
 10511      12.01000022888184     0.5972999930381775
 10512                     16    -0.5679000020027161
 10513      14.01000022888184    -0.5163000226020813
 10514      1.008000016212463     0.2935999929904938
 10515      12.01000022888184    0.03970000147819519
 10516      1.008000016212463     0.1105000004172325
 10517      12.01000022888184     0.0560000017285347
 10518      1.008000016212463   -0.01730000041425228
 10519      1.008000016212463   -0.01730000041425228
 10520      12.01000022888184    0.01360000018030405
 10521      1.008000016212463   -0.04250000044703484
 10522      1.008000016212463   -0.04250000044703484
 10523      12.01000022888184      0.805400013923645
 10524                     16    -0.8187999725341797
 10525                     16    -0.8187999725341797
 10526      12.01000022888184     0.5365999937057495
 10527                     16    -0.5819000005722046
 10528      14.01000022888184     -0.347900003194809
 10529      1.008000016212463     0.2746999859809875
 10530      12.01000022888184     -0.263700008392334
 10531      1.008000016212463     0.1560000032186508
 10532      12.01000022888184  -0.000699999975040555
 10533      1.008000016212463    0.03269999846816063
 10534      1.008000016212463    0.03269999846816063
 10535      12.01000022888184     0.0390000008046627
 10536      1.008000016212463    0.02850000001490116
 10537      1.008000016212463    0.02850000001490116
 10538      12.01000022888184    0.04859999939799309
 10539      1.008000016212463    0.06870000064373016
 10540      1.008000016212463    0.06870000064373016
 10541      14.01000022888184    -0.5295000076293945
 10542      1.008000016212463     0.3456000089645386
 10543      12.01000022888184     0.8076000213623047
 10544      14.01000022888184    -0.8626999855041504
 10545      1.008000016212463     0.4478000104427338
 10546      1.008000016212463     0.4478000104427338
 10547      14.01000022888184    -0.8626999855041504
 10548      1.008000016212463     0.4478000104427338
 10549      1.008000016212463     0.4478000104427338
 10550      12.01000022888184     0.7340999841690063
 10551                     16    -0.5893999934196472
 10552      14.01000022888184    -0.4156999886035919
 10553      1.008000016212463     0.2718999981880188
 10554      12.01000022888184    0.03370000049471855
 10555      1.008000016212463    0.08229999989271164
 10556      12.01000022888184    -0.1825000047683716
 10557      1.008000016212463    0.06030000001192093
 10558      1.008000016212463    0.06030000001192093
 10559      1.008000016212463    0.06030000001192093
 10560      12.01000022888184     0.5972999930381775
 10561                     16    -0.5679000020027161
 10562      14.01000022888184    -0.4156999886035919
 10563      1.008000016212463     0.2718999981880188
 10564      12.01000022888184   -0.02520000003278255
 10565      1.008000016212463     0.0697999969124794
 10566      1.008000016212463     0.0697999969124794
 10567      12.01000022888184     0.5972999930381775
 10568                     16    -0.5679000020027161
 10569      14.01000022888184    -0.4156999886035919
 10570      1.008000016212463     0.2718999981880188
 10571      12.01000022888184   -0.05180000141263008
 10572      1.008000016212463    0.09220000356435776
 10573      12.01000022888184    -0.1102000027894974
 10574      1.008000016212463    0.04569999873638153
 10575      1.008000016212463    0.04569999873638153
 10576      12.01000022888184     0.3531000018119812
 10577      1.008000016212463   -0.03610000014305115
 10578      12.01000022888184    -0.4120999872684479
 10579      1.008000016212463     0.1000000014901161
 10580      1.008000016212463     0.1000000014901161
 10581      1.008000016212463     0.1000000014901161
 10582      12.01000022888184    -0.4120999872684479
 10583      1.008000016212463     0.1000000014901161
 10584      1.008000016212463     0.1000000014901161
 10585      1.008000016212463     0.1000000014901161
 10586      12.01000022888184     0.5972999930381775
 10587                     16    -0.5679000020027161
 10588      14.01000022888184    -0.4156999886035919
 10589      1.008000016212463     0.2718999981880188
 10590      12.01000022888184   -0.05970000103116035
 10591      1.008000016212463     0.0869000032544136
 10592      12.01000022888184     0.1303000003099442
 10593      1.008000016212463     0.0186999998986721
 10594      12.01000022888184    -0.3203999996185303
 10595      1.008000016212463    0.08820000290870667
 10596      1.008000016212463    0.08820000290870667
 10597      1.008000016212463    0.08820000290870667
 10598      12.01000022888184    -0.0430000014603138
 10599      1.008000016212463    0.02360000088810921
 10600      1.008000016212463    0.02360000088810921
 10601      12.01000022888184   -0.06599999964237213
 10602      1.008000016212463    0.01860000006854534
 10603      1.008000016212463    0.01860000006854534
 10604      1.008000016212463    0.01860000006854534
 10605      12.01000022888184     0.5972999930381775
 10606                     16    -0.5679000020027161
 10607      14.01000022888184    -0.4156999886035919
 10608      1.008000016212463     0.2718999981880188
 10609      12.01000022888184   -0.02520000003278255
 10610      1.008000016212463     0.0697999969124794
 10611      1.008000016212463     0.0697999969124794
 10612      12.01000022888184     0.5972999930381775
 10613                     16    -0.5679000020027161
 10614      14.01000022888184    -0.4156999886035919
 10615      1.008000016212463     0.2718999981880188
 10616      12.01000022888184   -0.02520000003278255
 10617      1.008000016212463     0.0697999969124794
 10618      1.008000016212463     0.0697999969124794
 10619      12.01000022888184     0.5972999930381775
 10620                     16    -0.5679000020027161
 10621      14.01000022888184    -0.4156999886035919
 10622      1.008000016212463     0.2718999981880188
 10623      12.01000022888184   -0.08749999850988388
 10624      1.008000016212463    0.09690000116825104
 10625      12.01000022888184     0.2985000014305115
 10626      1.008000016212463   -0.02969999983906746
 10627      12.01000022888184    -0.3192000091075897
 10628      1.008000016212463    0.07909999787807465
 10629      1.008000016212463    0.07909999787807465
 10630      1.008000016212463    0.07909999787807465
 10631      12.01000022888184    -0.3192000091075897
 10632      1.008000016212463    0.07909999787807465
 10633      1.008000016212463    0.07909999787807465
 10634      1.008000016212463    0.07909999787807465
 10635      12.01000022888184     0.5972999930381775
 10636                     16    -0.5679000020027161
 10637      14.01000022888184     -0.347900003194809
 10638      1.008000016212463     0.2746999859809875
 10639      12.01000022888184     -0.239999994635582
 10640      1.008000016212463     0.1425999999046326
 10641      12.01000022888184  -0.009399999864399433
 10642      1.008000016212463    0.03620000183582306
 10643      1.008000016212463    0.03620000183582306
 10644      12.01000022888184     0.0186999998986721
 10645      1.008000016212463    0.01030000019818544
 10646      1.008000016212463    0.01030000019818544
 10647      12.01000022888184    -0.0478999987244606
 10648      1.008000016212463    0.06210000067949295
 10649      1.008000016212463    0.06210000067949295
 10650      12.01000022888184   -0.01429999992251396
 10651      1.008000016212463     0.1134999990463257
 10652      1.008000016212463     0.1134999990463257
 10653      14.01000022888184    -0.3853999972343445
 10654      1.008000016212463     0.3400000035762787
 10655      1.008000016212463     0.3400000035762787
 10656      1.008000016212463     0.3400000035762787
 10657      12.01000022888184     0.7340999841690063
 10658                     16    -0.5893999934196472
 10659      14.01000022888184    -0.4156999886035919
 10660      1.008000016212463     0.2718999981880188
 10661      12.01000022888184   -0.05180000141263008
 10662      1.008000016212463    0.09220000356435776
 10663      12.01000022888184    -0.1102000027894974
 10664      1.008000016212463    0.04569999873638153
 10665      1.008000016212463    0.04569999873638153
 10666      12.01000022888184     0.3531000018119812
 10667      1.008000016212463   -0.03610000014305115
 10668      12.01000022888184    -0.4120999872684479
 10669      1.008000016212463     0.1000000014901161
 10670      1.008000016212463     0.1000000014901161
 10671      1.008000016212463     0.1000000014901161
 10672      12.01000022888184    -0.4120999872684479
 10673      1.008000016212463     0.1000000014901161
 10674      1.008000016212463     0.1000000014901161
 10675      1.008000016212463     0.1000000014901161
 10676      12.01000022888184     0.5972999930381775
 10677                     16    -0.5679000020027161
 10678      14.01000022888184     -0.347900003194809
 10679      1.008000016212463     0.2746999859809875
 10680      12.01000022888184     -0.239999994635582
 10681      1.008000016212463     0.1425999999046326
 10682      12.01000022888184  -0.009399999864399433
 10683      1.008000016212463    0.03620000183582306
 10684      1.008000016212463    0.03620000183582306
 10685      12.01000022888184     0.0186999998986721
 10686      1.008000016212463    0.01030000019818544
 10687      1.008000016212463    0.01030000019818544
 10688      12.01000022888184    -0.0478999987244606
 10689      1.008000016212463    0.06210000067949295
 10690      1.008000016212463    0.06210000067949295
 10691      12.01000022888184   -0.01429999992251396
 10692      1.008000016212463     0.1134999990463257
 10693      1.008000016212463     0.1134999990463257
 10694      14.01000022888184    -0.3853999972343445
 10695      1.008000016212463     0.3400000035762787
 10696      1.008000016212463     0.3400000035762787
 10697      1.008000016212463     0.3400000035762787
 10698      12.01000022888184     0.7340999841690063
 10699                     16    -0.5893999934196472
 10700      14.01000022888184    -0.4156999886035919
 10701      1.008000016212463     0.2718999981880188
 10702      12.01000022888184    0.03370000049471855
 10703      1.008000016212463    0.08229999989271164
 10704      12.01000022888184    -0.1825000047683716
 10705      1.008000016212463    0.06030000001192093
 10706      1.008000016212463    0.06030000001192093
 10707      1.008000016212463    0.06030000001192093
 10708      12.01000022888184     0.5972999930381775
 10709                     16    -0.5679000020027161
 10710      14.01000022888184    -0.4156999886035919
 10711      1.008000016212463     0.2718999981880188
 10712      12.01000022888184   -0.05970000103116035
 10713      1.008000016212463     0.0869000032544136
 10714      12.01000022888184     0.1303000003099442
 10715      1.008000016212463     0.0186999998986721
 10716      12.01000022888184    -0.3203999996185303
 10717      1.008000016212463    0.08820000290870667
 10718      1.008000016212463    0.08820000290870667
 10719      1.008000016212463    0.08820000290870667
 10720      12.01000022888184    -0.0430000014603138
 10721      1.008000016212463    0.02360000088810921
 10722      1.008000016212463    0.02360000088810921
 10723      12.01000022888184   -0.06599999964237213
 10724      1.008000016212463    0.01860000006854534
 10725      1.008000016212463    0.01860000006854534
 10726      1.008000016212463    0.01860000006854534
 10727      12.01000022888184     0.5972999930381775
 10728                     16    -0.5679000020027161
 10729      14.01000022888184    -0.2547999918460846
 10730      12.01000022888184    0.01920000091195107
 10731      1.008000016212463    0.03909999877214432
 10732      1.008000016212463    0.03909999877214432
 10733      12.01000022888184    0.01889999955892563
 10734      1.008000016212463    0.02129999920725822
 10735      1.008000016212463    0.02129999920725822
 10736      12.01000022888184  -0.007000000216066837
 10737      1.008000016212463    0.02529999986290932
 10738      1.008000016212463    0.02529999986290932
 10739      12.01000022888184   -0.02659999951720238
 10740      1.008000016212463     0.0640999972820282
 10741      12.01000022888184     0.5896000266075134
 10742                     16    -0.5748000144958496
 10743      14.01000022888184    -0.4156999886035919
 10744      1.008000016212463     0.2718999981880188
 10745      12.01000022888184   -0.02490000054240227
 10746      1.008000016212463    0.08429999649524689
 10747      12.01000022888184     0.2117000073194504
 10748      1.008000016212463    0.03519999980926514
 10749      1.008000016212463    0.03519999980926514
 10750                     16    -0.6546000242233276
 10751      1.008000016212463     0.4275000095367432
 10752      12.01000022888184     0.5972999930381775
 10753                     16    -0.5679000020027161
 10754      14.01000022888184    -0.5163000226020813
 10755      1.008000016212463     0.2935999929904938
 10756      12.01000022888184    0.03810000047087669
 10757      1.008000016212463    0.08799999952316284
 10758      12.01000022888184   -0.03030000068247318
 10759      1.008000016212463   -0.01219999976456165
 10760      1.008000016212463   -0.01219999976456165
 10761      12.01000022888184     0.7993999719619751
 10762                     16    -0.8014000058174133
 10763                     16    -0.8014000058174133
 10764      12.01000022888184     0.5365999937057495
 10765                     16    -0.5819000005722046
 10766      14.01000022888184    -0.4156999886035919
 10767      1.008000016212463     0.2718999981880188
 10768      12.01000022888184   -0.02520000003278255
 10769      1.008000016212463     0.0697999969124794
 10770      1.008000016212463     0.0697999969124794
 10771      12.01000022888184     0.5972999930381775
 10772                     16    -0.5679000020027161
 10773      14.01000022888184    -0.4156999886035919
 10774      1.008000016212463     0.2718999981880188
 10775      12.01000022888184    0.01429999992251396
 10776      1.008000016212463     0.1048000007867813
 10777      12.01000022888184    -0.2040999978780746
 10778      1.008000016212463    0.07970000058412552
 10779      1.008000016212463    0.07970000058412552
 10780      12.01000022888184     0.7129999995231628
 10781                     16    -0.5931000113487244
 10782      14.01000022888184    -0.9190999865531921
 10783      1.008000016212463     0.4196000099182129
 10784      1.008000016212463     0.4196000099182129
 10785      12.01000022888184     0.5972999930381775
 10786                     16    -0.5679000020027161
 10787      14.01000022888184    -0.4156999886035919
 10788      1.008000016212463     0.2718999981880188
 10789      12.01000022888184  -0.002400000113993883
 10790      1.008000016212463    0.09780000150203705
 10791      12.01000022888184   -0.03429999947547913
 10792      1.008000016212463    0.02950000017881393
 10793      1.008000016212463    0.02950000017881393
 10794      12.01000022888184     0.0118000004440546
 10795      12.01000022888184    -0.1255999952554703
 10796      1.008000016212463     0.1330000013113022
 10797      12.01000022888184    -0.1703999936580658
 10798      1.008000016212463     0.1430000066757202
 10799      12.01000022888184    -0.1071999967098236
 10800      1.008000016212463     0.1297000050544739
 10801      12.01000022888184    -0.1703999936580658
 10802      1.008000016212463     0.1430000066757202
 10803      12.01000022888184    -0.1255999952554703
 10804      1.008000016212463     0.1330000013113022
 10805      12.01000022888184     0.5972999930381775
 10806                     16    -0.5679000020027161
 10807      14.01000022888184    -0.4156999886035919
 10808      1.008000016212463     0.2718999981880188
 10809      12.01000022888184    0.03370000049471855
 10810      1.008000016212463    0.08229999989271164
 10811      12.01000022888184    -0.1825000047683716
 10812      1.008000016212463    0.06030000001192093
 10813      1.008000016212463    0.06030000001192093
 10814      1.008000016212463    0.06030000001192093
 10815      12.01000022888184     0.5972999930381775
 10816                     16    -0.5679000020027161
 10817      14.01000022888184    -0.4156999886035919
 10818      1.008000016212463     0.2718999981880188
 10819      12.01000022888184   -0.02370000071823597
 10820      1.008000016212463    0.08799999952316284
 10821      12.01000022888184    0.03420000150799751
 10822      1.008000016212463    0.02410000003874302
 10823      1.008000016212463    0.02410000003874302
 10824      12.01000022888184   0.001799999969080091
 10825      1.008000016212463    0.04399999976158142
 10826      1.008000016212463    0.04399999976158142
 10827      32.06000137329102    -0.2736999988555908
 10828      12.01000022888184    -0.0535999983549118
 10829      1.008000016212463    0.06840000301599503
 10830      1.008000016212463    0.06840000301599503
 10831      1.008000016212463    0.06840000301599503
 10832      12.01000022888184     0.5972999930381775
 10833                     16    -0.5679000020027161
 10834      14.01000022888184     -0.347900003194809
 10835      1.008000016212463     0.2746999859809875
 10836      12.01000022888184     -0.263700008392334
 10837      1.008000016212463     0.1560000032186508
 10838      12.01000022888184  -0.000699999975040555
 10839      1.008000016212463    0.03269999846816063
 10840      1.008000016212463    0.03269999846816063
 10841      12.01000022888184     0.0390000008046627
 10842      1.008000016212463    0.02850000001490116
 10843      1.008000016212463    0.02850000001490116
 10844      12.01000022888184    0.04859999939799309
 10845      1.008000016212463    0.06870000064373016
 10846      1.008000016212463    0.06870000064373016
 10847      14.01000022888184    -0.5295000076293945
 10848      1.008000016212463     0.3456000089645386
 10849      12.01000022888184     0.8076000213623047
 10850      14.01000022888184    -0.8626999855041504
 10851      1.008000016212463     0.4478000104427338
 10852      1.008000016212463     0.4478000104427338
 10853      14.01000022888184    -0.8626999855041504
 10854      1.008000016212463     0.4478000104427338
 10855      1.008000016212463     0.4478000104427338
 10856      12.01000022888184     0.7340999841690063
 10857                     16    -0.5893999934196472
 10858      14.01000022888184    -0.4156999886035919
 10859      1.008000016212463     0.2718999981880188
 10860      12.01000022888184    0.03370000049471855
 10861      1.008000016212463    0.08229999989271164
 10862      12.01000022888184    -0.1825000047683716
 10863      1.008000016212463    0.06030000001192093
 10864      1.008000016212463    0.06030000001192093
 10865      1.008000016212463    0.06030000001192093
 10866      12.01000022888184     0.5972999930381775
 10867                     16    -0.5679000020027161
 10868      14.01000022888184    -0.4156999886035919
 10869      1.008000016212463     0.2718999981880188
 10870      12.01000022888184   -0.02490000054240227
 10871      1.008000016212463    0.08429999649524689
 10872      12.01000022888184     0.2117000073194504
 10873      1.008000016212463    0.03519999980926514
 10874      1.008000016212463    0.03519999980926514
 10875                     16    -0.6546000242233276
 10876      1.008000016212463     0.4275000095367432
 10877      12.01000022888184     0.5972999930381775
 10878                     16    -0.5679000020027161
 10879      14.01000022888184    -0.4156999886035919
 10880      1.008000016212463     0.2718999981880188
 10881      12.01000022888184    0.03370000049471855
 10882      1.008000016212463    0.08229999989271164
 10883      12.01000022888184    -0.1825000047683716
 10884      1.008000016212463    0.06030000001192093
 10885      1.008000016212463    0.06030000001192093
 10886      1.008000016212463    0.06030000001192093
 10887      12.01000022888184     0.5972999930381775
 10888                     16    -0.5679000020027161
 10889      14.01000022888184    -0.4156999886035919
 10890      1.008000016212463     0.2718999981880188
 10891      12.01000022888184   -0.05180000141263008
 10892      1.008000016212463    0.09220000356435776
 10893      12.01000022888184    -0.1102000027894974
 10894      1.008000016212463    0.04569999873638153
 10895      1.008000016212463    0.04569999873638153
 10896      12.01000022888184     0.3531000018119812
 10897      1.008000016212463   -0.03610000014305115
 10898      12.01000022888184    -0.4120999872684479
 10899      1.008000016212463     0.1000000014901161
 10900      1.008000016212463     0.1000000014901161
 10901      1.008000016212463     0.1000000014901161
 10902      12.01000022888184    -0.4120999872684479
 10903      1.008000016212463     0.1000000014901161
 10904      1.008000016212463     0.1000000014901161
 10905      1.008000016212463     0.1000000014901161
 10906      12.01000022888184     0.5972999930381775
 10907                     16    -0.5679000020027161
 10908      14.01000022888184    -0.4156999886035919
 10909      1.008000016212463     0.2718999981880188
 10910      12.01000022888184  -0.003100000089034438
 10911      1.008000016212463    0.08500000089406967
 10912      12.01000022888184  -0.003599999938160181
 10913      1.008000016212463    0.01710000075399876
 10914      1.008000016212463    0.01710000075399876
 10915      12.01000022888184   -0.06449999660253525
 10916      1.008000016212463    0.03519999980926514
 10917      1.008000016212463    0.03519999980926514
 10918      12.01000022888184     0.6951000094413757
 10919                     16    -0.6086000204086304
 10920      14.01000022888184    -0.9406999945640564
 10921      1.008000016212463     0.4250999987125397
 10922      1.008000016212463     0.4250999987125397
 10923      12.01000022888184     0.5972999930381775
 10924                     16    -0.5679000020027161
 10925      14.01000022888184    -0.5163000226020813
 10926      1.008000016212463     0.2935999929904938
 10927      12.01000022888184    0.03970000147819519
 10928      1.008000016212463     0.1105000004172325
 10929      12.01000022888184     0.0560000017285347
 10930      1.008000016212463   -0.01730000041425228
 10931      1.008000016212463   -0.01730000041425228
 10932      12.01000022888184    0.01360000018030405
 10933      1.008000016212463   -0.04250000044703484
 10934      1.008000016212463   -0.04250000044703484
 10935      12.01000022888184      0.805400013923645
 10936                     16    -0.8187999725341797
 10937                     16    -0.8187999725341797
 10938      12.01000022888184     0.5365999937057495
 10939                     16    -0.5819000005722046
 10940      14.01000022888184    -0.4156999886035919
 10941      1.008000016212463     0.2718999981880188
 10942      12.01000022888184    0.03370000049471855
 10943      1.008000016212463    0.08229999989271164
 10944      12.01000022888184    -0.1825000047683716
 10945      1.008000016212463    0.06030000001192093
 10946      1.008000016212463    0.06030000001192093
 10947      1.008000016212463    0.06030000001192093
 10948      12.01000022888184     0.5972999930381775
 10949                     16    -0.5679000020027161
 10950      14.01000022888184    -0.4156999886035919
 10951      1.008000016212463     0.2718999981880188
 10952      12.01000022888184   -0.05180000141263008
 10953      1.008000016212463    0.09220000356435776
 10954      12.01000022888184    -0.1102000027894974
 10955      1.008000016212463    0.04569999873638153
 10956      1.008000016212463    0.04569999873638153
 10957      12.01000022888184     0.3531000018119812
 10958      1.008000016212463   -0.03610000014305115
 10959      12.01000022888184    -0.4120999872684479
 10960      1.008000016212463     0.1000000014901161
 10961      1.008000016212463     0.1000000014901161
 10962      1.008000016212463     0.1000000014901161
 10963      12.01000022888184    -0.4120999872684479
 10964      1.008000016212463     0.1000000014901161
 10965      1.008000016212463     0.1000000014901161
 10966      1.008000016212463     0.1000000014901161
 10967      12.01000022888184     0.5972999930381775
 10968                     16    -0.5679000020027161
 10969      14.01000022888184    -0.5163000226020813
 10970      1.008000016212463     0.2935999929904938
 10971      12.01000022888184    0.03970000147819519
 10972      1.008000016212463     0.1105000004172325
 10973      12.01000022888184     0.0560000017285347
 10974      1.008000016212463   -0.01730000041425228
 10975      1.008000016212463   -0.01730000041425228
 10976      12.01000022888184    0.01360000018030405
 10977      1.008000016212463   -0.04250000044703484
 10978      1.008000016212463   -0.04250000044703484
 10979      12.01000022888184      0.805400013923645
 10980                     16    -0.8187999725341797
 10981                     16    -0.8187999725341797
 10982      12.01000022888184     0.5365999937057495
 10983                     16    -0.5819000005722046
 10984      14.01000022888184     -0.347900003194809
 10985      1.008000016212463     0.2746999859809875
 10986      12.01000022888184     -0.263700008392334
 10987      1.008000016212463     0.1560000032186508
 10988      12.01000022888184  -0.000699999975040555
 10989      1.008000016212463    0.03269999846816063
 10990      1.008000016212463    0.03269999846816063
 10991      12.01000022888184     0.0390000008046627
 10992      1.008000016212463    0.02850000001490116
 10993      1.008000016212463    0.02850000001490116
 10994      12.01000022888184    0.04859999939799309
 10995      1.008000016212463    0.06870000064373016
 10996      1.008000016212463    0.06870000064373016
 10997      14.01000022888184    -0.5295000076293945
 10998      1.008000016212463     0.3456000089645386
 10999      12.01000022888184     0.8076000213623047
 11000      14.01000022888184    -0.8626999855041504
 11001      1.008000016212463     0.4478000104427338
 11002      1.008000016212463     0.4478000104427338
 11003      14.01000022888184    -0.8626999855041504
 11004      1.008000016212463     0.4478000104427338
 11005      1.008000016212463     0.4478000104427338
 11006      12.01000022888184     0.7340999841690063
 11007                     16    -0.5893999934196472
 11008      14.01000022888184    -0.5163000226020813
 11009      1.008000016212463     0.2935999929904938
 11010      12.01000022888184    0.03810000047087669
 11011      1.008000016212463    0.08799999952316284
 11012      12.01000022888184   -0.03030000068247318
 11013      1.008000016212463   -0.01219999976456165
 11014      1.008000016212463   -0.01219999976456165
 11015      12.01000022888184     0.7993999719619751
 11016                     16    -0.8014000058174133
 11017                     16    -0.8014000058174133
 11018      12.01000022888184     0.5365999937057495
 11019                     16    -0.5819000005722046
 11020      14.01000022888184     -0.347900003194809
 11021      1.008000016212463     0.2746999859809875
 11022      12.01000022888184     -0.239999994635582
 11023      1.008000016212463     0.1425999999046326
 11024      12.01000022888184  -0.009399999864399433
 11025      1.008000016212463    0.03620000183582306
 11026      1.008000016212463    0.03620000183582306
 11027      12.01000022888184     0.0186999998986721
 11028      1.008000016212463    0.01030000019818544
 11029      1.008000016212463    0.01030000019818544
 11030      12.01000022888184    -0.0478999987244606
 11031      1.008000016212463    0.06210000067949295
 11032      1.008000016212463    0.06210000067949295
 11033      12.01000022888184   -0.01429999992251396
 11034      1.008000016212463     0.1134999990463257
 11035      1.008000016212463     0.1134999990463257
 11036      14.01000022888184    -0.3853999972343445
 11037      1.008000016212463     0.3400000035762787
 11038      1.008000016212463     0.3400000035762787
 11039      1.008000016212463     0.3400000035762787
 11040      12.01000022888184     0.7340999841690063
 11041                     16    -0.5893999934196472
 11042      14.01000022888184    -0.4156999886035919
 11043      1.008000016212463     0.2718999981880188
 11044      12.01000022888184    0.03370000049471855
 11045      1.008000016212463    0.08229999989271164
 11046      12.01000022888184    -0.1825000047683716
 11047      1.008000016212463    0.06030000001192093
 11048      1.008000016212463    0.06030000001192093
 11049      1.008000016212463    0.06030000001192093
 11050      12.01000022888184     0.5972999930381775
 11051                     16    -0.5679000020027161
 11052      14.01000022888184    -0.4156999886035919
 11053      1.008000016212463     0.2718999981880188
 11054      12.01000022888184    0.03370000049471855
 11055      1.008000016212463    0.08229999989271164
 11056      12.01000022888184    -0.1825000047683716
 11057      1.008000016212463    0.06030000001192093
 11058      1.008000016212463    0.06030000001192093
 11059      1.008000016212463    0.06030000001192093
 11060      12.01000022888184     0.5972999930381775
 11061                     16    -0.5679000020027161
 11062      14.01000022888184    -0.4156999886035919
 11063      1.008000016212463     0.2718999981880188
 11064      12.01000022888184   -0.02520000003278255
 11065      1.008000016212463     0.0697999969124794
 11066      1.008000016212463     0.0697999969124794
 11067      12.01000022888184     0.5972999930381775
 11068                     16    -0.5679000020027161
 11069      14.01000022888184    -0.4156999886035919
 11070      1.008000016212463     0.2718999981880188
 11071      12.01000022888184   -0.05180000141263008
 11072      1.008000016212463    0.09220000356435776
 11073      12.01000022888184    -0.1102000027894974
 11074      1.008000016212463    0.04569999873638153
 11075      1.008000016212463    0.04569999873638153
 11076      12.01000022888184     0.3531000018119812
 11077      1.008000016212463   -0.03610000014305115
 11078      12.01000022888184    -0.4120999872684479
 11079      1.008000016212463     0.1000000014901161
 11080      1.008000016212463     0.1000000014901161
 11081      1.008000016212463     0.1000000014901161
 11082      12.01000022888184    -0.4120999872684479
 11083      1.008000016212463     0.1000000014901161
 11084      1.008000016212463     0.1000000014901161
 11085      1.008000016212463     0.1000000014901161
 11086      12.01000022888184     0.5972999930381775
 11087                     16    -0.5679000020027161
 11088      14.01000022888184    -0.4156999886035919
 11089      1.008000016212463     0.2718999981880188
 11090      12.01000022888184   -0.05970000103116035
 11091      1.008000016212463     0.0869000032544136
 11092      12.01000022888184     0.1303000003099442
 11093      1.008000016212463     0.0186999998986721
 11094      12.01000022888184    -0.3203999996185303
 11095      1.008000016212463    0.08820000290870667
 11096      1.008000016212463    0.08820000290870667
 11097      1.008000016212463    0.08820000290870667
 11098      12.01000022888184    -0.0430000014603138
 11099      1.008000016212463    0.02360000088810921
 11100      1.008000016212463    0.02360000088810921
 11101      12.01000022888184   -0.06599999964237213
 11102      1.008000016212463    0.01860000006854534
 11103      1.008000016212463    0.01860000006854534
 11104      1.008000016212463    0.01860000006854534
 11105      12.01000022888184     0.5972999930381775
 11106                     16    -0.5679000020027161
 11107      14.01000022888184    -0.2547999918460846
 11108      12.01000022888184    0.01920000091195107
 11109      1.008000016212463    0.03909999877214432
 11110      1.008000016212463    0.03909999877214432
 11111      12.01000022888184    0.01889999955892563
 11112      1.008000016212463    0.02129999920725822
 11113      1.008000016212463    0.02129999920725822
 11114      12.01000022888184  -0.007000000216066837
 11115      1.008000016212463    0.02529999986290932
 11116      1.008000016212463    0.02529999986290932
 11117      12.01000022888184   -0.02659999951720238
 11118      1.008000016212463     0.0640999972820282
 11119      12.01000022888184     0.5896000266075134
 11120                     16    -0.5748000144958496
 11121      14.01000022888184    -0.4156999886035919
 11122      1.008000016212463     0.2718999981880188
 11123      12.01000022888184  -0.002400000113993883
 11124      1.008000016212463    0.09780000150203705
 11125      12.01000022888184   -0.03429999947547913
 11126      1.008000016212463    0.02950000017881393
 11127      1.008000016212463    0.02950000017881393
 11128      12.01000022888184     0.0118000004440546
 11129      12.01000022888184    -0.1255999952554703
 11130      1.008000016212463     0.1330000013113022
 11131      12.01000022888184    -0.1703999936580658
 11132      1.008000016212463     0.1430000066757202
 11133      12.01000022888184    -0.1071999967098236
 11134      1.008000016212463     0.1297000050544739
 11135      12.01000022888184    -0.1703999936580658
 11136      1.008000016212463     0.1430000066757202
 11137      12.01000022888184    -0.1255999952554703
 11138      1.008000016212463     0.1330000013113022
 11139      12.01000022888184     0.5972999930381775
 11140                     16    -0.5679000020027161
 11141      14.01000022888184    -0.4156999886035919
 11142      1.008000016212463     0.2718999981880188
 11143      12.01000022888184  -0.002400000113993883
 11144      1.008000016212463    0.09780000150203705
 11145      12.01000022888184   -0.03429999947547913
 11146      1.008000016212463    0.02950000017881393
 11147      1.008000016212463    0.02950000017881393
 11148      12.01000022888184     0.0118000004440546
 11149      12.01000022888184    -0.1255999952554703
 11150      1.008000016212463     0.1330000013113022
 11151      12.01000022888184    -0.1703999936580658
 11152      1.008000016212463     0.1430000066757202
 11153      12.01000022888184    -0.1071999967098236
 11154      1.008000016212463     0.1297000050544739
 11155      12.01000022888184    -0.1703999936580658
 11156      1.008000016212463     0.1430000066757202
 11157      12.01000022888184    -0.1255999952554703
 11158      1.008000016212463     0.1330000013113022
 11159      12.01000022888184     0.5972999930381775
 11160                     16    -0.5679000020027161
 11161      14.01000022888184    -0.4156999886035919
 11162      1.008000016212463     0.2718999981880188
 11163      12.01000022888184   -0.02370000071823597
 11164      1.008000016212463    0.08799999952316284
 11165      12.01000022888184    0.03420000150799751
 11166      1.008000016212463    0.02410000003874302
 11167      1.008000016212463    0.02410000003874302
 11168      12.01000022888184   0.001799999969080091
 11169      1.008000016212463    0.04399999976158142
 11170      1.008000016212463    0.04399999976158142
 11171      32.06000137329102    -0.2736999988555908
 11172      12.01000022888184    -0.0535999983549118
 11173      1.008000016212463    0.06840000301599503
 11174      1.008000016212463    0.06840000301599503
 11175      1.008000016212463    0.06840000301599503
 11176      12.01000022888184     0.5972999930381775
 11177                     16    -0.5679000020027161
 11178      14.01000022888184    -0.4156999886035919
 11179      1.008000016212463     0.2718999981880188
 11180      12.01000022888184   -0.08749999850988388
 11181      1.008000016212463    0.09690000116825104
 11182      12.01000022888184     0.2985000014305115
 11183      1.008000016212463   -0.02969999983906746
 11184      12.01000022888184    -0.3192000091075897
 11185      1.008000016212463    0.07909999787807465
 11186      1.008000016212463    0.07909999787807465
 11187      1.008000016212463    0.07909999787807465
 11188      12.01000022888184    -0.3192000091075897
 11189      1.008000016212463    0.07909999787807465
 11190      1.008000016212463    0.07909999787807465
 11191      1.008000016212463    0.07909999787807465
 11192      12.01000022888184     0.5972999930381775
 11193                     16    -0.5679000020027161
 11194      14.01000022888184    -0.4156999886035919
 11195      1.008000016212463     0.2718999981880188
 11196      12.01000022888184    0.03370000049471855
 11197      1.008000016212463    0.08229999989271164
 11198      12.01000022888184    -0.1825000047683716
 11199      1.008000016212463    0.06030000001192093
 11200      1.008000016212463    0.06030000001192093
 11201      1.008000016212463    0.06030000001192093
 11202      12.01000022888184     0.5972999930381775
 11203                     16    -0.5679000020027161
 11204      14.01000022888184    -0.4156999886035919
 11205      1.008000016212463     0.2718999981880188
 11206      12.01000022888184   -0.03889999911189079
 11207      1.008000016212463     0.1006999984383583
 11208      12.01000022888184     0.3653999865055084
 11209      1.008000016212463    0.00430000014603138
 11210      12.01000022888184    -0.2437999993562698
 11211      1.008000016212463    0.06419999897480011
 11212      1.008000016212463    0.06419999897480011
 11213      1.008000016212463    0.06419999897480011
 11214                     16    -0.6761000156402588
 11215      1.008000016212463     0.4101999998092651
 11216      12.01000022888184     0.5972999930381775
 11217                     16    -0.5679000020027161
 11218      14.01000022888184    -0.4156999886035919
 11219      1.008000016212463     0.2718999981880188
 11220      12.01000022888184   -0.05180000141263008
 11221      1.008000016212463    0.09220000356435776
 11222      12.01000022888184    -0.1102000027894974
 11223      1.008000016212463    0.04569999873638153
 11224      1.008000016212463    0.04569999873638153
 11225      12.01000022888184     0.3531000018119812
 11226      1.008000016212463   -0.03610000014305115
 11227      12.01000022888184    -0.4120999872684479
 11228      1.008000016212463     0.1000000014901161
 11229      1.008000016212463     0.1000000014901161
 11230      1.008000016212463     0.1000000014901161
 11231      12.01000022888184    -0.4120999872684479
 11232      1.008000016212463     0.1000000014901161
 11233      1.008000016212463     0.1000000014901161
 11234      1.008000016212463     0.1000000014901161
 11235      12.01000022888184     0.5972999930381775
 11236                     16    -0.5679000020027161
 11237      14.01000022888184    -0.4156999886035919
 11238      1.008000016212463     0.2718999981880188
 11239      12.01000022888184   -0.02520000003278255
 11240      1.008000016212463     0.0697999969124794
 11241      1.008000016212463     0.0697999969124794
 11242      12.01000022888184     0.5972999930381775
 11243                     16    -0.5679000020027161
 11244      14.01000022888184    -0.4156999886035919
 11245      1.008000016212463     0.2718999981880188
 11246      12.01000022888184   -0.03889999911189079
 11247      1.008000016212463     0.1006999984383583
 11248      12.01000022888184     0.3653999865055084
 11249      1.008000016212463    0.00430000014603138
 11250      12.01000022888184    -0.2437999993562698
 11251      1.008000016212463    0.06419999897480011
 11252      1.008000016212463    0.06419999897480011
 11253      1.008000016212463    0.06419999897480011
 11254                     16    -0.6761000156402588
 11255      1.008000016212463     0.4101999998092651
 11256      12.01000022888184     0.5972999930381775
 11257                     16    -0.5679000020027161
 11258      14.01000022888184    -0.4156999886035919
 11259      1.008000016212463     0.2718999981880188
 11260      12.01000022888184   -0.03889999911189079
 11261      1.008000016212463     0.1006999984383583
 11262      12.01000022888184     0.3653999865055084
 11263      1.008000016212463    0.00430000014603138
 11264      12.01000022888184    -0.2437999993562698
 11265      1.008000016212463    0.06419999897480011
 11266      1.008000016212463    0.06419999897480011
 11267      1.008000016212463    0.06419999897480011
 11268                     16    -0.6761000156402588
 11269      1.008000016212463     0.4101999998092651
 11270      12.01000022888184     0.5972999930381775
 11271                     16    -0.5679000020027161
 11272      14.01000022888184    -0.4156999886035919
 11273      1.008000016212463     0.2718999981880188
 11274      12.01000022888184   -0.03889999911189079
 11275      1.008000016212463     0.1006999984383583
 11276      12.01000022888184     0.3653999865055084
 11277      1.008000016212463    0.00430000014603138
 11278      12.01000022888184    -0.2437999993562698
 11279      1.008000016212463    0.06419999897480011
 11280      1.008000016212463    0.06419999897480011
 11281      1.008000016212463    0.06419999897480011
 11282                     16    -0.6761000156402588
 11283      1.008000016212463     0.4101999998092651
 11284      12.01000022888184     0.5972999930381775
 11285                     16    -0.5679000020027161
 11286      14.01000022888184    -0.4156999886035919
 11287      1.008000016212463     0.2718999981880188
 11288      12.01000022888184    0.02129999920725822
 11289      1.008000016212463     0.1124000027775764
 11290      12.01000022888184    -0.1230999976396561
 11291      1.008000016212463     0.1111999973654747
 11292      1.008000016212463     0.1111999973654747
 11293      32.06000137329102    -0.3118999898433685
 11294      1.008000016212463     0.1932999938726425
 11295      12.01000022888184     0.5972999930381775
 11296                     16    -0.5679000020027161
 11297      14.01000022888184    -0.4156999886035919
 11298      1.008000016212463     0.2718999981880188
 11299      12.01000022888184    0.02129999920725822
 11300      1.008000016212463     0.1124000027775764
 11301      12.01000022888184    -0.1230999976396561
 11302      1.008000016212463     0.1111999973654747
 11303      1.008000016212463     0.1111999973654747
 11304      32.06000137329102    -0.3118999898433685
 11305      1.008000016212463     0.1932999938726425
 11306      12.01000022888184     0.5972999930381775
 11307                     16    -0.5679000020027161
 11308      14.01000022888184    -0.4156999886035919
 11309      1.008000016212463     0.2718999981880188
 11310      12.01000022888184   -0.02490000054240227
 11311      1.008000016212463    0.08429999649524689
 11312      12.01000022888184     0.2117000073194504
 11313      1.008000016212463    0.03519999980926514
 11314      1.008000016212463    0.03519999980926514
 11315                     16    -0.6546000242233276
 11316      1.008000016212463     0.4275000095367432
 11317      12.01000022888184     0.5972999930381775
 11318                     16    -0.5679000020027161
 11319      14.01000022888184    -0.4156999886035919
 11320      1.008000016212463     0.2718999981880188
 11321      12.01000022888184  -0.002400000113993883
 11322      1.008000016212463    0.09780000150203705
 11323      12.01000022888184   -0.03429999947547913
 11324      1.008000016212463    0.02950000017881393
 11325      1.008000016212463    0.02950000017881393
 11326      12.01000022888184     0.0118000004440546
 11327      12.01000022888184    -0.1255999952554703
 11328      1.008000016212463     0.1330000013113022
 11329      12.01000022888184    -0.1703999936580658
 11330      1.008000016212463     0.1430000066757202
 11331      12.01000022888184    -0.1071999967098236
 11332      1.008000016212463     0.1297000050544739
 11333      12.01000022888184    -0.1703999936580658
 11334      1.008000016212463     0.1430000066757202
 11335      12.01000022888184    -0.1255999952554703
 11336      1.008000016212463     0.1330000013113022
 11337      12.01000022888184     0.5972999930381775
 11338                     16    -0.5679000020027161
 11339      14.01000022888184    -0.5163000226020813
 11340      1.008000016212463     0.2935999929904938
 11341      12.01000022888184    0.03810000047087669
 11342      1.008000016212463    0.08799999952316284
 11343      12.01000022888184   -0.03030000068247318
 11344      1.008000016212463   -0.01219999976456165
 11345      1.008000016212463   -0.01219999976456165
 11346      12.01000022888184     0.7993999719619751
 11347                     16    -0.8014000058174133
 11348                     16    -0.8014000058174133
 11349      12.01000022888184     0.5365999937057495
 11350                     16    -0.5819000005722046
 11351      14.01000022888184    -0.4156999886035919
 11352      1.008000016212463     0.2718999981880188
 11353      12.01000022888184    0.01429999992251396
 11354      1.008000016212463     0.1048000007867813
 11355      12.01000022888184    -0.2040999978780746
 11356      1.008000016212463    0.07970000058412552
 11357      1.008000016212463    0.07970000058412552
 11358      12.01000022888184     0.7129999995231628
 11359                     16    -0.5931000113487244
 11360      14.01000022888184    -0.9190999865531921
 11361      1.008000016212463     0.4196000099182129
 11362      1.008000016212463     0.4196000099182129
 11363      12.01000022888184     0.5972999930381775
 11364                     16    -0.5679000020027161
 11365      14.01000022888184    -0.4156999886035919
 11366      1.008000016212463     0.2718999981880188
 11367      12.01000022888184   -0.05180000141263008
 11368      1.008000016212463    0.09220000356435776
 11369      12.01000022888184    -0.1102000027894974
 11370      1.008000016212463    0.04569999873638153
 11371      1.008000016212463    0.04569999873638153
 11372      12.01000022888184     0.3531000018119812
 11373      1.008000016212463   -0.03610000014305115
 11374      12.01000022888184    -0.4120999872684479
 11375      1.008000016212463     0.1000000014901161
 11376      1.008000016212463     0.1000000014901161
 11377      1.008000016212463     0.1000000014901161
 11378      12.01000022888184    -0.4120999872684479
 11379      1.008000016212463     0.1000000014901161
 11380      1.008000016212463     0.1000000014901161
 11381      1.008000016212463     0.1000000014901161
 11382      12.01000022888184     0.5972999930381775
 11383                     16    -0.5679000020027161
 11384      14.01000022888184    -0.4156999886035919
 11385      1.008000016212463     0.2718999981880188
 11386      12.01000022888184   -0.05180000141263008
 11387      1.008000016212463    0.09220000356435776
 11388      12.01000022888184    -0.1102000027894974
 11389      1.008000016212463    0.04569999873638153
 11390      1.008000016212463    0.04569999873638153
 11391      12.01000022888184     0.3531000018119812
 11392      1.008000016212463   -0.03610000014305115
 11393      12.01000022888184    -0.4120999872684479
 11394      1.008000016212463     0.1000000014901161
 11395      1.008000016212463     0.1000000014901161
 11396      1.008000016212463     0.1000000014901161
 11397      12.01000022888184    -0.4120999872684479
 11398      1.008000016212463     0.1000000014901161
 11399      1.008000016212463     0.1000000014901161
 11400      1.008000016212463     0.1000000014901161
 11401      12.01000022888184     0.5972999930381775
 11402                     16    -0.5679000020027161
 11403      14.01000022888184    -0.5163000226020813
 11404      1.008000016212463     0.2935999929904938
 11405      12.01000022888184    0.03970000147819519
 11406      1.008000016212463     0.1105000004172325
 11407      12.01000022888184     0.0560000017285347
 11408      1.008000016212463   -0.01730000041425228
 11409      1.008000016212463   -0.01730000041425228
 11410      12.01000022888184    0.01360000018030405
 11411      1.008000016212463   -0.04250000044703484
 11412      1.008000016212463   -0.04250000044703484
 11413      12.01000022888184      0.805400013923645
 11414                     16    -0.8187999725341797
 11415                     16    -0.8187999725341797
 11416      12.01000022888184     0.5365999937057495
 11417                     16    -0.5819000005722046
 11418      14.01000022888184    -0.4156999886035919
 11419      1.008000016212463     0.2718999981880188
 11420      12.01000022888184   -0.08749999850988388
 11421      1.008000016212463    0.09690000116825104
 11422      12.01000022888184     0.2985000014305115
 11423      1.008000016212463   -0.02969999983906746
 11424      12.01000022888184    -0.3192000091075897
 11425      1.008000016212463    0.07909999787807465
 11426      1.008000016212463    0.07909999787807465
 11427      1.008000016212463    0.07909999787807465
 11428      12.01000022888184    -0.3192000091075897
 11429      1.008000016212463    0.07909999787807465
 11430      1.008000016212463    0.07909999787807465
 11431      1.008000016212463    0.07909999787807465
 11432      12.01000022888184     0.5972999930381775
 11433                     16    -0.5679000020027161
 11434      14.01000022888184    -0.4156999886035919
 11435      1.008000016212463     0.2718999981880188
 11436      12.01000022888184   -0.02520000003278255
 11437      1.008000016212463     0.0697999969124794
 11438      1.008000016212463     0.0697999969124794
 11439      12.01000022888184     0.5972999930381775
 11440                     16    -0.5679000020027161
 11441      14.01000022888184    -0.2547999918460846
 11442      12.01000022888184    0.01920000091195107
 11443      1.008000016212463    0.03909999877214432
 11444      1.008000016212463    0.03909999877214432
 11445      12.01000022888184    0.01889999955892563
 11446      1.008000016212463    0.02129999920725822
 11447      1.008000016212463    0.02129999920725822
 11448      12.01000022888184  -0.007000000216066837
 11449      1.008000016212463    0.02529999986290932
 11450      1.008000016212463    0.02529999986290932
 11451      12.01000022888184   -0.02659999951720238
 11452      1.008000016212463     0.0640999972820282
 11453      12.01000022888184     0.5896000266075134
 11454                     16    -0.5748000144958496
 11455      14.01000022888184    -0.4156999886035919
 11456      1.008000016212463     0.2718999981880188
 11457      12.01000022888184   -0.05970000103116035
 11458      1.008000016212463     0.0869000032544136
 11459      12.01000022888184     0.1303000003099442
 11460      1.008000016212463     0.0186999998986721
 11461      12.01000022888184    -0.3203999996185303
 11462      1.008000016212463    0.08820000290870667
 11463      1.008000016212463    0.08820000290870667
 11464      1.008000016212463    0.08820000290870667
 11465      12.01000022888184    -0.0430000014603138
 11466      1.008000016212463    0.02360000088810921
 11467      1.008000016212463    0.02360000088810921
 11468      12.01000022888184   -0.06599999964237213
 11469      1.008000016212463    0.01860000006854534
 11470      1.008000016212463    0.01860000006854534
 11471      1.008000016212463    0.01860000006854534
 11472      12.01000022888184     0.5972999930381775
 11473                     16    -0.5679000020027161
 11474      14.01000022888184    -0.4156999886035919
 11475      1.008000016212463     0.2718999981880188
 11476      12.01000022888184    0.02129999920725822
 11477      1.008000016212463     0.1124000027775764
 11478      12.01000022888184    -0.1230999976396561
 11479      1.008000016212463     0.1111999973654747
 11480      1.008000016212463     0.1111999973654747
 11481      32.06000137329102    -0.3118999898433685
 11482      1.008000016212463     0.1932999938726425
 11483      12.01000022888184     0.5972999930381775
 11484                     16    -0.5679000020027161
 11485      14.01000022888184    -0.4156999886035919
 11486      1.008000016212463     0.2718999981880188
 11487      12.01000022888184    0.01429999992251396
 11488      1.008000016212463     0.1048000007867813
 11489      12.01000022888184    -0.2040999978780746
 11490      1.008000016212463    0.07970000058412552
 11491      1.008000016212463    0.07970000058412552
 11492      12.01000022888184     0.7129999995231628
 11493                     16    -0.5931000113487244
 11494      14.01000022888184    -0.9190999865531921
 11495      1.008000016212463     0.4196000099182129
 11496      1.008000016212463     0.4196000099182129
 11497      12.01000022888184     0.5972999930381775
 11498                     16    -0.5679000020027161
 11499      14.01000022888184     -0.347900003194809
 11500      1.008000016212463     0.2746999859809875
 11501      12.01000022888184     -0.239999994635582
 11502      1.008000016212463     0.1425999999046326
 11503      12.01000022888184  -0.009399999864399433
 11504      1.008000016212463    0.03620000183582306
 11505      1.008000016212463    0.03620000183582306
 11506      12.01000022888184     0.0186999998986721
 11507      1.008000016212463    0.01030000019818544
 11508      1.008000016212463    0.01030000019818544
 11509      12.01000022888184    -0.0478999987244606
 11510      1.008000016212463    0.06210000067949295
 11511      1.008000016212463    0.06210000067949295
 11512      12.01000022888184   -0.01429999992251396
 11513      1.008000016212463     0.1134999990463257
 11514      1.008000016212463     0.1134999990463257
 11515      14.01000022888184    -0.3853999972343445
 11516      1.008000016212463     0.3400000035762787
 11517      1.008000016212463     0.3400000035762787
 11518      1.008000016212463     0.3400000035762787
 11519      12.01000022888184     0.7340999841690063
 11520                     16    -0.5893999934196472
 11521      14.01000022888184    -0.5163000226020813
 11522      1.008000016212463     0.2935999929904938
 11523      12.01000022888184    0.03970000147819519
 11524      1.008000016212463     0.1105000004172325
 11525      12.01000022888184     0.0560000017285347
 11526      1.008000016212463   -0.01730000041425228
 11527      1.008000016212463   -0.01730000041425228
 11528      12.01000022888184    0.01360000018030405
 11529      1.008000016212463   -0.04250000044703484
 11530      1.008000016212463   -0.04250000044703484
 11531      12.01000022888184      0.805400013923645
 11532                     16    -0.8187999725341797
 11533                     16    -0.8187999725341797
 11534      12.01000022888184     0.5365999937057495
 11535                     16    -0.5819000005722046
 11536      14.01000022888184    -0.5163000226020813
 11537      1.008000016212463     0.2935999929904938
 11538      12.01000022888184    0.03810000047087669
 11539      1.008000016212463    0.08799999952316284
 11540      12.01000022888184   -0.03030000068247318
 11541      1.008000016212463   -0.01219999976456165
 11542      1.008000016212463   -0.01219999976456165
 11543      12.01000022888184     0.7993999719619751
 11544                     16    -0.8014000058174133
 11545                     16    -0.8014000058174133
 11546      12.01000022888184     0.5365999937057495
 11547                     16    -0.5819000005722046
 11548      14.01000022888184    -0.4156999886035919
 11549      1.008000016212463     0.2718999981880188
 11550      12.01000022888184   -0.05970000103116035
 11551      1.008000016212463     0.0869000032544136
 11552      12.01000022888184     0.1303000003099442
 11553      1.008000016212463     0.0186999998986721
 11554      12.01000022888184    -0.3203999996185303
 11555      1.008000016212463    0.08820000290870667
 11556      1.008000016212463    0.08820000290870667
 11557      1.008000016212463    0.08820000290870667
 11558      12.01000022888184    -0.0430000014603138
 11559      1.008000016212463    0.02360000088810921
 11560      1.008000016212463    0.02360000088810921
 11561      12.01000022888184   -0.06599999964237213
 11562      1.008000016212463    0.01860000006854534
 11563      1.008000016212463    0.01860000006854534
 11564      1.008000016212463    0.01860000006854534
 11565      12.01000022888184     0.5972999930381775
 11566                     16    -0.5679000020027161
 11567      14.01000022888184    -0.4156999886035919
 11568      1.008000016212463     0.2718999981880188
 11569      12.01000022888184   -0.02749999985098839
 11570      1.008000016212463     0.1123000010848045
 11571      12.01000022888184  -0.004999999888241291
 11572      1.008000016212463    0.03390000015497208
 11573      1.008000016212463    0.03390000015497208
 11574      12.01000022888184    -0.1414999961853027
 11575      12.01000022888184    -0.1638000011444092
 11576      1.008000016212463     0.2062000036239624
 11577      14.01000022888184    -0.3418000042438507
 11578      1.008000016212463     0.3411999940872192
 11579      12.01000022888184     0.1379999965429306
 11580      12.01000022888184    -0.2601000070571899
 11581      1.008000016212463     0.1571999937295914
 11582      12.01000022888184    -0.1133999973535538
 11583      1.008000016212463     0.1416999995708466
 11584      12.01000022888184    -0.1972000002861023
 11585      1.008000016212463     0.1447000056505203
 11586      12.01000022888184    -0.2387000024318695
 11587      1.008000016212463     0.1700000017881393
 11588      12.01000022888184     0.1243000030517578
 11589      12.01000022888184     0.5972999930381775
 11590                     16    -0.5679000020027161
 11591      14.01000022888184    -0.4156999886035919
 11592      1.008000016212463     0.2718999981880188
 11593      12.01000022888184   -0.05180000141263008
 11594      1.008000016212463    0.09220000356435776
 11595      12.01000022888184    -0.1102000027894974
 11596      1.008000016212463    0.04569999873638153
 11597      1.008000016212463    0.04569999873638153
 11598      12.01000022888184     0.3531000018119812
 11599      1.008000016212463   -0.03610000014305115
 11600      12.01000022888184    -0.4120999872684479
 11601      1.008000016212463     0.1000000014901161
 11602      1.008000016212463     0.1000000014901161
 11603      1.008000016212463     0.1000000014901161
 11604      12.01000022888184    -0.4120999872684479
 11605      1.008000016212463     0.1000000014901161
 11606      1.008000016212463     0.1000000014901161
 11607      1.008000016212463     0.1000000014901161
 11608      12.01000022888184     0.5972999930381775
 11609                     16    -0.5679000020027161
 11610      14.01000022888184    -0.4156999886035919
 11611      1.008000016212463     0.2718999981880188
 11612      12.01000022888184    0.01879999972879887
 11613      1.008000016212463    0.08810000121593475
 11614      12.01000022888184   -0.04619999974966049
 11615      1.008000016212463    0.04019999876618385
 11616      1.008000016212463    0.04019999876618385
 11617      12.01000022888184   -0.02659999951720238
 11618      14.01000022888184    -0.3810999989509583
 11619      1.008000016212463     0.3648999929428101
 11620      12.01000022888184     0.2056999951601028
 11621      1.008000016212463     0.1392000019550323
 11622      14.01000022888184     -0.572700023651123
 11623      12.01000022888184     0.1291999965906143
 11624      1.008000016212463     0.1146999970078468
 11625      12.01000022888184     0.5972999930381775
 11626                     16    -0.5679000020027161
 11627      14.01000022888184    -0.4156999886035919
 11628      1.008000016212463     0.2718999981880188
 11629      12.01000022888184   -0.08749999850988388
 11630      1.008000016212463    0.09690000116825104
 11631      12.01000022888184     0.2985000014305115
 11632      1.008000016212463   -0.02969999983906746
 11633      12.01000022888184    -0.3192000091075897
 11634      1.008000016212463    0.07909999787807465
 11635      1.008000016212463    0.07909999787807465
 11636      1.008000016212463    0.07909999787807465
 11637      12.01000022888184    -0.3192000091075897
 11638      1.008000016212463    0.07909999787807465
 11639      1.008000016212463    0.07909999787807465
 11640      1.008000016212463    0.07909999787807465
 11641      12.01000022888184     0.5972999930381775
 11642                     16    -0.5679000020027161
 11643      14.01000022888184    -0.5163000226020813
 11644      1.008000016212463     0.2935999929904938
 11645      12.01000022888184    0.03810000047087669
 11646      1.008000016212463    0.08799999952316284
 11647      12.01000022888184   -0.03030000068247318
 11648      1.008000016212463   -0.01219999976456165
 11649      1.008000016212463   -0.01219999976456165
 11650      12.01000022888184     0.7993999719619751
 11651                     16    -0.8014000058174133
 11652                     16    -0.8014000058174133
 11653      12.01000022888184     0.5365999937057495
 11654                     16    -0.5819000005722046
 11655      14.01000022888184    -0.4156999886035919
 11656      1.008000016212463     0.2718999981880188
 11657      12.01000022888184    0.03370000049471855
 11658      1.008000016212463    0.08229999989271164
 11659      12.01000022888184    -0.1825000047683716
 11660      1.008000016212463    0.06030000001192093
 11661      1.008000016212463    0.06030000001192093
 11662      1.008000016212463    0.06030000001192093
 11663      12.01000022888184     0.5972999930381775
 11664                     16    -0.5679000020027161
 11665      14.01000022888184    -0.4156999886035919
 11666      1.008000016212463     0.2718999981880188
 11667      12.01000022888184    0.03370000049471855
 11668      1.008000016212463    0.08229999989271164
 11669      12.01000022888184    -0.1825000047683716
 11670      1.008000016212463    0.06030000001192093
 11671      1.008000016212463    0.06030000001192093
 11672      1.008000016212463    0.06030000001192093
 11673      12.01000022888184     0.5972999930381775
 11674                     16    -0.5679000020027161
 11675      14.01000022888184    -0.4156999886035919
 11676      1.008000016212463     0.2718999981880188
 11677      12.01000022888184   -0.00139999995008111
 11678      1.008000016212463    0.08760000020265579
 11679      12.01000022888184   -0.01520000025629997
 11680      1.008000016212463    0.02950000017881393
 11681      1.008000016212463    0.02950000017881393
 11682      12.01000022888184  -0.001099999994039536
 11683      12.01000022888184    -0.1905999928712845
 11684      1.008000016212463     0.1699000000953674
 11685      12.01000022888184    -0.2340999990701675
 11686      1.008000016212463     0.1656000018119812
 11687      12.01000022888184     0.3226000070571899
 11688                     16    -0.5579000115394592
 11689      1.008000016212463     0.3991999924182892
 11690      12.01000022888184    -0.2340999990701675
 11691      1.008000016212463     0.1656000018119812
 11692      12.01000022888184    -0.1905999928712845
 11693      1.008000016212463     0.1699000000953674
 11694      12.01000022888184     0.5972999930381775
 11695                     16    -0.5679000020027161
 11696      14.01000022888184    -0.4156999886035919
 11697      1.008000016212463     0.2718999981880188
 11698      12.01000022888184    0.03370000049471855
 11699      1.008000016212463    0.08229999989271164
 11700      12.01000022888184    -0.1825000047683716
 11701      1.008000016212463    0.06030000001192093
 11702      1.008000016212463    0.06030000001192093
 11703      1.008000016212463    0.06030000001192093
 11704      12.01000022888184     0.5972999930381775
 11705                     16    -0.5679000020027161
 11706      14.01000022888184    -0.4156999886035919
 11707      1.008000016212463     0.2718999981880188
 11708      12.01000022888184   -0.02520000003278255
 11709      1.008000016212463     0.0697999969124794
 11710      1.008000016212463     0.0697999969124794
 11711      12.01000022888184     0.5972999930381775
 11712                     16    -0.5679000020027161
 11713      14.01000022888184    -0.4156999886035919
 11714      1.008000016212463     0.2718999981880188
 11715      12.01000022888184   -0.02490000054240227
 11716      1.008000016212463    0.08429999649524689
 11717      12.01000022888184     0.2117000073194504
 11718      1.008000016212463    0.03519999980926514
 11719      1.008000016212463    0.03519999980926514
 11720                     16    -0.6546000242233276
 11721      1.008000016212463     0.4275000095367432
 11722      12.01000022888184     0.5972999930381775
 11723                     16    -0.5679000020027161
 11724      14.01000022888184    -0.4156999886035919
 11725      1.008000016212463     0.2718999981880188
 11726      12.01000022888184    0.03370000049471855
 11727      1.008000016212463    0.08229999989271164
 11728      12.01000022888184    -0.1825000047683716
 11729      1.008000016212463    0.06030000001192093
 11730      1.008000016212463    0.06030000001192093
 11731      1.008000016212463    0.06030000001192093
 11732      12.01000022888184     0.5972999930381775
 11733                     16    -0.5679000020027161
 11734      14.01000022888184    -0.4156999886035919
 11735      1.008000016212463     0.2718999981880188
 11736      12.01000022888184  -0.002400000113993883
 11737      1.008000016212463    0.09780000150203705
 11738      12.01000022888184   -0.03429999947547913
 11739      1.008000016212463    0.02950000017881393
 11740      1.008000016212463    0.02950000017881393
 11741      12.01000022888184     0.0118000004440546
 11742      12.01000022888184    -0.1255999952554703
 11743      1.008000016212463     0.1330000013113022
 11744      12.01000022888184    -0.1703999936580658
 11745      1.008000016212463     0.1430000066757202
 11746      12.01000022888184    -0.1071999967098236
 11747      1.008000016212463     0.1297000050544739
 11748      12.01000022888184    -0.1703999936580658
 11749      1.008000016212463     0.1430000066757202
 11750      12.01000022888184    -0.1255999952554703
 11751      1.008000016212463     0.1330000013113022
 11752      12.01000022888184     0.5972999930381775
 11753                     16    -0.5679000020027161
 11754      14.01000022888184    -0.4156999886035919
 11755      1.008000016212463     0.2718999981880188
 11756      12.01000022888184   -0.05970000103116035
 11757      1.008000016212463     0.0869000032544136
 11758      12.01000022888184     0.1303000003099442
 11759      1.008000016212463     0.0186999998986721
 11760      12.01000022888184    -0.3203999996185303
 11761      1.008000016212463    0.08820000290870667
 11762      1.008000016212463    0.08820000290870667
 11763      1.008000016212463    0.08820000290870667
 11764      12.01000022888184    -0.0430000014603138
 11765      1.008000016212463    0.02360000088810921
 11766      1.008000016212463    0.02360000088810921
 11767      12.01000022888184   -0.06599999964237213
 11768      1.008000016212463    0.01860000006854534
 11769      1.008000016212463    0.01860000006854534
 11770      1.008000016212463    0.01860000006854534
 11771      12.01000022888184     0.5972999930381775
 11772                     16    -0.5679000020027161
 11773      14.01000022888184    -0.4156999886035919
 11774      1.008000016212463     0.2718999981880188
 11775      12.01000022888184    0.02129999920725822
 11776      1.008000016212463     0.1124000027775764
 11777      12.01000022888184    -0.1230999976396561
 11778      1.008000016212463     0.1111999973654747
 11779      1.008000016212463     0.1111999973654747
 11780      32.06000137329102    -0.3118999898433685
 11781      1.008000016212463     0.1932999938726425
 11782      12.01000022888184     0.5972999930381775
 11783                     16    -0.5679000020027161
 11784      14.01000022888184    -0.2547999918460846
 11785      12.01000022888184    0.01920000091195107
 11786      1.008000016212463    0.03909999877214432
 11787      1.008000016212463    0.03909999877214432
 11788      12.01000022888184    0.01889999955892563
 11789      1.008000016212463    0.02129999920725822
 11790      1.008000016212463    0.02129999920725822
 11791      12.01000022888184  -0.007000000216066837
 11792      1.008000016212463    0.02529999986290932
 11793      1.008000016212463    0.02529999986290932
 11794      12.01000022888184   -0.02659999951720238
 11795      1.008000016212463     0.0640999972820282
 11796      12.01000022888184     0.5896000266075134
 11797                     16    -0.5748000144958496
 11798      14.01000022888184    -0.5163000226020813
 11799      1.008000016212463     0.2935999929904938
 11800      12.01000022888184    0.03970000147819519
 11801      1.008000016212463     0.1105000004172325
 11802      12.01000022888184     0.0560000017285347
 11803      1.008000016212463   -0.01730000041425228
 11804      1.008000016212463   -0.01730000041425228
 11805      12.01000022888184    0.01360000018030405
 11806      1.008000016212463   -0.04250000044703484
 11807      1.008000016212463   -0.04250000044703484
 11808      12.01000022888184      0.805400013923645
 11809                     16    -0.8187999725341797
 11810                     16    -0.8187999725341797
 11811      12.01000022888184     0.5365999937057495
 11812                     16    -0.5819000005722046
 11813      14.01000022888184    -0.4156999886035919
 11814      1.008000016212463     0.2718999981880188
 11815      12.01000022888184  -0.002400000113993883
 11816      1.008000016212463    0.09780000150203705
 11817      12.01000022888184   -0.03429999947547913
 11818      1.008000016212463    0.02950000017881393
 11819      1.008000016212463    0.02950000017881393
 11820      12.01000022888184     0.0118000004440546
 11821      12.01000022888184    -0.1255999952554703
 11822      1.008000016212463     0.1330000013113022
 11823      12.01000022888184    -0.1703999936580658
 11824      1.008000016212463     0.1430000066757202
 11825      12.01000022888184    -0.1071999967098236
 11826      1.008000016212463     0.1297000050544739
 11827      12.01000022888184    -0.1703999936580658
 11828      1.008000016212463     0.1430000066757202
 11829      12.01000022888184    -0.1255999952554703
 11830      1.008000016212463     0.1330000013113022
 11831      12.01000022888184     0.5972999930381775
 11832                     16    -0.5679000020027161
 11833      14.01000022888184     -0.347900003194809
 11834      1.008000016212463     0.2746999859809875
 11835      12.01000022888184     -0.263700008392334
 11836      1.008000016212463     0.1560000032186508
 11837      12.01000022888184  -0.000699999975040555
 11838      1.008000016212463    0.03269999846816063
 11839      1.008000016212463    0.03269999846816063
 11840      12.01000022888184     0.0390000008046627
 11841      1.008000016212463    0.02850000001490116
 11842      1.008000016212463    0.02850000001490116
 11843      12.01000022888184    0.04859999939799309
 11844      1.008000016212463    0.06870000064373016
 11845      1.008000016212463    0.06870000064373016
 11846      14.01000022888184    -0.5295000076293945
 11847      1.008000016212463     0.3456000089645386
 11848      12.01000022888184     0.8076000213623047
 11849      14.01000022888184    -0.8626999855041504
 11850      1.008000016212463     0.4478000104427338
 11851      1.008000016212463     0.4478000104427338
 11852      14.01000022888184    -0.8626999855041504
 11853      1.008000016212463     0.4478000104427338
 11854      1.008000016212463     0.4478000104427338
 11855      12.01000022888184     0.7340999841690063
 11856                     16    -0.5893999934196472
 11857      14.01000022888184    -0.4156999886035919
 11858      1.008000016212463     0.2718999981880188
 11859      12.01000022888184   -0.05810000002384186
 11860      1.008000016212463      0.136000007390976
 11861      12.01000022888184  -0.007400000002235174
 11862      1.008000016212463    0.03669999912381172
 11863      1.008000016212463    0.03669999912381172
 11864      12.01000022888184     0.1868000030517578
 11865      14.01000022888184    -0.5432000160217285
 11866      12.01000022888184     0.1634999960660934
 11867      1.008000016212463     0.1435000002384186
 11868      14.01000022888184    -0.2795000076293945
 11869      1.008000016212463     0.3339000046253204
 11870      12.01000022888184    -0.2206999957561493
 11871      1.008000016212463     0.1861999928951263
 11872      12.01000022888184     0.5972999930381775
 11873                     16    -0.5679000020027161
 11874      14.01000022888184    -0.4156999886035919
 11875      1.008000016212463     0.2718999981880188
 11876      12.01000022888184   -0.05180000141263008
 11877      1.008000016212463    0.09220000356435776
 11878      12.01000022888184    -0.1102000027894974
 11879      1.008000016212463    0.04569999873638153
 11880      1.008000016212463    0.04569999873638153
 11881      12.01000022888184     0.3531000018119812
 11882      1.008000016212463   -0.03610000014305115
 11883      12.01000022888184    -0.4120999872684479
 11884      1.008000016212463     0.1000000014901161
 11885      1.008000016212463     0.1000000014901161
 11886      1.008000016212463     0.1000000014901161
 11887      12.01000022888184    -0.4120999872684479
 11888      1.008000016212463     0.1000000014901161
 11889      1.008000016212463     0.1000000014901161
 11890      1.008000016212463     0.1000000014901161
 11891      12.01000022888184     0.5972999930381775
 11892                     16    -0.5679000020027161
 11893      14.01000022888184    -0.4156999886035919
 11894      1.008000016212463     0.2718999981880188
 11895      12.01000022888184   -0.05180000141263008
 11896      1.008000016212463    0.09220000356435776
 11897      12.01000022888184    -0.1102000027894974
 11898      1.008000016212463    0.04569999873638153
 11899      1.008000016212463    0.04569999873638153
 11900      12.01000022888184     0.3531000018119812
 11901      1.008000016212463   -0.03610000014305115
 11902      12.01000022888184    -0.4120999872684479
 11903      1.008000016212463     0.1000000014901161
 11904      1.008000016212463     0.1000000014901161
 11905      1.008000016212463     0.1000000014901161
 11906      12.01000022888184    -0.4120999872684479
 11907      1.008000016212463     0.1000000014901161
 11908      1.008000016212463     0.1000000014901161
 11909      1.008000016212463     0.1000000014901161
 11910      12.01000022888184     0.5972999930381775
 11911                     16    -0.5679000020027161
 11912      14.01000022888184    -0.4156999886035919
 11913      1.008000016212463     0.2718999981880188
 11914      12.01000022888184    0.01429999992251396
 11915      1.008000016212463     0.1048000007867813
 11916      12.01000022888184    -0.2040999978780746
 11917      1.008000016212463    0.07970000058412552
 11918      1.008000016212463    0.07970000058412552
 11919      12.01000022888184     0.7129999995231628
 11920                     16    -0.5931000113487244
 11921      14.01000022888184    -0.9190999865531921
 11922      1.008000016212463     0.4196000099182129
 11923      1.008000016212463     0.4196000099182129
 11924      12.01000022888184     0.5972999930381775
 11925                     16    -0.5679000020027161
 11926      14.01000022888184    -0.4156999886035919
 11927      1.008000016212463     0.2718999981880188
 11928      12.01000022888184   -0.02520000003278255
 11929      1.008000016212463     0.0697999969124794
 11930      1.008000016212463     0.0697999969124794
 11931      12.01000022888184     0.5972999930381775
 11932                     16    -0.5679000020027161
 11933      14.01000022888184    -0.4156999886035919
 11934      1.008000016212463     0.2718999981880188
 11935      12.01000022888184   -0.08749999850988388
 11936      1.008000016212463    0.09690000116825104
 11937      12.01000022888184     0.2985000014305115
 11938      1.008000016212463   -0.02969999983906746
 11939      12.01000022888184    -0.3192000091075897
 11940      1.008000016212463    0.07909999787807465
 11941      1.008000016212463    0.07909999787807465
 11942      1.008000016212463    0.07909999787807465
 11943      12.01000022888184    -0.3192000091075897
 11944      1.008000016212463    0.07909999787807465
 11945      1.008000016212463    0.07909999787807465
 11946      1.008000016212463    0.07909999787807465
 11947      12.01000022888184     0.5972999930381775
 11948                     16    -0.5679000020027161
 11949      14.01000022888184    -0.5163000226020813
 11950      1.008000016212463     0.2935999929904938
 11951      12.01000022888184    0.03970000147819519
 11952      1.008000016212463     0.1105000004172325
 11953      12.01000022888184     0.0560000017285347
 11954      1.008000016212463   -0.01730000041425228
 11955      1.008000016212463   -0.01730000041425228
 11956      12.01000022888184    0.01360000018030405
 11957      1.008000016212463   -0.04250000044703484
 11958      1.008000016212463   -0.04250000044703484
 11959      12.01000022888184      0.805400013923645
 11960                     16    -0.8187999725341797
 11961                     16    -0.8187999725341797
 11962      12.01000022888184     0.5365999937057495
 11963                     16    -0.5819000005722046
 11964      14.01000022888184    -0.4156999886035919
 11965      1.008000016212463     0.2718999981880188
 11966      12.01000022888184  -0.002400000113993883
 11967      1.008000016212463    0.09780000150203705
 11968      12.01000022888184   -0.03429999947547913
 11969      1.008000016212463    0.02950000017881393
 11970      1.008000016212463    0.02950000017881393
 11971      12.01000022888184     0.0118000004440546
 11972      12.01000022888184    -0.1255999952554703
 11973      1.008000016212463     0.1330000013113022
 11974      12.01000022888184    -0.1703999936580658
 11975      1.008000016212463     0.1430000066757202
 11976      12.01000022888184    -0.1071999967098236
 11977      1.008000016212463     0.1297000050544739
 11978      12.01000022888184    -0.1703999936580658
 11979      1.008000016212463     0.1430000066757202
 11980      12.01000022888184    -0.1255999952554703
 11981      1.008000016212463     0.1330000013113022
 11982      12.01000022888184     0.5972999930381775
 11983                     16    -0.5679000020027161
 11984      14.01000022888184    -0.4156999886035919
 11985      1.008000016212463     0.2718999981880188
 11986      12.01000022888184    0.03370000049471855
 11987      1.008000016212463    0.08229999989271164
 11988      12.01000022888184    -0.1825000047683716
 11989      1.008000016212463    0.06030000001192093
 11990      1.008000016212463    0.06030000001192093
 11991      1.008000016212463    0.06030000001192093
 11992      12.01000022888184     0.5972999930381775
 11993                     16    -0.5679000020027161
 11994      14.01000022888184    -0.5163000226020813
 11995      1.008000016212463     0.2935999929904938
 11996      12.01000022888184    0.03810000047087669
 11997      1.008000016212463    0.08799999952316284
 11998      12.01000022888184   -0.03030000068247318
 11999      1.008000016212463   -0.01219999976456165
 12000      1.008000016212463   -0.01219999976456165
 12001      12.01000022888184     0.7993999719619751
 12002                     16    -0.8014000058174133
 12003                     16    -0.8014000058174133
 12004      12.01000022888184     0.5365999937057495
 12005                     16    -0.5819000005722046
 12006      14.01000022888184    -0.4156999886035919
 12007      1.008000016212463     0.2718999981880188
 12008      12.01000022888184   -0.02490000054240227
 12009      1.008000016212463    0.08429999649524689
 12010      12.01000022888184     0.2117000073194504
 12011      1.008000016212463    0.03519999980926514
 12012      1.008000016212463    0.03519999980926514
 12013                     16    -0.6546000242233276
 12014      1.008000016212463     0.4275000095367432
 12015      12.01000022888184     0.5972999930381775
 12016                     16    -0.5679000020027161
 12017      14.01000022888184    -0.4156999886035919
 12018      1.008000016212463     0.2718999981880188
 12019      12.01000022888184  -0.002400000113993883
 12020      1.008000016212463    0.09780000150203705
 12021      12.01000022888184   -0.03429999947547913
 12022      1.008000016212463    0.02950000017881393
 12023      1.008000016212463    0.02950000017881393
 12024      12.01000022888184     0.0118000004440546
 12025      12.01000022888184    -0.1255999952554703
 12026      1.008000016212463     0.1330000013113022
 12027      12.01000022888184    -0.1703999936580658
 12028      1.008000016212463     0.1430000066757202
 12029      12.01000022888184    -0.1071999967098236
 12030      1.008000016212463     0.1297000050544739
 12031      12.01000022888184    -0.1703999936580658
 12032      1.008000016212463     0.1430000066757202
 12033      12.01000022888184    -0.1255999952554703
 12034      1.008000016212463     0.1330000013113022
 12035      12.01000022888184     0.5972999930381775
 12036                     16    -0.5679000020027161
 12037      14.01000022888184    -0.4156999886035919
 12038      1.008000016212463     0.2718999981880188
 12039      12.01000022888184    0.01429999992251396
 12040      1.008000016212463     0.1048000007867813
 12041      12.01000022888184    -0.2040999978780746
 12042      1.008000016212463    0.07970000058412552
 12043      1.008000016212463    0.07970000058412552
 12044      12.01000022888184     0.7129999995231628
 12045                     16    -0.5931000113487244
 12046      14.01000022888184    -0.9190999865531921
 12047      1.008000016212463     0.4196000099182129
 12048      1.008000016212463     0.4196000099182129
 12049      12.01000022888184     0.5972999930381775
 12050                     16    -0.5679000020027161
 12051      14.01000022888184    -0.4156999886035919
 12052      1.008000016212463     0.2718999981880188
 12053      12.01000022888184  -0.002400000113993883
 12054      1.008000016212463    0.09780000150203705
 12055      12.01000022888184   -0.03429999947547913
 12056      1.008000016212463    0.02950000017881393
 12057      1.008000016212463    0.02950000017881393
 12058      12.01000022888184     0.0118000004440546
 12059      12.01000022888184    -0.1255999952554703
 12060      1.008000016212463     0.1330000013113022
 12061      12.01000022888184    -0.1703999936580658
 12062      1.008000016212463     0.1430000066757202
 12063      12.01000022888184    -0.1071999967098236
 12064      1.008000016212463     0.1297000050544739
 12065      12.01000022888184    -0.1703999936580658
 12066      1.008000016212463     0.1430000066757202
 12067      12.01000022888184    -0.1255999952554703
 12068      1.008000016212463     0.1330000013113022
 12069      12.01000022888184     0.5972999930381775
 12070                     16    -0.5679000020027161
 12071      14.01000022888184    -0.4156999886035919
 12072      1.008000016212463     0.2718999981880188
 12073      12.01000022888184    0.01429999992251396
 12074      1.008000016212463     0.1048000007867813
 12075      12.01000022888184    -0.2040999978780746
 12076      1.008000016212463    0.07970000058412552
 12077      1.008000016212463    0.07970000058412552
 12078      12.01000022888184     0.7129999995231628
 12079                     16    -0.5931000113487244
 12080      14.01000022888184    -0.9190999865531921
 12081      1.008000016212463     0.4196000099182129
 12082      1.008000016212463     0.4196000099182129
 12083      12.01000022888184     0.5972999930381775
 12084                     16    -0.5679000020027161
 12085      14.01000022888184    -0.2547999918460846
 12086      12.01000022888184    0.01920000091195107
 12087      1.008000016212463    0.03909999877214432
 12088      1.008000016212463    0.03909999877214432
 12089      12.01000022888184    0.01889999955892563
 12090      1.008000016212463    0.02129999920725822
 12091      1.008000016212463    0.02129999920725822
 12092      12.01000022888184  -0.007000000216066837
 12093      1.008000016212463    0.02529999986290932
 12094      1.008000016212463    0.02529999986290932
 12095      12.01000022888184   -0.02659999951720238
 12096      1.008000016212463     0.0640999972820282
 12097      12.01000022888184     0.5896000266075134
 12098                     16    -0.5748000144958496
 12099      14.01000022888184    -0.4156999886035919
 12100      1.008000016212463     0.2718999981880188
 12101      12.01000022888184   -0.05810000002384186
 12102      1.008000016212463      0.136000007390976
 12103      12.01000022888184  -0.007400000002235174
 12104      1.008000016212463    0.03669999912381172
 12105      1.008000016212463    0.03669999912381172
 12106      12.01000022888184     0.1868000030517578
 12107      14.01000022888184    -0.5432000160217285
 12108      12.01000022888184     0.1634999960660934
 12109      1.008000016212463     0.1435000002384186
 12110      14.01000022888184    -0.2795000076293945
 12111      1.008000016212463     0.3339000046253204
 12112      12.01000022888184    -0.2206999957561493
 12113      1.008000016212463     0.1861999928951263
 12114      12.01000022888184     0.5972999930381775
 12115                     16    -0.5679000020027161
 12116      14.01000022888184     -0.347900003194809
 12117      1.008000016212463     0.2746999859809875
 12118      12.01000022888184     -0.239999994635582
 12119      1.008000016212463     0.1425999999046326
 12120      12.01000022888184  -0.009399999864399433
 12121      1.008000016212463    0.03620000183582306
 12122      1.008000016212463    0.03620000183582306
 12123      12.01000022888184     0.0186999998986721
 12124      1.008000016212463    0.01030000019818544
 12125      1.008000016212463    0.01030000019818544
 12126      12.01000022888184    -0.0478999987244606
 12127      1.008000016212463    0.06210000067949295
 12128      1.008000016212463    0.06210000067949295
 12129      12.01000022888184   -0.01429999992251396
 12130      1.008000016212463     0.1134999990463257
 12131      1.008000016212463     0.1134999990463257
 12132      14.01000022888184    -0.3853999972343445
 12133      1.008000016212463     0.3400000035762787
 12134      1.008000016212463     0.3400000035762787
 12135      1.008000016212463     0.3400000035762787
 12136      12.01000022888184     0.7340999841690063
 12137                     16    -0.5893999934196472
 12138      14.01000022888184    -0.4156999886035919
 12139      1.008000016212463     0.2718999981880188
 12140      12.01000022888184   -0.02749999985098839
 12141      1.008000016212463     0.1123000010848045
 12142      12.01000022888184  -0.004999999888241291
 12143      1.008000016212463    0.03390000015497208
 12144      1.008000016212463    0.03390000015497208
 12145      12.01000022888184    -0.1414999961853027
 12146      12.01000022888184    -0.1638000011444092
 12147      1.008000016212463     0.2062000036239624
 12148      14.01000022888184    -0.3418000042438507
 12149      1.008000016212463     0.3411999940872192
 12150      12.01000022888184     0.1379999965429306
 12151      12.01000022888184    -0.2601000070571899
 12152      1.008000016212463     0.1571999937295914
 12153      12.01000022888184    -0.1133999973535538
 12154      1.008000016212463     0.1416999995708466
 12155      12.01000022888184    -0.1972000002861023
 12156      1.008000016212463     0.1447000056505203
 12157      12.01000022888184    -0.2387000024318695
 12158      1.008000016212463     0.1700000017881393
 12159      12.01000022888184     0.1243000030517578
 12160      12.01000022888184     0.5972999930381775
 12161                     16    -0.5679000020027161
 12162      14.01000022888184    -0.4156999886035919
 12163      1.008000016212463     0.2718999981880188
 12164      12.01000022888184   -0.05180000141263008
 12165      1.008000016212463    0.09220000356435776
 12166      12.01000022888184    -0.1102000027894974
 12167      1.008000016212463    0.04569999873638153
 12168      1.008000016212463    0.04569999873638153
 12169      12.01000022888184     0.3531000018119812
 12170      1.008000016212463   -0.03610000014305115
 12171      12.01000022888184    -0.4120999872684479
 12172      1.008000016212463     0.1000000014901161
 12173      1.008000016212463     0.1000000014901161
 12174      1.008000016212463     0.1000000014901161
 12175      12.01000022888184    -0.4120999872684479
 12176      1.008000016212463     0.1000000014901161
 12177      1.008000016212463     0.1000000014901161
 12178      1.008000016212463     0.1000000014901161
 12179      12.01000022888184     0.5972999930381775
 12180                     16    -0.5679000020027161
 12181      14.01000022888184    -0.4156999886035919
 12182      1.008000016212463     0.2718999981880188
 12183      12.01000022888184   -0.05180000141263008
 12184      1.008000016212463    0.09220000356435776
 12185      12.01000022888184    -0.1102000027894974
 12186      1.008000016212463    0.04569999873638153
 12187      1.008000016212463    0.04569999873638153
 12188      12.01000022888184     0.3531000018119812
 12189      1.008000016212463   -0.03610000014305115
 12190      12.01000022888184    -0.4120999872684479
 12191      1.008000016212463     0.1000000014901161
 12192      1.008000016212463     0.1000000014901161
 12193      1.008000016212463     0.1000000014901161
 12194      12.01000022888184    -0.4120999872684479
 12195      1.008000016212463     0.1000000014901161
 12196      1.008000016212463     0.1000000014901161
 12197      1.008000016212463     0.1000000014901161
 12198      12.01000022888184     0.5972999930381775
 12199                     16    -0.5679000020027161
 12200      14.01000022888184    -0.4156999886035919
 12201      1.008000016212463     0.2718999981880188
 12202      12.01000022888184   -0.08749999850988388
 12203      1.008000016212463    0.09690000116825104
 12204      12.01000022888184     0.2985000014305115
 12205      1.008000016212463   -0.02969999983906746
 12206      12.01000022888184    -0.3192000091075897
 12207      1.008000016212463    0.07909999787807465
 12208      1.008000016212463    0.07909999787807465
 12209      1.008000016212463    0.07909999787807465
 12210      12.01000022888184    -0.3192000091075897
 12211      1.008000016212463    0.07909999787807465
 12212      1.008000016212463    0.07909999787807465
 12213      1.008000016212463    0.07909999787807465
 12214      12.01000022888184     0.5972999930381775
 12215                     16    -0.5679000020027161
 12216      14.01000022888184    -0.4156999886035919
 12217      1.008000016212463     0.2718999981880188
 12218      12.01000022888184    0.01429999992251396
 12219      1.008000016212463     0.1048000007867813
 12220      12.01000022888184    -0.2040999978780746
 12221      1.008000016212463    0.07970000058412552
 12222      1.008000016212463    0.07970000058412552
 12223      12.01000022888184     0.7129999995231628
 12224                     16    -0.5931000113487244
 12225      14.01000022888184    -0.9190999865531921
 12226      1.008000016212463     0.4196000099182129
 12227      1.008000016212463     0.4196000099182129
 12228      12.01000022888184     0.5972999930381775
 12229                     16    -0.5679000020027161
 12230      14.01000022888184    -0.4156999886035919
 12231      1.008000016212463     0.2718999981880188
 12232      12.01000022888184  -0.002400000113993883
 12233      1.008000016212463    0.09780000150203705
 12234      12.01000022888184   -0.03429999947547913
 12235      1.008000016212463    0.02950000017881393
 12236      1.008000016212463    0.02950000017881393
 12237      12.01000022888184     0.0118000004440546
 12238      12.01000022888184    -0.1255999952554703
 12239      1.008000016212463     0.1330000013113022
 12240      12.01000022888184    -0.1703999936580658
 12241      1.008000016212463     0.1430000066757202
 12242      12.01000022888184    -0.1071999967098236
 12243      1.008000016212463     0.1297000050544739
 12244      12.01000022888184    -0.1703999936580658
 12245      1.008000016212463     0.1430000066757202
 12246      12.01000022888184    -0.1255999952554703
 12247      1.008000016212463     0.1330000013113022
 12248      12.01000022888184     0.5972999930381775
 12249                     16    -0.5679000020027161
 12250      14.01000022888184    -0.5163000226020813
 12251      1.008000016212463     0.2935999929904938
 12252      12.01000022888184    0.03810000047087669
 12253      1.008000016212463    0.08799999952316284
 12254      12.01000022888184   -0.03030000068247318
 12255      1.008000016212463   -0.01219999976456165
 12256      1.008000016212463   -0.01219999976456165
 12257      12.01000022888184     0.7993999719619751
 12258                     16    -0.8014000058174133
 12259                     16    -0.8014000058174133
 12260      12.01000022888184     0.5365999937057495
 12261                     16    -0.5819000005722046
 12262      14.01000022888184    -0.4156999886035919
 12263      1.008000016212463     0.2718999981880188
 12264      12.01000022888184    0.02129999920725822
 12265      1.008000016212463     0.1124000027775764
 12266      12.01000022888184    -0.1230999976396561
 12267      1.008000016212463     0.1111999973654747
 12268      1.008000016212463     0.1111999973654747
 12269      32.06000137329102    -0.3118999898433685
 12270      1.008000016212463     0.1932999938726425
 12271      12.01000022888184     0.5972999930381775
 12272                     16    -0.5679000020027161
 12273      14.01000022888184    -0.4156999886035919
 12274      1.008000016212463     0.2718999981880188
 12275      12.01000022888184   -0.02490000054240227
 12276      1.008000016212463    0.08429999649524689
 12277      12.01000022888184     0.2117000073194504
 12278      1.008000016212463    0.03519999980926514
 12279      1.008000016212463    0.03519999980926514
 12280                     16    -0.6546000242233276
 12281      1.008000016212463     0.4275000095367432
 12282      12.01000022888184     0.5972999930381775
 12283                     16    -0.5679000020027161
 12284      14.01000022888184    -0.4156999886035919
 12285      1.008000016212463     0.2718999981880188
 12286      12.01000022888184    0.03370000049471855
 12287      1.008000016212463    0.08229999989271164
 12288      12.01000022888184    -0.1825000047683716
 12289      1.008000016212463    0.06030000001192093
 12290      1.008000016212463    0.06030000001192093
 12291      1.008000016212463    0.06030000001192093
 12292      12.01000022888184     0.5972999930381775
 12293                     16    -0.5679000020027161
 12294      14.01000022888184    -0.4156999886035919
 12295      1.008000016212463     0.2718999981880188
 12296      12.01000022888184   -0.02370000071823597
 12297      1.008000016212463    0.08799999952316284
 12298      12.01000022888184    0.03420000150799751
 12299      1.008000016212463    0.02410000003874302
 12300      1.008000016212463    0.02410000003874302
 12301      12.01000022888184   0.001799999969080091
 12302      1.008000016212463    0.04399999976158142
 12303      1.008000016212463    0.04399999976158142
 12304      32.06000137329102    -0.2736999988555908
 12305      12.01000022888184    -0.0535999983549118
 12306      1.008000016212463    0.06840000301599503
 12307      1.008000016212463    0.06840000301599503
 12308      1.008000016212463    0.06840000301599503
 12309      12.01000022888184     0.5972999930381775
 12310                     16    -0.5679000020027161
 12311      14.01000022888184    -0.4156999886035919
 12312      1.008000016212463     0.2718999981880188
 12313      12.01000022888184   -0.02749999985098839
 12314      1.008000016212463     0.1123000010848045
 12315      12.01000022888184  -0.004999999888241291
 12316      1.008000016212463    0.03390000015497208
 12317      1.008000016212463    0.03390000015497208
 12318      12.01000022888184    -0.1414999961853027
 12319      12.01000022888184    -0.1638000011444092
 12320      1.008000016212463     0.2062000036239624
 12321      14.01000022888184    -0.3418000042438507
 12322      1.008000016212463     0.3411999940872192
 12323      12.01000022888184     0.1379999965429306
 12324      12.01000022888184    -0.2601000070571899
 12325      1.008000016212463     0.1571999937295914
 12326      12.01000022888184    -0.1133999973535538
 12327      1.008000016212463     0.1416999995708466
 12328      12.01000022888184    -0.1972000002861023
 12329      1.008000016212463     0.1447000056505203
 12330      12.01000022888184    -0.2387000024318695
 12331      1.008000016212463     0.1700000017881393
 12332      12.01000022888184     0.1243000030517578
 12333      12.01000022888184     0.5972999930381775
 12334                     16    -0.5679000020027161
 12335      14.01000022888184    -0.4156999886035919
 12336      1.008000016212463     0.2718999981880188
 12337      12.01000022888184   -0.08749999850988388
 12338      1.008000016212463    0.09690000116825104
 12339      12.01000022888184     0.2985000014305115
 12340      1.008000016212463   -0.02969999983906746
 12341      12.01000022888184    -0.3192000091075897
 12342      1.008000016212463    0.07909999787807465
 12343      1.008000016212463    0.07909999787807465
 12344      1.008000016212463    0.07909999787807465
 12345      12.01000022888184    -0.3192000091075897
 12346      1.008000016212463    0.07909999787807465
 12347      1.008000016212463    0.07909999787807465
 12348      1.008000016212463    0.07909999787807465
 12349      12.01000022888184     0.5972999930381775
 12350                     16    -0.5679000020027161
 12351      14.01000022888184     -0.347900003194809
 12352      1.008000016212463     0.2746999859809875
 12353      12.01000022888184     -0.239999994635582
 12354      1.008000016212463     0.1425999999046326
 12355      12.01000022888184  -0.009399999864399433
 12356      1.008000016212463    0.03620000183582306
 12357      1.008000016212463    0.03620000183582306
 12358      12.01000022888184     0.0186999998986721
 12359      1.008000016212463    0.01030000019818544
 12360      1.008000016212463    0.01030000019818544
 12361      12.01000022888184    -0.0478999987244606
 12362      1.008000016212463    0.06210000067949295
 12363      1.008000016212463    0.06210000067949295
 12364      12.01000022888184   -0.01429999992251396
 12365      1.008000016212463     0.1134999990463257
 12366      1.008000016212463     0.1134999990463257
 12367      14.01000022888184    -0.3853999972343445
 12368      1.008000016212463     0.3400000035762787
 12369      1.008000016212463     0.3400000035762787
 12370      1.008000016212463     0.3400000035762787
 12371      12.01000022888184     0.7340999841690063
 12372                     16    -0.5893999934196472
 12373      14.01000022888184     -0.347900003194809
 12374      1.008000016212463     0.2746999859809875
 12375      12.01000022888184     -0.239999994635582
 12376      1.008000016212463     0.1425999999046326
 12377      12.01000022888184  -0.009399999864399433
 12378      1.008000016212463    0.03620000183582306
 12379      1.008000016212463    0.03620000183582306
 12380      12.01000022888184     0.0186999998986721
 12381      1.008000016212463    0.01030000019818544
 12382      1.008000016212463    0.01030000019818544
 12383      12.01000022888184    -0.0478999987244606
 12384      1.008000016212463    0.06210000067949295
 12385      1.008000016212463    0.06210000067949295
 12386      12.01000022888184   -0.01429999992251396
 12387      1.008000016212463     0.1134999990463257
 12388      1.008000016212463     0.1134999990463257
 12389      14.01000022888184    -0.3853999972343445
 12390      1.008000016212463     0.3400000035762787
 12391      1.008000016212463     0.3400000035762787
 12392      1.008000016212463     0.3400000035762787
 12393      12.01000022888184     0.7340999841690063
 12394                     16    -0.5893999934196472
 12395      14.01000022888184     -0.347900003194809
 12396      1.008000016212463     0.2746999859809875
 12397      12.01000022888184     -0.263700008392334
 12398      1.008000016212463     0.1560000032186508
 12399      12.01000022888184  -0.000699999975040555
 12400      1.008000016212463    0.03269999846816063
 12401      1.008000016212463    0.03269999846816063
 12402      12.01000022888184     0.0390000008046627
 12403      1.008000016212463    0.02850000001490116
 12404      1.008000016212463    0.02850000001490116
 12405      12.01000022888184    0.04859999939799309
 12406      1.008000016212463    0.06870000064373016
 12407      1.008000016212463    0.06870000064373016
 12408      14.01000022888184    -0.5295000076293945
 12409      1.008000016212463     0.3456000089645386
 12410      12.01000022888184     0.8076000213623047
 12411      14.01000022888184    -0.8626999855041504
 12412      1.008000016212463     0.4478000104427338
 12413      1.008000016212463     0.4478000104427338
 12414      14.01000022888184    -0.8626999855041504
 12415      1.008000016212463     0.4478000104427338
 12416      1.008000016212463     0.4478000104427338
 12417      12.01000022888184     0.7340999841690063
 12418                     16    -0.5893999934196472
 12419      14.01000022888184    -0.4156999886035919
 12420      1.008000016212463     0.2718999981880188
 12421      12.01000022888184   -0.03889999911189079
 12422      1.008000016212463     0.1006999984383583
 12423      12.01000022888184     0.3653999865055084
 12424      1.008000016212463    0.00430000014603138
 12425      12.01000022888184    -0.2437999993562698
 12426      1.008000016212463    0.06419999897480011
 12427      1.008000016212463    0.06419999897480011
 12428      1.008000016212463    0.06419999897480011
 12429                     16    -0.6761000156402588
 12430      1.008000016212463     0.4101999998092651
 12431      12.01000022888184     0.5972999930381775
 12432                     16    -0.5679000020027161
 12433      14.01000022888184    -0.5163000226020813
 12434      1.008000016212463     0.2935999929904938
 12435      12.01000022888184    0.03810000047087669
 12436      1.008000016212463    0.08799999952316284
 12437      12.01000022888184   -0.03030000068247318
 12438      1.008000016212463   -0.01219999976456165
 12439      1.008000016212463   -0.01219999976456165
 12440      12.01000022888184     0.7993999719619751
 12441                     16    -0.8014000058174133
 12442                     16    -0.8014000058174133
 12443      12.01000022888184     0.5365999937057495
 12444                     16    -0.5819000005722046
 12445      14.01000022888184    -0.4156999886035919
 12446      1.008000016212463     0.2718999981880188
 12447      12.01000022888184   -0.05180000141263008
 12448      1.008000016212463    0.09220000356435776
 12449      12.01000022888184    -0.1102000027894974
 12450      1.008000016212463    0.04569999873638153
 12451      1.008000016212463    0.04569999873638153
 12452      12.01000022888184     0.3531000018119812
 12453      1.008000016212463   -0.03610000014305115
 12454      12.01000022888184    -0.4120999872684479
 12455      1.008000016212463     0.1000000014901161
 12456      1.008000016212463     0.1000000014901161
 12457      1.008000016212463     0.1000000014901161
 12458      12.01000022888184    -0.4120999872684479
 12459      1.008000016212463     0.1000000014901161
 12460      1.008000016212463     0.1000000014901161
 12461      1.008000016212463     0.1000000014901161
 12462      12.01000022888184     0.5972999930381775
 12463                     16    -0.5679000020027161
 12464      14.01000022888184    -0.4156999886035919
 12465      1.008000016212463     0.2718999981880188
 12466      12.01000022888184   -0.03889999911189079
 12467      1.008000016212463     0.1006999984383583
 12468      12.01000022888184     0.3653999865055084
 12469      1.008000016212463    0.00430000014603138
 12470      12.01000022888184    -0.2437999993562698
 12471      1.008000016212463    0.06419999897480011
 12472      1.008000016212463    0.06419999897480011
 12473      1.008000016212463    0.06419999897480011
 12474                     16    -0.6761000156402588
 12475      1.008000016212463     0.4101999998092651
 12476      12.01000022888184     0.5972999930381775
 12477                     16    -0.5679000020027161
 12478      14.01000022888184    -0.4156999886035919
 12479      1.008000016212463     0.2718999981880188
 12480      12.01000022888184   -0.02520000003278255
 12481      1.008000016212463     0.0697999969124794
 12482      1.008000016212463     0.0697999969124794
 12483      12.01000022888184     0.5972999930381775
 12484                     16    -0.5679000020027161
 12485      14.01000022888184    -0.4156999886035919
 12486      1.008000016212463     0.2718999981880188
 12487      12.01000022888184    0.03370000049471855
 12488      1.008000016212463    0.08229999989271164
 12489      12.01000022888184    -0.1825000047683716
 12490      1.008000016212463    0.06030000001192093
 12491      1.008000016212463    0.06030000001192093
 12492      1.008000016212463    0.06030000001192093
 12493      12.01000022888184     0.5972999930381775
 12494                     16    -0.5679000020027161
 12495      14.01000022888184    -0.4156999886035919
 12496      1.008000016212463     0.2718999981880188
 12497      12.01000022888184  -0.002400000113993883
 12498      1.008000016212463    0.09780000150203705
 12499      12.01000022888184   -0.03429999947547913
 12500      1.008000016212463    0.02950000017881393
 12501      1.008000016212463    0.02950000017881393
 12502      12.01000022888184     0.0118000004440546
 12503      12.01000022888184    -0.1255999952554703
 12504      1.008000016212463     0.1330000013113022
 12505      12.01000022888184    -0.1703999936580658
 12506      1.008000016212463     0.1430000066757202
 12507      12.01000022888184    -0.1071999967098236
 12508      1.008000016212463     0.1297000050544739
 12509      12.01000022888184    -0.1703999936580658
 12510      1.008000016212463     0.1430000066757202
 12511      12.01000022888184    -0.1255999952554703
 12512      1.008000016212463     0.1330000013113022
 12513      12.01000022888184     0.5972999930381775
 12514                     16    -0.5679000020027161
 12515      14.01000022888184     -0.347900003194809
 12516      1.008000016212463     0.2746999859809875
 12517      12.01000022888184     -0.263700008392334
 12518      1.008000016212463     0.1560000032186508
 12519      12.01000022888184  -0.000699999975040555
 12520      1.008000016212463    0.03269999846816063
 12521      1.008000016212463    0.03269999846816063
 12522      12.01000022888184     0.0390000008046627
 12523      1.008000016212463    0.02850000001490116
 12524      1.008000016212463    0.02850000001490116
 12525      12.01000022888184    0.04859999939799309
 12526      1.008000016212463    0.06870000064373016
 12527      1.008000016212463    0.06870000064373016
 12528      14.01000022888184    -0.5295000076293945
 12529      1.008000016212463     0.3456000089645386
 12530      12.01000022888184     0.8076000213623047
 12531      14.01000022888184    -0.8626999855041504
 12532      1.008000016212463     0.4478000104427338
 12533      1.008000016212463     0.4478000104427338
 12534      14.01000022888184    -0.8626999855041504
 12535      1.008000016212463     0.4478000104427338
 12536      1.008000016212463     0.4478000104427338
 12537      12.01000022888184     0.7340999841690063
 12538                     16    -0.5893999934196472
 12539      14.01000022888184    -0.4156999886035919
 12540      1.008000016212463     0.2718999981880188
 12541      12.01000022888184   -0.05180000141263008
 12542      1.008000016212463    0.09220000356435776
 12543      12.01000022888184    -0.1102000027894974
 12544      1.008000016212463    0.04569999873638153
 12545      1.008000016212463    0.04569999873638153
 12546      12.01000022888184     0.3531000018119812
 12547      1.008000016212463   -0.03610000014305115
 12548      12.01000022888184    -0.4120999872684479
 12549      1.008000016212463     0.1000000014901161
 12550      1.008000016212463     0.1000000014901161
 12551      1.008000016212463     0.1000000014901161
 12552      12.01000022888184    -0.4120999872684479
 12553      1.008000016212463     0.1000000014901161
 12554      1.008000016212463     0.1000000014901161
 12555      1.008000016212463     0.1000000014901161
 12556      12.01000022888184     0.5972999930381775
 12557                     16    -0.5679000020027161
 12558      14.01000022888184    -0.5163000226020813
 12559      1.008000016212463     0.2935999929904938
 12560      12.01000022888184    0.03810000047087669
 12561      1.008000016212463    0.08799999952316284
 12562      12.01000022888184   -0.03030000068247318
 12563      1.008000016212463   -0.01219999976456165
 12564      1.008000016212463   -0.01219999976456165
 12565      12.01000022888184     0.7993999719619751
 12566                     16    -0.8014000058174133
 12567                     16    -0.8014000058174133
 12568      12.01000022888184     0.5365999937057495
 12569                     16    -0.5819000005722046
 12570      14.01000022888184    -0.2547999918460846
 12571      12.01000022888184    0.01920000091195107
 12572      1.008000016212463    0.03909999877214432
 12573      1.008000016212463    0.03909999877214432
 12574      12.01000022888184    0.01889999955892563
 12575      1.008000016212463    0.02129999920725822
 12576      1.008000016212463    0.02129999920725822
 12577      12.01000022888184  -0.007000000216066837
 12578      1.008000016212463    0.02529999986290932
 12579      1.008000016212463    0.02529999986290932
 12580      12.01000022888184   -0.02659999951720238
 12581      1.008000016212463     0.0640999972820282
 12582      12.01000022888184     0.5896000266075134
 12583                     16    -0.5748000144958496
 12584      14.01000022888184    -0.4156999886035919
 12585      1.008000016212463     0.2718999981880188
 12586      12.01000022888184   -0.03889999911189079
 12587      1.008000016212463     0.1006999984383583
 12588      12.01000022888184     0.3653999865055084
 12589      1.008000016212463    0.00430000014603138
 12590      12.01000022888184    -0.2437999993562698
 12591      1.008000016212463    0.06419999897480011
 12592      1.008000016212463    0.06419999897480011
 12593      1.008000016212463    0.06419999897480011
 12594                     16    -0.6761000156402588
 12595      1.008000016212463     0.4101999998092651
 12596      12.01000022888184     0.5972999930381775
 12597                     16    -0.5679000020027161
 12598      14.01000022888184    -0.4156999886035919
 12599      1.008000016212463     0.2718999981880188
 12600      12.01000022888184   -0.00139999995008111
 12601      1.008000016212463    0.08760000020265579
 12602      12.01000022888184   -0.01520000025629997
 12603      1.008000016212463    0.02950000017881393
 12604      1.008000016212463    0.02950000017881393
 12605      12.01000022888184  -0.001099999994039536
 12606      12.01000022888184    -0.1905999928712845
 12607      1.008000016212463     0.1699000000953674
 12608      12.01000022888184    -0.2340999990701675
 12609      1.008000016212463     0.1656000018119812
 12610      12.01000022888184     0.3226000070571899
 12611                     16    -0.5579000115394592
 12612      1.008000016212463     0.3991999924182892
 12613      12.01000022888184    -0.2340999990701675
 12614      1.008000016212463     0.1656000018119812
 12615      12.01000022888184    -0.1905999928712845
 12616      1.008000016212463     0.1699000000953674
 12617      12.01000022888184     0.5972999930381775
 12618                     16    -0.5679000020027161
 12619      14.01000022888184    -0.4156999886035919
 12620      1.008000016212463     0.2718999981880188
 12621      12.01000022888184   -0.05180000141263008
 12622      1.008000016212463    0.09220000356435776
 12623      12.01000022888184    -0.1102000027894974
 12624      1.008000016212463    0.04569999873638153
 12625      1.008000016212463    0.04569999873638153
 12626      12.01000022888184     0.3531000018119812
 12627      1.008000016212463   -0.03610000014305115
 12628      12.01000022888184    -0.4120999872684479
 12629      1.008000016212463     0.1000000014901161
 12630      1.008000016212463     0.1000000014901161
 12631      1.008000016212463     0.1000000014901161
 12632      12.01000022888184    -0.4120999872684479
 12633      1.008000016212463     0.1000000014901161
 12634      1.008000016212463     0.1000000014901161
 12635      1.008000016212463     0.1000000014901161
 12636      12.01000022888184     0.5972999930381775
 12637                     16    -0.5679000020027161
 12638      14.01000022888184     -0.347900003194809
 12639      1.008000016212463     0.2746999859809875
 12640      12.01000022888184     -0.239999994635582
 12641      1.008000016212463     0.1425999999046326
 12642      12.01000022888184  -0.009399999864399433
 12643      1.008000016212463    0.03620000183582306
 12644      1.008000016212463    0.03620000183582306
 12645      12.01000022888184     0.0186999998986721
 12646      1.008000016212463    0.01030000019818544
 12647      1.008000016212463    0.01030000019818544
 12648      12.01000022888184    -0.0478999987244606
 12649      1.008000016212463    0.06210000067949295
 12650      1.008000016212463    0.06210000067949295
 12651      12.01000022888184   -0.01429999992251396
 12652      1.008000016212463     0.1134999990463257
 12653      1.008000016212463     0.1134999990463257
 12654      14.01000022888184    -0.3853999972343445
 12655      1.008000016212463     0.3400000035762787
 12656      1.008000016212463     0.3400000035762787
 12657      1.008000016212463     0.3400000035762787
 12658      12.01000022888184     0.7340999841690063
 12659                     16    -0.5893999934196472
 12660      14.01000022888184    -0.4156999886035919
 12661      1.008000016212463     0.2718999981880188
 12662      12.01000022888184   -0.05810000002384186
 12663      1.008000016212463      0.136000007390976
 12664      12.01000022888184  -0.007400000002235174
 12665      1.008000016212463    0.03669999912381172
 12666      1.008000016212463    0.03669999912381172
 12667      12.01000022888184     0.1868000030517578
 12668      14.01000022888184    -0.5432000160217285
 12669      12.01000022888184     0.1634999960660934
 12670      1.008000016212463     0.1435000002384186
 12671      14.01000022888184    -0.2795000076293945
 12672      1.008000016212463     0.3339000046253204
 12673      12.01000022888184    -0.2206999957561493
 12674      1.008000016212463     0.1861999928951263
 12675      12.01000022888184     0.5972999930381775
 12676                     16    -0.5679000020027161
 12677      14.01000022888184    -0.4156999886035919
 12678      1.008000016212463     0.2718999981880188
 12679      12.01000022888184   -0.02490000054240227
 12680      1.008000016212463    0.08429999649524689
 12681      12.01000022888184     0.2117000073194504
 12682      1.008000016212463    0.03519999980926514
 12683      1.008000016212463    0.03519999980926514
 12684                     16    -0.6546000242233276
 12685      1.008000016212463     0.4275000095367432
 12686      12.01000022888184     0.5972999930381775
 12687                     16    -0.5679000020027161
 12688      14.01000022888184    -0.4156999886035919
 12689      1.008000016212463     0.2718999981880188
 12690      12.01000022888184   -0.05810000002384186
 12691      1.008000016212463      0.136000007390976
 12692      12.01000022888184  -0.007400000002235174
 12693      1.008000016212463    0.03669999912381172
 12694      1.008000016212463    0.03669999912381172
 12695      12.01000022888184     0.1868000030517578
 12696      14.01000022888184    -0.5432000160217285
 12697      12.01000022888184     0.1634999960660934
 12698      1.008000016212463     0.1435000002384186
 12699      14.01000022888184    -0.2795000076293945
 12700      1.008000016212463     0.3339000046253204
 12701      12.01000022888184    -0.2206999957561493
 12702      1.008000016212463     0.1861999928951263
 12703      12.01000022888184     0.5972999930381775
 12704                     16    -0.5679000020027161
 12705      14.01000022888184    -0.4156999886035919
 12706      1.008000016212463     0.2718999981880188
 12707      12.01000022888184  -0.003100000089034438
 12708      1.008000016212463    0.08500000089406967
 12709      12.01000022888184  -0.003599999938160181
 12710      1.008000016212463    0.01710000075399876
 12711      1.008000016212463    0.01710000075399876
 12712      12.01000022888184   -0.06449999660253525
 12713      1.008000016212463    0.03519999980926514
 12714      1.008000016212463    0.03519999980926514
 12715      12.01000022888184     0.6951000094413757
 12716                     16    -0.6086000204086304
 12717      14.01000022888184    -0.9406999945640564
 12718      1.008000016212463     0.4250999987125397
 12719      1.008000016212463     0.4250999987125397
 12720      12.01000022888184     0.5972999930381775
 12721                     16    -0.5679000020027161
 12722      14.01000022888184    -0.5163000226020813
 12723      1.008000016212463     0.2935999929904938
 12724      12.01000022888184    0.03810000047087669
 12725      1.008000016212463    0.08799999952316284
 12726      12.01000022888184   -0.03030000068247318
 12727      1.008000016212463   -0.01219999976456165
 12728      1.008000016212463   -0.01219999976456165
 12729      12.01000022888184     0.7993999719619751
 12730                     16    -0.8014000058174133
 12731                     16    -0.8014000058174133
 12732      12.01000022888184     0.5365999937057495
 12733                     16    -0.5819000005722046
 12734      14.01000022888184    -0.4156999886035919
 12735      1.008000016212463     0.2718999981880188
 12736      12.01000022888184   -0.02490000054240227
 12737      1.008000016212463    0.08429999649524689
 12738      12.01000022888184     0.2117000073194504
 12739      1.008000016212463    0.03519999980926514
 12740      1.008000016212463    0.03519999980926514
 12741                     16    -0.6546000242233276
 12742      1.008000016212463     0.4275000095367432
 12743      12.01000022888184     0.5972999930381775
 12744                     16    -0.5679000020027161
 12745      14.01000022888184    -0.4156999886035919
 12746      1.008000016212463     0.2718999981880188
 12747      12.01000022888184   -0.02520000003278255
 12748      1.008000016212463     0.0697999969124794
 12749      1.008000016212463     0.0697999969124794
 12750      12.01000022888184     0.5972999930381775
 12751                     16    -0.5679000020027161
 12752      14.01000022888184    -0.4156999886035919
 12753      1.008000016212463     0.2718999981880188
 12754      12.01000022888184   -0.05180000141263008
 12755      1.008000016212463    0.09220000356435776
 12756      12.01000022888184    -0.1102000027894974
 12757      1.008000016212463    0.04569999873638153
 12758      1.008000016212463    0.04569999873638153
 12759      12.01000022888184     0.3531000018119812
 12760      1.008000016212463   -0.03610000014305115
 12761      12.01000022888184    -0.4120999872684479
 12762      1.008000016212463     0.1000000014901161
 12763      1.008000016212463     0.1000000014901161
 12764      1.008000016212463     0.1000000014901161
 12765      12.01000022888184    -0.4120999872684479
 12766      1.008000016212463     0.1000000014901161
 12767      1.008000016212463     0.1000000014901161
 12768      1.008000016212463     0.1000000014901161
 12769      12.01000022888184     0.5972999930381775
 12770                     16    -0.5679000020027161
 12771      14.01000022888184    -0.4156999886035919
 12772      1.008000016212463     0.2718999981880188
 12773      12.01000022888184   -0.05970000103116035
 12774      1.008000016212463     0.0869000032544136
 12775      12.01000022888184     0.1303000003099442
 12776      1.008000016212463     0.0186999998986721
 12777      12.01000022888184    -0.3203999996185303
 12778      1.008000016212463    0.08820000290870667
 12779      1.008000016212463    0.08820000290870667
 12780      1.008000016212463    0.08820000290870667
 12781      12.01000022888184    -0.0430000014603138
 12782      1.008000016212463    0.02360000088810921
 12783      1.008000016212463    0.02360000088810921
 12784      12.01000022888184   -0.06599999964237213
 12785      1.008000016212463    0.01860000006854534
 12786      1.008000016212463    0.01860000006854534
 12787      1.008000016212463    0.01860000006854534
 12788      12.01000022888184     0.5972999930381775
 12789                     16    -0.5679000020027161
 12790      14.01000022888184    -0.4156999886035919
 12791      1.008000016212463     0.2718999981880188
 12792      12.01000022888184   -0.03889999911189079
 12793      1.008000016212463     0.1006999984383583
 12794      12.01000022888184     0.3653999865055084
 12795      1.008000016212463    0.00430000014603138
 12796      12.01000022888184    -0.2437999993562698
 12797      1.008000016212463    0.06419999897480011
 12798      1.008000016212463    0.06419999897480011
 12799      1.008000016212463    0.06419999897480011
 12800                     16    -0.6761000156402588
 12801      1.008000016212463     0.4101999998092651
 12802      12.01000022888184     0.5972999930381775
 12803                     16    -0.5679000020027161
 12804      14.01000022888184    -0.5163000226020813
 12805      1.008000016212463     0.2935999929904938
 12806      12.01000022888184    0.03810000047087669
 12807      1.008000016212463    0.08799999952316284
 12808      12.01000022888184   -0.03030000068247318
 12809      1.008000016212463   -0.01219999976456165
 12810      1.008000016212463   -0.01219999976456165
 12811      12.01000022888184     0.7993999719619751
 12812                     16    -0.8014000058174133
 12813                     16    -0.8014000058174133
 12814      12.01000022888184     0.5365999937057495
 12815                     16    -0.5819000005722046
 12816      14.01000022888184    -0.4156999886035919
 12817      1.008000016212463     0.2718999981880188
 12818      12.01000022888184   -0.00139999995008111
 12819      1.008000016212463    0.08760000020265579
 12820      12.01000022888184   -0.01520000025629997
 12821      1.008000016212463    0.02950000017881393
 12822      1.008000016212463    0.02950000017881393
 12823      12.01000022888184  -0.001099999994039536
 12824      12.01000022888184    -0.1905999928712845
 12825      1.008000016212463     0.1699000000953674
 12826      12.01000022888184    -0.2340999990701675
 12827      1.008000016212463     0.1656000018119812
 12828      12.01000022888184     0.3226000070571899
 12829                     16    -0.5579000115394592
 12830      1.008000016212463     0.3991999924182892
 12831      12.01000022888184    -0.2340999990701675
 12832      1.008000016212463     0.1656000018119812
 12833      12.01000022888184    -0.1905999928712845
 12834      1.008000016212463     0.1699000000953674
 12835      12.01000022888184     0.5972999930381775
 12836                     16    -0.5679000020027161
 12837      14.01000022888184     -0.347900003194809
 12838      1.008000016212463     0.2746999859809875
 12839      12.01000022888184     -0.263700008392334
 12840      1.008000016212463     0.1560000032186508
 12841      12.01000022888184  -0.000699999975040555
 12842      1.008000016212463    0.03269999846816063
 12843      1.008000016212463    0.03269999846816063
 12844      12.01000022888184     0.0390000008046627
 12845      1.008000016212463    0.02850000001490116
 12846      1.008000016212463    0.02850000001490116
 12847      12.01000022888184    0.04859999939799309
 12848      1.008000016212463    0.06870000064373016
 12849      1.008000016212463    0.06870000064373016
 12850      14.01000022888184    -0.5295000076293945
 12851      1.008000016212463     0.3456000089645386
 12852      12.01000022888184     0.8076000213623047
 12853      14.01000022888184    -0.8626999855041504
 12854      1.008000016212463     0.4478000104427338
 12855      1.008000016212463     0.4478000104427338
 12856      14.01000022888184    -0.8626999855041504
 12857      1.008000016212463     0.4478000104427338
 12858      1.008000016212463     0.4478000104427338
 12859      12.01000022888184     0.7340999841690063
 12860                     16    -0.5893999934196472
 12861      14.01000022888184    -0.4156999886035919
 12862      1.008000016212463     0.2718999981880188
 12863      12.01000022888184   -0.05810000002384186
 12864      1.008000016212463      0.136000007390976
 12865      12.01000022888184  -0.007400000002235174
 12866      1.008000016212463    0.03669999912381172
 12867      1.008000016212463    0.03669999912381172
 12868      12.01000022888184     0.1868000030517578
 12869      14.01000022888184    -0.5432000160217285
 12870      12.01000022888184     0.1634999960660934
 12871      1.008000016212463     0.1435000002384186
 12872      14.01000022888184    -0.2795000076293945
 12873      1.008000016212463     0.3339000046253204
 12874      12.01000022888184    -0.2206999957561493
 12875      1.008000016212463     0.1861999928951263
 12876      12.01000022888184     0.5972999930381775
 12877                     16    -0.5679000020027161
 12878      14.01000022888184    -0.4156999886035919
 12879      1.008000016212463     0.2718999981880188
 12880      12.01000022888184   -0.02749999985098839
 12881      1.008000016212463     0.1123000010848045
 12882      12.01000022888184  -0.004999999888241291
 12883      1.008000016212463    0.03390000015497208
 12884      1.008000016212463    0.03390000015497208
 12885      12.01000022888184    -0.1414999961853027
 12886      12.01000022888184    -0.1638000011444092
 12887      1.008000016212463     0.2062000036239624
 12888      14.01000022888184    -0.3418000042438507
 12889      1.008000016212463     0.3411999940872192
 12890      12.01000022888184     0.1379999965429306
 12891      12.01000022888184    -0.2601000070571899
 12892      1.008000016212463     0.1571999937295914
 12893      12.01000022888184    -0.1133999973535538
 12894      1.008000016212463     0.1416999995708466
 12895      12.01000022888184    -0.1972000002861023
 12896      1.008000016212463     0.1447000056505203
 12897      12.01000022888184    -0.2387000024318695
 12898      1.008000016212463     0.1700000017881393
 12899      12.01000022888184     0.1243000030517578
 12900      12.01000022888184     0.5972999930381775
 12901                     16    -0.5679000020027161
 12902      14.01000022888184    -0.4156999886035919
 12903      1.008000016212463     0.2718999981880188
 12904      12.01000022888184  -0.003100000089034438
 12905      1.008000016212463    0.08500000089406967
 12906      12.01000022888184  -0.003599999938160181
 12907      1.008000016212463    0.01710000075399876
 12908      1.008000016212463    0.01710000075399876
 12909      12.01000022888184   -0.06449999660253525
 12910      1.008000016212463    0.03519999980926514
 12911      1.008000016212463    0.03519999980926514
 12912      12.01000022888184     0.6951000094413757
 12913                     16    -0.6086000204086304
 12914      14.01000022888184    -0.9406999945640564
 12915      1.008000016212463     0.4250999987125397
 12916      1.008000016212463     0.4250999987125397
 12917      12.01000022888184     0.5972999930381775
 12918                     16    -0.5679000020027161
 12919      14.01000022888184    -0.4156999886035919
 12920      1.008000016212463     0.2718999981880188
 12921      12.01000022888184   -0.05970000103116035
 12922      1.008000016212463     0.0869000032544136
 12923      12.01000022888184     0.1303000003099442
 12924      1.008000016212463     0.0186999998986721
 12925      12.01000022888184    -0.3203999996185303
 12926      1.008000016212463    0.08820000290870667
 12927      1.008000016212463    0.08820000290870667
 12928      1.008000016212463    0.08820000290870667
 12929      12.01000022888184    -0.0430000014603138
 12930      1.008000016212463    0.02360000088810921
 12931      1.008000016212463    0.02360000088810921
 12932      12.01000022888184   -0.06599999964237213
 12933      1.008000016212463    0.01860000006854534
 12934      1.008000016212463    0.01860000006854534
 12935      1.008000016212463    0.01860000006854534
 12936      12.01000022888184     0.5972999930381775
 12937                     16    -0.5679000020027161
 12938      14.01000022888184    -0.2547999918460846
 12939      12.01000022888184    0.01920000091195107
 12940      1.008000016212463    0.03909999877214432
 12941      1.008000016212463    0.03909999877214432
 12942      12.01000022888184    0.01889999955892563
 12943      1.008000016212463    0.02129999920725822
 12944      1.008000016212463    0.02129999920725822
 12945      12.01000022888184  -0.007000000216066837
 12946      1.008000016212463    0.02529999986290932
 12947      1.008000016212463    0.02529999986290932
 12948      12.01000022888184   -0.02659999951720238
 12949      1.008000016212463     0.0640999972820282
 12950      12.01000022888184     0.5896000266075134
 12951                     16    -0.5748000144958496
 12952      14.01000022888184    -0.4156999886035919
 12953      1.008000016212463     0.2718999981880188
 12954      12.01000022888184   -0.05180000141263008
 12955      1.008000016212463    0.09220000356435776
 12956      12.01000022888184    -0.1102000027894974
 12957      1.008000016212463    0.04569999873638153
 12958      1.008000016212463    0.04569999873638153
 12959      12.01000022888184     0.3531000018119812
 12960      1.008000016212463   -0.03610000014305115
 12961      12.01000022888184    -0.4120999872684479
 12962      1.008000016212463     0.1000000014901161
 12963      1.008000016212463     0.1000000014901161
 12964      1.008000016212463     0.1000000014901161
 12965      12.01000022888184    -0.4120999872684479
 12966      1.008000016212463     0.1000000014901161
 12967      1.008000016212463     0.1000000014901161
 12968      1.008000016212463     0.1000000014901161
 12969      12.01000022888184     0.5972999930381775
 12970                     16    -0.5679000020027161
 12971      14.01000022888184    -0.4156999886035919
 12972      1.008000016212463     0.2718999981880188
 12973      12.01000022888184   -0.02520000003278255
 12974      1.008000016212463     0.0697999969124794
 12975      1.008000016212463     0.0697999969124794
 12976      12.01000022888184     0.5972999930381775
 12977                     16    -0.5679000020027161
 12978      14.01000022888184     -0.347900003194809
 12979      1.008000016212463     0.2746999859809875
 12980      12.01000022888184     -0.263700008392334
 12981      1.008000016212463     0.1560000032186508
 12982      12.01000022888184  -0.000699999975040555
 12983      1.008000016212463    0.03269999846816063
 12984      1.008000016212463    0.03269999846816063
 12985      12.01000022888184     0.0390000008046627
 12986      1.008000016212463    0.02850000001490116
 12987      1.008000016212463    0.02850000001490116
 12988      12.01000022888184    0.04859999939799309
 12989      1.008000016212463    0.06870000064373016
 12990      1.008000016212463    0.06870000064373016
 12991      14.01000022888184    -0.5295000076293945
 12992      1.008000016212463     0.3456000089645386
 12993      12.01000022888184     0.8076000213623047
 12994      14.01000022888184    -0.8626999855041504
 12995      1.008000016212463     0.4478000104427338
 12996      1.008000016212463     0.4478000104427338
 12997      14.01000022888184    -0.8626999855041504
 12998      1.008000016212463     0.4478000104427338
 12999      1.008000016212463     0.4478000104427338
 13000      12.01000022888184     0.7340999841690063
 13001                     16    -0.5893999934196472
 13002      14.01000022888184     -0.347900003194809
 13003      1.008000016212463     0.2746999859809875
 13004      12.01000022888184     -0.263700008392334
 13005      1.008000016212463     0.1560000032186508
 13006      12.01000022888184  -0.000699999975040555
 13007      1.008000016212463    0.03269999846816063
 13008      1.008000016212463    0.03269999846816063
 13009      12.01000022888184     0.0390000008046627
 13010      1.008000016212463    0.02850000001490116
 13011      1.008000016212463    0.02850000001490116
 13012      12.01000022888184    0.04859999939799309
 13013      1.008000016212463    0.06870000064373016
 13014      1.008000016212463    0.06870000064373016
 13015      14.01000022888184    -0.5295000076293945
 13016      1.008000016212463     0.3456000089645386
 13017      12.01000022888184     0.8076000213623047
 13018      14.01000022888184    -0.8626999855041504
 13019      1.008000016212463     0.4478000104427338
 13020      1.008000016212463     0.4478000104427338
 13021      14.01000022888184    -0.8626999855041504
 13022      1.008000016212463     0.4478000104427338
 13023      1.008000016212463     0.4478000104427338
 13024      12.01000022888184     0.7340999841690063
 13025                     16    -0.5893999934196472
 13026      14.01000022888184    -0.4156999886035919
 13027      1.008000016212463     0.2718999981880188
 13028      12.01000022888184  -0.002400000113993883
 13029      1.008000016212463    0.09780000150203705
 13030      12.01000022888184   -0.03429999947547913
 13031      1.008000016212463    0.02950000017881393
 13032      1.008000016212463    0.02950000017881393
 13033      12.01000022888184     0.0118000004440546
 13034      12.01000022888184    -0.1255999952554703
 13035      1.008000016212463     0.1330000013113022
 13036      12.01000022888184    -0.1703999936580658
 13037      1.008000016212463     0.1430000066757202
 13038      12.01000022888184    -0.1071999967098236
 13039      1.008000016212463     0.1297000050544739
 13040      12.01000022888184    -0.1703999936580658
 13041      1.008000016212463     0.1430000066757202
 13042      12.01000022888184    -0.1255999952554703
 13043      1.008000016212463     0.1330000013113022
 13044      12.01000022888184     0.5972999930381775
 13045                     16    -0.5679000020027161
 13046      14.01000022888184     -0.347900003194809
 13047      1.008000016212463     0.2746999859809875
 13048      12.01000022888184     -0.263700008392334
 13049      1.008000016212463     0.1560000032186508
 13050      12.01000022888184  -0.000699999975040555
 13051      1.008000016212463    0.03269999846816063
 13052      1.008000016212463    0.03269999846816063
 13053      12.01000022888184     0.0390000008046627
 13054      1.008000016212463    0.02850000001490116
 13055      1.008000016212463    0.02850000001490116
 13056      12.01000022888184    0.04859999939799309
 13057      1.008000016212463    0.06870000064373016
 13058      1.008000016212463    0.06870000064373016
 13059      14.01000022888184    -0.5295000076293945
 13060      1.008000016212463     0.3456000089645386
 13061      12.01000022888184     0.8076000213623047
 13062      14.01000022888184    -0.8626999855041504
 13063      1.008000016212463     0.4478000104427338
 13064      1.008000016212463     0.4478000104427338
 13065      14.01000022888184    -0.8626999855041504
 13066      1.008000016212463     0.4478000104427338
 13067      1.008000016212463     0.4478000104427338
 13068      12.01000022888184     0.7340999841690063
 13069                     16    -0.5893999934196472
 13070      14.01000022888184    -0.4156999886035919
 13071      1.008000016212463     0.2718999981880188
 13072      12.01000022888184   -0.02490000054240227
 13073      1.008000016212463    0.08429999649524689
 13074      12.01000022888184     0.2117000073194504
 13075      1.008000016212463    0.03519999980926514
 13076      1.008000016212463    0.03519999980926514
 13077                     16    -0.6546000242233276
 13078      1.008000016212463     0.4275000095367432
 13079      12.01000022888184     0.5972999930381775
 13080                     16    -0.5679000020027161
 13081      14.01000022888184    -0.4156999886035919
 13082      1.008000016212463     0.2718999981880188
 13083      12.01000022888184   -0.05180000141263008
 13084      1.008000016212463    0.09220000356435776
 13085      12.01000022888184    -0.1102000027894974
 13086      1.008000016212463    0.04569999873638153
 13087      1.008000016212463    0.04569999873638153
 13088      12.01000022888184     0.3531000018119812
 13089      1.008000016212463   -0.03610000014305115
 13090      12.01000022888184    -0.4120999872684479
 13091      1.008000016212463     0.1000000014901161
 13092      1.008000016212463     0.1000000014901161
 13093      1.008000016212463     0.1000000014901161
 13094      12.01000022888184    -0.4120999872684479
 13095      1.008000016212463     0.1000000014901161
 13096      1.008000016212463     0.1000000014901161
 13097      1.008000016212463     0.1000000014901161
 13098      12.01000022888184     0.5972999930381775
 13099                     16    -0.5679000020027161
 13100      14.01000022888184     -0.347900003194809
 13101      1.008000016212463     0.2746999859809875
 13102      12.01000022888184     -0.239999994635582
 13103      1.008000016212463     0.1425999999046326
 13104      12.01000022888184  -0.009399999864399433
 13105      1.008000016212463    0.03620000183582306
 13106      1.008000016212463    0.03620000183582306
 13107      12.01000022888184     0.0186999998986721
 13108      1.008000016212463    0.01030000019818544
 13109      1.008000016212463    0.01030000019818544
 13110      12.01000022888184    -0.0478999987244606
 13111      1.008000016212463    0.06210000067949295
 13112      1.008000016212463    0.06210000067949295
 13113      12.01000022888184   -0.01429999992251396
 13114      1.008000016212463     0.1134999990463257
 13115      1.008000016212463     0.1134999990463257
 13116      14.01000022888184    -0.3853999972343445
 13117      1.008000016212463     0.3400000035762787
 13118      1.008000016212463     0.3400000035762787
 13119      1.008000016212463     0.3400000035762787
 13120      12.01000022888184     0.7340999841690063
 13121                     16    -0.5893999934196472
 13122      14.01000022888184    -0.4156999886035919
 13123      1.008000016212463     0.2718999981880188
 13124      12.01000022888184   -0.02370000071823597
 13125      1.008000016212463    0.08799999952316284
 13126      12.01000022888184    0.03420000150799751
 13127      1.008000016212463    0.02410000003874302
 13128      1.008000016212463    0.02410000003874302
 13129      12.01000022888184   0.001799999969080091
 13130      1.008000016212463    0.04399999976158142
 13131      1.008000016212463    0.04399999976158142
 13132      32.06000137329102    -0.2736999988555908
 13133      12.01000022888184    -0.0535999983549118
 13134      1.008000016212463    0.06840000301599503
 13135      1.008000016212463    0.06840000301599503
 13136      1.008000016212463    0.06840000301599503
 13137      12.01000022888184     0.5972999930381775
 13138                     16    -0.5679000020027161
 13139      14.01000022888184    -0.4156999886035919
 13140      1.008000016212463     0.2718999981880188
 13141      12.01000022888184   -0.02749999985098839
 13142      1.008000016212463     0.1123000010848045
 13143      12.01000022888184  -0.004999999888241291
 13144      1.008000016212463    0.03390000015497208
 13145      1.008000016212463    0.03390000015497208
 13146      12.01000022888184    -0.1414999961853027
 13147      12.01000022888184    -0.1638000011444092
 13148      1.008000016212463     0.2062000036239624
 13149      14.01000022888184    -0.3418000042438507
 13150      1.008000016212463     0.3411999940872192
 13151      12.01000022888184     0.1379999965429306
 13152      12.01000022888184    -0.2601000070571899
 13153      1.008000016212463     0.1571999937295914
 13154      12.01000022888184    -0.1133999973535538
 13155      1.008000016212463     0.1416999995708466
 13156      12.01000022888184    -0.1972000002861023
 13157      1.008000016212463     0.1447000056505203
 13158      12.01000022888184    -0.2387000024318695
 13159      1.008000016212463     0.1700000017881393
 13160      12.01000022888184     0.1243000030517578
 13161      12.01000022888184     0.5972999930381775
 13162                     16    -0.5679000020027161
 13163      14.01000022888184    -0.4156999886035919
 13164      1.008000016212463     0.2718999981880188
 13165      12.01000022888184  -0.002400000113993883
 13166      1.008000016212463    0.09780000150203705
 13167      12.01000022888184   -0.03429999947547913
 13168      1.008000016212463    0.02950000017881393
 13169      1.008000016212463    0.02950000017881393
 13170      12.01000022888184     0.0118000004440546
 13171      12.01000022888184    -0.1255999952554703
 13172      1.008000016212463     0.1330000013113022
 13173      12.01000022888184    -0.1703999936580658
 13174      1.008000016212463     0.1430000066757202
 13175      12.01000022888184    -0.1071999967098236
 13176      1.008000016212463     0.1297000050544739
 13177      12.01000022888184    -0.1703999936580658
 13178      1.008000016212463     0.1430000066757202
 13179      12.01000022888184    -0.1255999952554703
 13180      1.008000016212463     0.1330000013113022
 13181      12.01000022888184     0.5972999930381775
 13182                     16    -0.5679000020027161
 13183      14.01000022888184    -0.4156999886035919
 13184      1.008000016212463     0.2718999981880188
 13185      12.01000022888184   -0.08749999850988388
 13186      1.008000016212463    0.09690000116825104
 13187      12.01000022888184     0.2985000014305115
 13188      1.008000016212463   -0.02969999983906746
 13189      12.01000022888184    -0.3192000091075897
 13190      1.008000016212463    0.07909999787807465
 13191      1.008000016212463    0.07909999787807465
 13192      1.008000016212463    0.07909999787807465
 13193      12.01000022888184    -0.3192000091075897
 13194      1.008000016212463    0.07909999787807465
 13195      1.008000016212463    0.07909999787807465
 13196      1.008000016212463    0.07909999787807465
 13197      12.01000022888184     0.5972999930381775
 13198                     16    -0.5679000020027161
 13199      14.01000022888184    -0.4156999886035919
 13200      1.008000016212463     0.2718999981880188
 13201      12.01000022888184  -0.002400000113993883
 13202      1.008000016212463    0.09780000150203705
 13203      12.01000022888184   -0.03429999947547913
 13204      1.008000016212463    0.02950000017881393
 13205      1.008000016212463    0.02950000017881393
 13206      12.01000022888184     0.0118000004440546
 13207      12.01000022888184    -0.1255999952554703
 13208      1.008000016212463     0.1330000013113022
 13209      12.01000022888184    -0.1703999936580658
 13210      1.008000016212463     0.1430000066757202
 13211      12.01000022888184    -0.1071999967098236
 13212      1.008000016212463     0.1297000050544739
 13213      12.01000022888184    -0.1703999936580658
 13214      1.008000016212463     0.1430000066757202
 13215      12.01000022888184    -0.1255999952554703
 13216      1.008000016212463     0.1330000013113022
 13217      12.01000022888184     0.5972999930381775
 13218                     16    -0.5679000020027161
 13219      14.01000022888184     -0.347900003194809
 13220      1.008000016212463     0.2746999859809875
 13221      12.01000022888184     -0.263700008392334
 13222      1.008000016212463     0.1560000032186508
 13223      12.01000022888184  -0.000699999975040555
 13224      1.008000016212463    0.03269999846816063
 13225      1.008000016212463    0.03269999846816063
 13226      12.01000022888184     0.0390000008046627
 13227      1.008000016212463    0.02850000001490116
 13228      1.008000016212463    0.02850000001490116
 13229      12.01000022888184    0.04859999939799309
 13230      1.008000016212463    0.06870000064373016
 13231      1.008000016212463    0.06870000064373016
 13232      14.01000022888184    -0.5295000076293945
 13233      1.008000016212463     0.3456000089645386
 13234      12.01000022888184     0.8076000213623047
 13235      14.01000022888184    -0.8626999855041504
 13236      1.008000016212463     0.4478000104427338
 13237      1.008000016212463     0.4478000104427338
 13238      14.01000022888184    -0.8626999855041504
 13239      1.008000016212463     0.4478000104427338
 13240      1.008000016212463     0.4478000104427338
 13241      12.01000022888184     0.7340999841690063
 13242                     16    -0.5893999934196472
 13243      14.01000022888184    -0.4156999886035919
 13244      1.008000016212463     0.2718999981880188
 13245      12.01000022888184   -0.02370000071823597
 13246      1.008000016212463    0.08799999952316284
 13247      12.01000022888184    0.03420000150799751
 13248      1.008000016212463    0.02410000003874302
 13249      1.008000016212463    0.02410000003874302
 13250      12.01000022888184   0.001799999969080091
 13251      1.008000016212463    0.04399999976158142
 13252      1.008000016212463    0.04399999976158142
 13253      32.06000137329102    -0.2736999988555908
 13254      12.01000022888184    -0.0535999983549118
 13255      1.008000016212463    0.06840000301599503
 13256      1.008000016212463    0.06840000301599503
 13257      1.008000016212463    0.06840000301599503
 13258      12.01000022888184     0.5972999930381775
 13259                     16    -0.5679000020027161
 13260      14.01000022888184    -0.4156999886035919
 13261      1.008000016212463     0.2718999981880188
 13262      12.01000022888184   -0.00139999995008111
 13263      1.008000016212463    0.08760000020265579
 13264      12.01000022888184   -0.01520000025629997
 13265      1.008000016212463    0.02950000017881393
 13266      1.008000016212463    0.02950000017881393
 13267      12.01000022888184  -0.001099999994039536
 13268      12.01000022888184    -0.1905999928712845
 13269      1.008000016212463     0.1699000000953674
 13270      12.01000022888184    -0.2340999990701675
 13271      1.008000016212463     0.1656000018119812
 13272      12.01000022888184     0.3226000070571899
 13273                     16    -0.5579000115394592
 13274      1.008000016212463     0.3991999924182892
 13275      12.01000022888184    -0.2340999990701675
 13276      1.008000016212463     0.1656000018119812
 13277      12.01000022888184    -0.1905999928712845
 13278      1.008000016212463     0.1699000000953674
 13279      12.01000022888184     0.5972999930381775
 13280                     16    -0.5679000020027161
 13281      14.01000022888184    -0.4156999886035919
 13282      1.008000016212463     0.2718999981880188
 13283      12.01000022888184   -0.02520000003278255
 13284      1.008000016212463     0.0697999969124794
 13285      1.008000016212463     0.0697999969124794
 13286      12.01000022888184     0.5972999930381775
 13287                     16    -0.5679000020027161
 13288      14.01000022888184    -0.4156999886035919
 13289      1.008000016212463     0.2718999981880188
 13290      12.01000022888184   -0.08749999850988388
 13291      1.008000016212463    0.09690000116825104
 13292      12.01000022888184     0.2985000014305115
 13293      1.008000016212463   -0.02969999983906746
 13294      12.01000022888184    -0.3192000091075897
 13295      1.008000016212463    0.07909999787807465
 13296      1.008000016212463    0.07909999787807465
 13297      1.008000016212463    0.07909999787807465
 13298      12.01000022888184    -0.3192000091075897
 13299      1.008000016212463    0.07909999787807465
 13300      1.008000016212463    0.07909999787807465
 13301      1.008000016212463    0.07909999787807465
 13302      12.01000022888184     0.5972999930381775
 13303                     16    -0.5679000020027161
 13304      14.01000022888184     -0.347900003194809
 13305      1.008000016212463     0.2746999859809875
 13306      12.01000022888184     -0.239999994635582
 13307      1.008000016212463     0.1425999999046326
 13308      12.01000022888184  -0.009399999864399433
 13309      1.008000016212463    0.03620000183582306
 13310      1.008000016212463    0.03620000183582306
 13311      12.01000022888184     0.0186999998986721
 13312      1.008000016212463    0.01030000019818544
 13313      1.008000016212463    0.01030000019818544
 13314      12.01000022888184    -0.0478999987244606
 13315      1.008000016212463    0.06210000067949295
 13316      1.008000016212463    0.06210000067949295
 13317      12.01000022888184   -0.01429999992251396
 13318      1.008000016212463     0.1134999990463257
 13319      1.008000016212463     0.1134999990463257
 13320      14.01000022888184    -0.3853999972343445
 13321      1.008000016212463     0.3400000035762787
 13322      1.008000016212463     0.3400000035762787
 13323      1.008000016212463     0.3400000035762787
 13324      12.01000022888184     0.7340999841690063
 13325                     16    -0.5893999934196472
 13326      14.01000022888184    -0.4156999886035919
 13327      1.008000016212463     0.2718999981880188
 13328      12.01000022888184   -0.02520000003278255
 13329      1.008000016212463     0.0697999969124794
 13330      1.008000016212463     0.0697999969124794
 13331      12.01000022888184     0.5972999930381775
 13332                     16    -0.5679000020027161
 13333      14.01000022888184    -0.4156999886035919
 13334      1.008000016212463     0.2718999981880188
 13335      12.01000022888184   -0.05180000141263008
 13336      1.008000016212463    0.09220000356435776
 13337      12.01000022888184    -0.1102000027894974
 13338      1.008000016212463    0.04569999873638153
 13339      1.008000016212463    0.04569999873638153
 13340      12.01000022888184     0.3531000018119812
 13341      1.008000016212463   -0.03610000014305115
 13342      12.01000022888184    -0.4120999872684479
 13343      1.008000016212463     0.1000000014901161
 13344      1.008000016212463     0.1000000014901161
 13345      1.008000016212463     0.1000000014901161
 13346      12.01000022888184    -0.4120999872684479
 13347      1.008000016212463     0.1000000014901161
 13348      1.008000016212463     0.1000000014901161
 13349      1.008000016212463     0.1000000014901161
 13350      12.01000022888184     0.5972999930381775
 13351                     16    -0.5679000020027161
 13352      14.01000022888184    -0.4156999886035919
 13353      1.008000016212463     0.2718999981880188
 13354      12.01000022888184  -0.003100000089034438
 13355      1.008000016212463    0.08500000089406967
 13356      12.01000022888184  -0.003599999938160181
 13357      1.008000016212463    0.01710000075399876
 13358      1.008000016212463    0.01710000075399876
 13359      12.01000022888184   -0.06449999660253525
 13360      1.008000016212463    0.03519999980926514
 13361      1.008000016212463    0.03519999980926514
 13362      12.01000022888184     0.6951000094413757
 13363                     16    -0.6086000204086304
 13364      14.01000022888184    -0.9406999945640564
 13365      1.008000016212463     0.4250999987125397
 13366      1.008000016212463     0.4250999987125397
 13367      12.01000022888184     0.5972999930381775
 13368                     16    -0.5679000020027161
 13369      14.01000022888184    -0.4156999886035919
 13370      1.008000016212463     0.2718999981880188
 13371      12.01000022888184    0.03370000049471855
 13372      1.008000016212463    0.08229999989271164
 13373      12.01000022888184    -0.1825000047683716
 13374      1.008000016212463    0.06030000001192093
 13375      1.008000016212463    0.06030000001192093
 13376      1.008000016212463    0.06030000001192093
 13377      12.01000022888184     0.5972999930381775
 13378                     16    -0.5679000020027161
 13379      14.01000022888184    -0.4156999886035919
 13380      1.008000016212463     0.2718999981880188
 13381      12.01000022888184   -0.00139999995008111
 13382      1.008000016212463    0.08760000020265579
 13383      12.01000022888184   -0.01520000025629997
 13384      1.008000016212463    0.02950000017881393
 13385      1.008000016212463    0.02950000017881393
 13386      12.01000022888184  -0.001099999994039536
 13387      12.01000022888184    -0.1905999928712845
 13388      1.008000016212463     0.1699000000953674
 13389      12.01000022888184    -0.2340999990701675
 13390      1.008000016212463     0.1656000018119812
 13391      12.01000022888184     0.3226000070571899
 13392                     16    -0.5579000115394592
 13393      1.008000016212463     0.3991999924182892
 13394      12.01000022888184    -0.2340999990701675
 13395      1.008000016212463     0.1656000018119812
 13396      12.01000022888184    -0.1905999928712845
 13397      1.008000016212463     0.1699000000953674
 13398      12.01000022888184     0.5972999930381775
 13399                     16    -0.5679000020027161
 13400      14.01000022888184    -0.4156999886035919
 13401      1.008000016212463     0.2718999981880188
 13402      12.01000022888184   -0.05970000103116035
 13403      1.008000016212463     0.0869000032544136
 13404      12.01000022888184     0.1303000003099442
 13405      1.008000016212463     0.0186999998986721
 13406      12.01000022888184    -0.3203999996185303
 13407      1.008000016212463    0.08820000290870667
 13408      1.008000016212463    0.08820000290870667
 13409      1.008000016212463    0.08820000290870667
 13410      12.01000022888184    -0.0430000014603138
 13411      1.008000016212463    0.02360000088810921
 13412      1.008000016212463    0.02360000088810921
 13413      12.01000022888184   -0.06599999964237213
 13414      1.008000016212463    0.01860000006854534
 13415      1.008000016212463    0.01860000006854534
 13416      1.008000016212463    0.01860000006854534
 13417      12.01000022888184     0.5972999930381775
 13418                     16    -0.5679000020027161
 13419      14.01000022888184     -0.347900003194809
 13420      1.008000016212463     0.2746999859809875
 13421      12.01000022888184     -0.263700008392334
 13422      1.008000016212463     0.1560000032186508
 13423      12.01000022888184  -0.000699999975040555
 13424      1.008000016212463    0.03269999846816063
 13425      1.008000016212463    0.03269999846816063
 13426      12.01000022888184     0.0390000008046627
 13427      1.008000016212463    0.02850000001490116
 13428      1.008000016212463    0.02850000001490116
 13429      12.01000022888184    0.04859999939799309
 13430      1.008000016212463    0.06870000064373016
 13431      1.008000016212463    0.06870000064373016
 13432      14.01000022888184    -0.5295000076293945
 13433      1.008000016212463     0.3456000089645386
 13434      12.01000022888184     0.8076000213623047
 13435      14.01000022888184    -0.8626999855041504
 13436      1.008000016212463     0.4478000104427338
 13437      1.008000016212463     0.4478000104427338
 13438      14.01000022888184    -0.8626999855041504
 13439      1.008000016212463     0.4478000104427338
 13440      1.008000016212463     0.4478000104427338
 13441      12.01000022888184     0.7340999841690063
 13442                     16    -0.5893999934196472
 13443      14.01000022888184     -0.347900003194809
 13444      1.008000016212463     0.2746999859809875
 13445      12.01000022888184     -0.239999994635582
 13446      1.008000016212463     0.1425999999046326
 13447      12.01000022888184  -0.009399999864399433
 13448      1.008000016212463    0.03620000183582306
 13449      1.008000016212463    0.03620000183582306
 13450      12.01000022888184     0.0186999998986721
 13451      1.008000016212463    0.01030000019818544
 13452      1.008000016212463    0.01030000019818544
 13453      12.01000022888184    -0.0478999987244606
 13454      1.008000016212463    0.06210000067949295
 13455      1.008000016212463    0.06210000067949295
 13456      12.01000022888184   -0.01429999992251396
 13457      1.008000016212463     0.1134999990463257
 13458      1.008000016212463     0.1134999990463257
 13459      14.01000022888184    -0.3853999972343445
 13460      1.008000016212463     0.3400000035762787
 13461      1.008000016212463     0.3400000035762787
 13462      1.008000016212463     0.3400000035762787
 13463      12.01000022888184     0.7340999841690063
 13464                     16    -0.5893999934196472
 13465      14.01000022888184    -0.4156999886035919
 13466      1.008000016212463     0.2718999981880188
 13467      12.01000022888184    0.01879999972879887
 13468      1.008000016212463    0.08810000121593475
 13469      12.01000022888184   -0.04619999974966049
 13470      1.008000016212463    0.04019999876618385
 13471      1.008000016212463    0.04019999876618385
 13472      12.01000022888184   -0.02659999951720238
 13473      14.01000022888184    -0.3810999989509583
 13474      1.008000016212463     0.3648999929428101
 13475      12.01000022888184     0.2056999951601028
 13476      1.008000016212463     0.1392000019550323
 13477      14.01000022888184     -0.572700023651123
 13478      12.01000022888184     0.1291999965906143
 13479      1.008000016212463     0.1146999970078468
 13480      12.01000022888184     0.5972999930381775
 13481                     16    -0.5679000020027161
 13482      14.01000022888184    -0.4156999886035919
 13483      1.008000016212463     0.2718999981880188
 13484      12.01000022888184   -0.08749999850988388
 13485      1.008000016212463    0.09690000116825104
 13486      12.01000022888184     0.2985000014305115
 13487      1.008000016212463   -0.02969999983906746
 13488      12.01000022888184    -0.3192000091075897
 13489      1.008000016212463    0.07909999787807465
 13490      1.008000016212463    0.07909999787807465
 13491      1.008000016212463    0.07909999787807465
 13492      12.01000022888184    -0.3192000091075897
 13493      1.008000016212463    0.07909999787807465
 13494      1.008000016212463    0.07909999787807465
 13495      1.008000016212463    0.07909999787807465
 13496      12.01000022888184     0.5972999930381775
 13497                     16    -0.5679000020027161
 13498      14.01000022888184    -0.4156999886035919
 13499      1.008000016212463     0.2718999981880188
 13500      12.01000022888184  -0.003100000089034438
 13501      1.008000016212463    0.08500000089406967
 13502      12.01000022888184  -0.003599999938160181
 13503      1.008000016212463    0.01710000075399876
 13504      1.008000016212463    0.01710000075399876
 13505      12.01000022888184   -0.06449999660253525
 13506      1.008000016212463    0.03519999980926514
 13507      1.008000016212463    0.03519999980926514
 13508      12.01000022888184     0.6951000094413757
 13509                     16    -0.6086000204086304
 13510      14.01000022888184    -0.9406999945640564
 13511      1.008000016212463     0.4250999987125397
 13512      1.008000016212463     0.4250999987125397
 13513      12.01000022888184     0.5972999930381775
 13514                     16    -0.5679000020027161
 13515      14.01000022888184    -0.4156999886035919
 13516      1.008000016212463     0.2718999981880188
 13517      12.01000022888184   -0.05180000141263008
 13518      1.008000016212463    0.09220000356435776
 13519      12.01000022888184    -0.1102000027894974
 13520      1.008000016212463    0.04569999873638153
 13521      1.008000016212463    0.04569999873638153
 13522      12.01000022888184     0.3531000018119812
 13523      1.008000016212463   -0.03610000014305115
 13524      12.01000022888184    -0.4120999872684479
 13525      1.008000016212463     0.1000000014901161
 13526      1.008000016212463     0.1000000014901161
 13527      1.008000016212463     0.1000000014901161
 13528      12.01000022888184    -0.4120999872684479
 13529      1.008000016212463     0.1000000014901161
 13530      1.008000016212463     0.1000000014901161
 13531      1.008000016212463     0.1000000014901161
 13532      12.01000022888184     0.5972999930381775
 13533                     16    -0.5679000020027161
 13534      14.01000022888184    -0.4156999886035919
 13535      1.008000016212463     0.2718999981880188
 13536      12.01000022888184   -0.02490000054240227
 13537      1.008000016212463    0.08429999649524689
 13538      12.01000022888184     0.2117000073194504
 13539      1.008000016212463    0.03519999980926514
 13540      1.008000016212463    0.03519999980926514
 13541                     16    -0.6546000242233276
 13542      1.008000016212463     0.4275000095367432
 13543      12.01000022888184     0.5972999930381775
 13544                     16    -0.5679000020027161
 13545      14.01000022888184    -0.4156999886035919
 13546      1.008000016212463     0.2718999981880188
 13547      12.01000022888184   -0.05810000002384186
 13548      1.008000016212463      0.136000007390976
 13549      12.01000022888184  -0.007400000002235174
 13550      1.008000016212463    0.03669999912381172
 13551      1.008000016212463    0.03669999912381172
 13552      12.01000022888184     0.1868000030517578
 13553      14.01000022888184    -0.5432000160217285
 13554      12.01000022888184     0.1634999960660934
 13555      1.008000016212463     0.1435000002384186
 13556      14.01000022888184    -0.2795000076293945
 13557      1.008000016212463     0.3339000046253204
 13558      12.01000022888184    -0.2206999957561493
 13559      1.008000016212463     0.1861999928951263
 13560      12.01000022888184     0.5972999930381775
 13561                     16    -0.5679000020027161
 13562      14.01000022888184    -0.5163000226020813
 13563      1.008000016212463     0.2935999929904938
 13564      12.01000022888184    0.03970000147819519
 13565      1.008000016212463     0.1105000004172325
 13566      12.01000022888184     0.0560000017285347
 13567      1.008000016212463   -0.01730000041425228
 13568      1.008000016212463   -0.01730000041425228
 13569      12.01000022888184    0.01360000018030405
 13570      1.008000016212463   -0.04250000044703484
 13571      1.008000016212463   -0.04250000044703484
 13572      12.01000022888184      0.805400013923645
 13573                     16    -0.8187999725341797
 13574                     16    -0.8187999725341797
 13575      12.01000022888184     0.5365999937057495
 13576                     16    -0.5819000005722046
 13577      14.01000022888184    -0.4156999886035919
 13578      1.008000016212463     0.2718999981880188
 13579      12.01000022888184  -0.002400000113993883
 13580      1.008000016212463    0.09780000150203705
 13581      12.01000022888184   -0.03429999947547913
 13582      1.008000016212463    0.02950000017881393
 13583      1.008000016212463    0.02950000017881393
 13584      12.01000022888184     0.0118000004440546
 13585      12.01000022888184    -0.1255999952554703
 13586      1.008000016212463     0.1330000013113022
 13587      12.01000022888184    -0.1703999936580658
 13588      1.008000016212463     0.1430000066757202
 13589      12.01000022888184    -0.1071999967098236
 13590      1.008000016212463     0.1297000050544739
 13591      12.01000022888184    -0.1703999936580658
 13592      1.008000016212463     0.1430000066757202
 13593      12.01000022888184    -0.1255999952554703
 13594      1.008000016212463     0.1330000013113022
 13595      12.01000022888184     0.5972999930381775
 13596                     16    -0.5679000020027161
 13597      14.01000022888184    -0.5163000226020813
 13598      1.008000016212463     0.2935999929904938
 13599      12.01000022888184    0.03970000147819519
 13600      1.008000016212463     0.1105000004172325
 13601      12.01000022888184     0.0560000017285347
 13602      1.008000016212463   -0.01730000041425228
 13603      1.008000016212463   -0.01730000041425228
 13604      12.01000022888184    0.01360000018030405
 13605      1.008000016212463   -0.04250000044703484
 13606      1.008000016212463   -0.04250000044703484
 13607      12.01000022888184      0.805400013923645
 13608                     16    -0.8187999725341797
 13609                     16    -0.8187999725341797
 13610      12.01000022888184     0.5365999937057495
 13611                     16    -0.5819000005722046
 13612      14.01000022888184    -0.4156999886035919
 13613      1.008000016212463     0.2718999981880188
 13614      12.01000022888184   -0.02490000054240227
 13615      1.008000016212463    0.08429999649524689
 13616      12.01000022888184     0.2117000073194504
 13617      1.008000016212463    0.03519999980926514
 13618      1.008000016212463    0.03519999980926514
 13619                     16    -0.6546000242233276
 13620      1.008000016212463     0.4275000095367432
 13621      12.01000022888184     0.5972999930381775
 13622                     16    -0.5679000020027161
 13623      14.01000022888184    -0.4156999886035919
 13624      1.008000016212463     0.2718999981880188
 13625      12.01000022888184   -0.05180000141263008
 13626      1.008000016212463    0.09220000356435776
 13627      12.01000022888184    -0.1102000027894974
 13628      1.008000016212463    0.04569999873638153
 13629      1.008000016212463    0.04569999873638153
 13630      12.01000022888184     0.3531000018119812
 13631      1.008000016212463   -0.03610000014305115
 13632      12.01000022888184    -0.4120999872684479
 13633      1.008000016212463     0.1000000014901161
 13634      1.008000016212463     0.1000000014901161
 13635      1.008000016212463     0.1000000014901161
 13636      12.01000022888184    -0.4120999872684479
 13637      1.008000016212463     0.1000000014901161
 13638      1.008000016212463     0.1000000014901161
 13639      1.008000016212463     0.1000000014901161
 13640      12.01000022888184     0.5972999930381775
 13641                     16    -0.5679000020027161
 13642      14.01000022888184    -0.4156999886035919
 13643      1.008000016212463     0.2718999981880188
 13644      12.01000022888184   -0.08749999850988388
 13645      1.008000016212463    0.09690000116825104
 13646      12.01000022888184     0.2985000014305115
 13647      1.008000016212463   -0.02969999983906746
 13648      12.01000022888184    -0.3192000091075897
 13649      1.008000016212463    0.07909999787807465
 13650      1.008000016212463    0.07909999787807465
 13651      1.008000016212463    0.07909999787807465
 13652      12.01000022888184    -0.3192000091075897
 13653      1.008000016212463    0.07909999787807465
 13654      1.008000016212463    0.07909999787807465
 13655      1.008000016212463    0.07909999787807465
 13656      12.01000022888184     0.5972999930381775
 13657                     16    -0.5679000020027161
 13658      14.01000022888184     -0.347900003194809
 13659      1.008000016212463     0.2746999859809875
 13660      12.01000022888184     -0.263700008392334
 13661      1.008000016212463     0.1560000032186508
 13662      12.01000022888184  -0.000699999975040555
 13663      1.008000016212463    0.03269999846816063
 13664      1.008000016212463    0.03269999846816063
 13665      12.01000022888184     0.0390000008046627
 13666      1.008000016212463    0.02850000001490116
 13667      1.008000016212463    0.02850000001490116
 13668      12.01000022888184    0.04859999939799309
 13669      1.008000016212463    0.06870000064373016
 13670      1.008000016212463    0.06870000064373016
 13671      14.01000022888184    -0.5295000076293945
 13672      1.008000016212463     0.3456000089645386
 13673      12.01000022888184     0.8076000213623047
 13674      14.01000022888184    -0.8626999855041504
 13675      1.008000016212463     0.4478000104427338
 13676      1.008000016212463     0.4478000104427338
 13677      14.01000022888184    -0.8626999855041504
 13678      1.008000016212463     0.4478000104427338
 13679      1.008000016212463     0.4478000104427338
 13680      12.01000022888184     0.7340999841690063
 13681                     16    -0.5893999934196472
 13682      14.01000022888184    -0.4156999886035919
 13683      1.008000016212463     0.2718999981880188
 13684      12.01000022888184  -0.003100000089034438
 13685      1.008000016212463    0.08500000089406967
 13686      12.01000022888184  -0.003599999938160181
 13687      1.008000016212463    0.01710000075399876
 13688      1.008000016212463    0.01710000075399876
 13689      12.01000022888184   -0.06449999660253525
 13690      1.008000016212463    0.03519999980926514
 13691      1.008000016212463    0.03519999980926514
 13692      12.01000022888184     0.6951000094413757
 13693                     16    -0.6086000204086304
 13694      14.01000022888184    -0.9406999945640564
 13695      1.008000016212463     0.4250999987125397
 13696      1.008000016212463     0.4250999987125397
 13697      12.01000022888184     0.5972999930381775
 13698                     16    -0.5679000020027161
 13699      14.01000022888184    -0.5163000226020813
 13700      1.008000016212463     0.2935999929904938
 13701      12.01000022888184    0.03810000047087669
 13702      1.008000016212463    0.08799999952316284
 13703      12.01000022888184   -0.03030000068247318
 13704      1.008000016212463   -0.01219999976456165
 13705      1.008000016212463   -0.01219999976456165
 13706      12.01000022888184     0.7993999719619751
 13707                     16    -0.8014000058174133
 13708                     16    -0.8014000058174133
 13709      12.01000022888184     0.5365999937057495
 13710                     16    -0.5819000005722046
 13711      14.01000022888184    -0.2547999918460846
 13712      12.01000022888184    0.01920000091195107
 13713      1.008000016212463    0.03909999877214432
 13714      1.008000016212463    0.03909999877214432
 13715      12.01000022888184    0.01889999955892563
 13716      1.008000016212463    0.02129999920725822
 13717      1.008000016212463    0.02129999920725822
 13718      12.01000022888184  -0.007000000216066837
 13719      1.008000016212463    0.02529999986290932
 13720      1.008000016212463    0.02529999986290932
 13721      12.01000022888184   -0.02659999951720238
 13722      1.008000016212463     0.0640999972820282
 13723      12.01000022888184     0.5896000266075134
 13724                     16    -0.5748000144958496
 13725      14.01000022888184     -0.347900003194809
 13726      1.008000016212463     0.2746999859809875
 13727      12.01000022888184     -0.263700008392334
 13728      1.008000016212463     0.1560000032186508
 13729      12.01000022888184  -0.000699999975040555
 13730      1.008000016212463    0.03269999846816063
 13731      1.008000016212463    0.03269999846816063
 13732      12.01000022888184     0.0390000008046627
 13733      1.008000016212463    0.02850000001490116
 13734      1.008000016212463    0.02850000001490116
 13735      12.01000022888184    0.04859999939799309
 13736      1.008000016212463    0.06870000064373016
 13737      1.008000016212463    0.06870000064373016
 13738      14.01000022888184    -0.5295000076293945
 13739      1.008000016212463     0.3456000089645386
 13740      12.01000022888184     0.8076000213623047
 13741      14.01000022888184    -0.8626999855041504
 13742      1.008000016212463     0.4478000104427338
 13743      1.008000016212463     0.4478000104427338
 13744      14.01000022888184    -0.8626999855041504
 13745      1.008000016212463     0.4478000104427338
 13746      1.008000016212463     0.4478000104427338
 13747      12.01000022888184     0.7340999841690063
 13748                     16    -0.5893999934196472
 13749      14.01000022888184    -0.4156999886035919
 13750      1.008000016212463     0.2718999981880188
 13751      12.01000022888184  -0.002400000113993883
 13752      1.008000016212463    0.09780000150203705
 13753      12.01000022888184   -0.03429999947547913
 13754      1.008000016212463    0.02950000017881393
 13755      1.008000016212463    0.02950000017881393
 13756      12.01000022888184     0.0118000004440546
 13757      12.01000022888184    -0.1255999952554703
 13758      1.008000016212463     0.1330000013113022
 13759      12.01000022888184    -0.1703999936580658
 13760      1.008000016212463     0.1430000066757202
 13761      12.01000022888184    -0.1071999967098236
 13762      1.008000016212463     0.1297000050544739
 13763      12.01000022888184    -0.1703999936580658
 13764      1.008000016212463     0.1430000066757202
 13765      12.01000022888184    -0.1255999952554703
 13766      1.008000016212463     0.1330000013113022
 13767      12.01000022888184     0.5972999930381775
 13768                     16    -0.5679000020027161
 13769      14.01000022888184    -0.5163000226020813
 13770      1.008000016212463     0.2935999929904938
 13771      12.01000022888184    0.03970000147819519
 13772      1.008000016212463     0.1105000004172325
 13773      12.01000022888184     0.0560000017285347
 13774      1.008000016212463   -0.01730000041425228
 13775      1.008000016212463   -0.01730000041425228
 13776      12.01000022888184    0.01360000018030405
 13777      1.008000016212463   -0.04250000044703484
 13778      1.008000016212463   -0.04250000044703484
 13779      12.01000022888184      0.805400013923645
 13780                     16    -0.8187999725341797
 13781                     16    -0.8187999725341797
 13782      12.01000022888184     0.5365999937057495
 13783                     16    -0.5819000005722046
 13784      14.01000022888184    -0.4156999886035919
 13785      1.008000016212463     0.2718999981880188
 13786      12.01000022888184   -0.05970000103116035
 13787      1.008000016212463     0.0869000032544136
 13788      12.01000022888184     0.1303000003099442
 13789      1.008000016212463     0.0186999998986721
 13790      12.01000022888184    -0.3203999996185303
 13791      1.008000016212463    0.08820000290870667
 13792      1.008000016212463    0.08820000290870667
 13793      1.008000016212463    0.08820000290870667
 13794      12.01000022888184    -0.0430000014603138
 13795      1.008000016212463    0.02360000088810921
 13796      1.008000016212463    0.02360000088810921
 13797      12.01000022888184   -0.06599999964237213
 13798      1.008000016212463    0.01860000006854534
 13799      1.008000016212463    0.01860000006854534
 13800      1.008000016212463    0.01860000006854534
 13801      12.01000022888184     0.5972999930381775
 13802                     16    -0.5679000020027161
 13803      14.01000022888184    -0.4156999886035919
 13804      1.008000016212463     0.2718999981880188
 13805      12.01000022888184    0.02129999920725822
 13806      1.008000016212463     0.1124000027775764
 13807      12.01000022888184    -0.1230999976396561
 13808      1.008000016212463     0.1111999973654747
 13809      1.008000016212463     0.1111999973654747
 13810      32.06000137329102    -0.3118999898433685
 13811      1.008000016212463     0.1932999938726425
 13812      12.01000022888184     0.5972999930381775
 13813                     16    -0.5679000020027161
 13814      14.01000022888184    -0.4156999886035919
 13815      1.008000016212463     0.2718999981880188
 13816      12.01000022888184   -0.08749999850988388
 13817      1.008000016212463    0.09690000116825104
 13818      12.01000022888184     0.2985000014305115
 13819      1.008000016212463   -0.02969999983906746
 13820      12.01000022888184    -0.3192000091075897
 13821      1.008000016212463    0.07909999787807465
 13822      1.008000016212463    0.07909999787807465
 13823      1.008000016212463    0.07909999787807465
 13824      12.01000022888184    -0.3192000091075897
 13825      1.008000016212463    0.07909999787807465
 13826      1.008000016212463    0.07909999787807465
 13827      1.008000016212463    0.07909999787807465
 13828      12.01000022888184     0.5972999930381775
 13829                     16    -0.5679000020027161
 13830      14.01000022888184    -0.5163000226020813
 13831      1.008000016212463     0.2935999929904938
 13832      12.01000022888184    0.03970000147819519
 13833      1.008000016212463     0.1105000004172325
 13834      12.01000022888184     0.0560000017285347
 13835      1.008000016212463   -0.01730000041425228
 13836      1.008000016212463   -0.01730000041425228
 13837      12.01000022888184    0.01360000018030405
 13838      1.008000016212463   -0.04250000044703484
 13839      1.008000016212463   -0.04250000044703484
 13840      12.01000022888184      0.805400013923645
 13841                     16    -0.8187999725341797
 13842                     16    -0.8187999725341797
 13843      12.01000022888184     0.5365999937057495
 13844                     16    -0.5819000005722046
 13845      14.01000022888184    -0.4156999886035919
 13846      1.008000016212463     0.2718999981880188
 13847      12.01000022888184   -0.08749999850988388
 13848      1.008000016212463    0.09690000116825104
 13849      12.01000022888184     0.2985000014305115
 13850      1.008000016212463   -0.02969999983906746
 13851      12.01000022888184    -0.3192000091075897
 13852      1.008000016212463    0.07909999787807465
 13853      1.008000016212463    0.07909999787807465
 13854      1.008000016212463    0.07909999787807465
 13855      12.01000022888184    -0.3192000091075897
 13856      1.008000016212463    0.07909999787807465
 13857      1.008000016212463    0.07909999787807465
 13858      1.008000016212463    0.07909999787807465
 13859      12.01000022888184     0.5972999930381775
 13860                     16    -0.5679000020027161
 13861      14.01000022888184    -0.4156999886035919
 13862      1.008000016212463     0.2718999981880188
 13863      12.01000022888184   -0.05970000103116035
 13864      1.008000016212463     0.0869000032544136
 13865      12.01000022888184     0.1303000003099442
 13866      1.008000016212463     0.0186999998986721
 13867      12.01000022888184    -0.3203999996185303
 13868      1.008000016212463    0.08820000290870667
 13869      1.008000016212463    0.08820000290870667
 13870      1.008000016212463    0.08820000290870667
 13871      12.01000022888184    -0.0430000014603138
 13872      1.008000016212463    0.02360000088810921
 13873      1.008000016212463    0.02360000088810921
 13874      12.01000022888184   -0.06599999964237213
 13875      1.008000016212463    0.01860000006854534
 13876      1.008000016212463    0.01860000006854534
 13877      1.008000016212463    0.01860000006854534
 13878      12.01000022888184     0.5972999930381775
 13879                     16    -0.5679000020027161
 13880      14.01000022888184    -0.4156999886035919
 13881      1.008000016212463     0.2718999981880188
 13882      12.01000022888184   -0.05180000141263008
 13883      1.008000016212463    0.09220000356435776
 13884      12.01000022888184    -0.1102000027894974
 13885      1.008000016212463    0.04569999873638153
 13886      1.008000016212463    0.04569999873638153
 13887      12.01000022888184     0.3531000018119812
 13888      1.008000016212463   -0.03610000014305115
 13889      12.01000022888184    -0.4120999872684479
 13890      1.008000016212463     0.1000000014901161
 13891      1.008000016212463     0.1000000014901161
 13892      1.008000016212463     0.1000000014901161
 13893      12.01000022888184    -0.4120999872684479
 13894      1.008000016212463     0.1000000014901161
 13895      1.008000016212463     0.1000000014901161
 13896      1.008000016212463     0.1000000014901161
 13897      12.01000022888184     0.5972999930381775
 13898                     16    -0.5679000020027161
 13899      14.01000022888184    -0.4156999886035919
 13900      1.008000016212463     0.2718999981880188
 13901      12.01000022888184   -0.02520000003278255
 13902      1.008000016212463     0.0697999969124794
 13903      1.008000016212463     0.0697999969124794
 13904      12.01000022888184     0.5972999930381775
 13905                     16    -0.5679000020027161
 13906      14.01000022888184    -0.4156999886035919
 13907      1.008000016212463     0.2718999981880188
 13908      12.01000022888184   -0.05180000141263008
 13909      1.008000016212463    0.09220000356435776
 13910      12.01000022888184    -0.1102000027894974
 13911      1.008000016212463    0.04569999873638153
 13912      1.008000016212463    0.04569999873638153
 13913      12.01000022888184     0.3531000018119812
 13914      1.008000016212463   -0.03610000014305115
 13915      12.01000022888184    -0.4120999872684479
 13916      1.008000016212463     0.1000000014901161
 13917      1.008000016212463     0.1000000014901161
 13918      1.008000016212463     0.1000000014901161
 13919      12.01000022888184    -0.4120999872684479
 13920      1.008000016212463     0.1000000014901161
 13921      1.008000016212463     0.1000000014901161
 13922      1.008000016212463     0.1000000014901161
 13923      12.01000022888184     0.5972999930381775
 13924                     16    -0.5679000020027161
 13925      14.01000022888184    -0.4156999886035919
 13926      1.008000016212463     0.2718999981880188
 13927      12.01000022888184   -0.08749999850988388
 13928      1.008000016212463    0.09690000116825104
 13929      12.01000022888184     0.2985000014305115
 13930      1.008000016212463   -0.02969999983906746
 13931      12.01000022888184    -0.3192000091075897
 13932      1.008000016212463    0.07909999787807465
 13933      1.008000016212463    0.07909999787807465
 13934      1.008000016212463    0.07909999787807465
 13935      12.01000022888184    -0.3192000091075897
 13936      1.008000016212463    0.07909999787807465
 13937      1.008000016212463    0.07909999787807465
 13938      1.008000016212463    0.07909999787807465
 13939      12.01000022888184     0.5972999930381775
 13940                     16    -0.5679000020027161
 13941      14.01000022888184    -0.4156999886035919
 13942      1.008000016212463     0.2718999981880188
 13943      12.01000022888184    0.02129999920725822
 13944      1.008000016212463     0.1124000027775764
 13945      12.01000022888184    -0.1230999976396561
 13946      1.008000016212463     0.1111999973654747
 13947      1.008000016212463     0.1111999973654747
 13948      32.06000137329102    -0.3118999898433685
 13949      1.008000016212463     0.1932999938726425
 13950      12.01000022888184     0.5972999930381775
 13951                     16    -0.5679000020027161
 13952      14.01000022888184    -0.4156999886035919
 13953      1.008000016212463     0.2718999981880188
 13954      12.01000022888184  -0.002400000113993883
 13955      1.008000016212463    0.09780000150203705
 13956      12.01000022888184   -0.03429999947547913
 13957      1.008000016212463    0.02950000017881393
 13958      1.008000016212463    0.02950000017881393
 13959      12.01000022888184     0.0118000004440546
 13960      12.01000022888184    -0.1255999952554703
 13961      1.008000016212463     0.1330000013113022
 13962      12.01000022888184    -0.1703999936580658
 13963      1.008000016212463     0.1430000066757202
 13964      12.01000022888184    -0.1071999967098236
 13965      1.008000016212463     0.1297000050544739
 13966      12.01000022888184    -0.1703999936580658
 13967      1.008000016212463     0.1430000066757202
 13968      12.01000022888184    -0.1255999952554703
 13969      1.008000016212463     0.1330000013113022
 13970      12.01000022888184     0.5972999930381775
 13971                     16    -0.5679000020027161
 13972      14.01000022888184     -0.347900003194809
 13973      1.008000016212463     0.2746999859809875
 13974      12.01000022888184     -0.263700008392334
 13975      1.008000016212463     0.1560000032186508
 13976      12.01000022888184  -0.000699999975040555
 13977      1.008000016212463    0.03269999846816063
 13978      1.008000016212463    0.03269999846816063
 13979      12.01000022888184     0.0390000008046627
 13980      1.008000016212463    0.02850000001490116
 13981      1.008000016212463    0.02850000001490116
 13982      12.01000022888184    0.04859999939799309
 13983      1.008000016212463    0.06870000064373016
 13984      1.008000016212463    0.06870000064373016
 13985      14.01000022888184    -0.5295000076293945
 13986      1.008000016212463     0.3456000089645386
 13987      12.01000022888184     0.8076000213623047
 13988      14.01000022888184    -0.8626999855041504
 13989      1.008000016212463     0.4478000104427338
 13990      1.008000016212463     0.4478000104427338
 13991      14.01000022888184    -0.8626999855041504
 13992      1.008000016212463     0.4478000104427338
 13993      1.008000016212463     0.4478000104427338
 13994      12.01000022888184     0.7340999841690063
 13995                     16    -0.5893999934196472
 13996      14.01000022888184    -0.4156999886035919
 13997      1.008000016212463     0.2718999981880188
 13998      12.01000022888184   -0.05180000141263008
 13999      1.008000016212463    0.09220000356435776
 14000      12.01000022888184    -0.1102000027894974
 14001      1.008000016212463    0.04569999873638153
 14002      1.008000016212463    0.04569999873638153
 14003      12.01000022888184     0.3531000018119812
 14004      1.008000016212463   -0.03610000014305115
 14005      12.01000022888184    -0.4120999872684479
 14006      1.008000016212463     0.1000000014901161
 14007      1.008000016212463     0.1000000014901161
 14008      1.008000016212463     0.1000000014901161
 14009      12.01000022888184    -0.4120999872684479
 14010      1.008000016212463     0.1000000014901161
 14011      1.008000016212463     0.1000000014901161
 14012      1.008000016212463     0.1000000014901161
 14013      12.01000022888184     0.5972999930381775
 14014                     16    -0.5679000020027161
 14015      14.01000022888184     -0.347900003194809
 14016      1.008000016212463     0.2746999859809875
 14017      12.01000022888184     -0.239999994635582
 14018      1.008000016212463     0.1425999999046326
 14019      12.01000022888184  -0.009399999864399433
 14020      1.008000016212463    0.03620000183582306
 14021      1.008000016212463    0.03620000183582306
 14022      12.01000022888184     0.0186999998986721
 14023      1.008000016212463    0.01030000019818544
 14024      1.008000016212463    0.01030000019818544
 14025      12.01000022888184    -0.0478999987244606
 14026      1.008000016212463    0.06210000067949295
 14027      1.008000016212463    0.06210000067949295
 14028      12.01000022888184   -0.01429999992251396
 14029      1.008000016212463     0.1134999990463257
 14030      1.008000016212463     0.1134999990463257
 14031      14.01000022888184    -0.3853999972343445
 14032      1.008000016212463     0.3400000035762787
 14033      1.008000016212463     0.3400000035762787
 14034      1.008000016212463     0.3400000035762787
 14035      12.01000022888184     0.7340999841690063
 14036                     16    -0.5893999934196472
 14037      14.01000022888184    -0.4156999886035919
 14038      1.008000016212463     0.2718999981880188
 14039      12.01000022888184   -0.02520000003278255
 14040      1.008000016212463     0.0697999969124794
 14041      1.008000016212463     0.0697999969124794
 14042      12.01000022888184     0.5972999930381775
 14043                     16    -0.5679000020027161
 14044      14.01000022888184    -0.4156999886035919
 14045      1.008000016212463     0.2718999981880188
 14046      12.01000022888184   -0.02490000054240227
 14047      1.008000016212463    0.08429999649524689
 14048      12.01000022888184     0.2117000073194504
 14049      1.008000016212463    0.03519999980926514
 14050      1.008000016212463    0.03519999980926514
 14051                     16    -0.6546000242233276
 14052      1.008000016212463     0.4275000095367432
 14053      12.01000022888184     0.5972999930381775
 14054                     16    -0.5679000020027161
 14055      14.01000022888184    -0.4156999886035919
 14056      1.008000016212463     0.2718999981880188
 14057      12.01000022888184    0.01429999992251396
 14058      1.008000016212463     0.1048000007867813
 14059      12.01000022888184    -0.2040999978780746
 14060      1.008000016212463    0.07970000058412552
 14061      1.008000016212463    0.07970000058412552
 14062      12.01000022888184     0.7129999995231628
 14063                     16    -0.5931000113487244
 14064      14.01000022888184    -0.9190999865531921
 14065      1.008000016212463     0.4196000099182129
 14066      1.008000016212463     0.4196000099182129
 14067      12.01000022888184     0.5972999930381775
 14068                     16    -0.5679000020027161
 14069      14.01000022888184     -0.347900003194809
 14070      1.008000016212463     0.2746999859809875
 14071      12.01000022888184     -0.239999994635582
 14072      1.008000016212463     0.1425999999046326
 14073      12.01000022888184  -0.009399999864399433
 14074      1.008000016212463    0.03620000183582306
 14075      1.008000016212463    0.03620000183582306
 14076      12.01000022888184     0.0186999998986721
 14077      1.008000016212463    0.01030000019818544
 14078      1.008000016212463    0.01030000019818544
 14079      12.01000022888184    -0.0478999987244606
 14080      1.008000016212463    0.06210000067949295
 14081      1.008000016212463    0.06210000067949295
 14082      12.01000022888184   -0.01429999992251396
 14083      1.008000016212463     0.1134999990463257
 14084      1.008000016212463     0.1134999990463257
 14085      14.01000022888184    -0.3853999972343445
 14086      1.008000016212463     0.3400000035762787
 14087      1.008000016212463     0.3400000035762787
 14088      1.008000016212463     0.3400000035762787
 14089      12.01000022888184     0.7340999841690063
 14090                     16    -0.5893999934196472
 14091      14.01000022888184    -0.4156999886035919
 14092      1.008000016212463     0.2718999981880188
 14093      12.01000022888184   -0.08749999850988388
 14094      1.008000016212463    0.09690000116825104
 14095      12.01000022888184     0.2985000014305115
 14096      1.008000016212463   -0.02969999983906746
 14097      12.01000022888184    -0.3192000091075897
 14098      1.008000016212463    0.07909999787807465
 14099      1.008000016212463    0.07909999787807465
 14100      1.008000016212463    0.07909999787807465
 14101      12.01000022888184    -0.3192000091075897
 14102      1.008000016212463    0.07909999787807465
 14103      1.008000016212463    0.07909999787807465
 14104      1.008000016212463    0.07909999787807465
 14105      12.01000022888184     0.5972999930381775
 14106                     16    -0.5679000020027161
 14107      14.01000022888184    -0.4156999886035919
 14108      1.008000016212463     0.2718999981880188
 14109      12.01000022888184    0.01429999992251396
 14110      1.008000016212463     0.1048000007867813
 14111      12.01000022888184    -0.2040999978780746
 14112      1.008000016212463    0.07970000058412552
 14113      1.008000016212463    0.07970000058412552
 14114      12.01000022888184     0.7129999995231628
 14115                     16    -0.5931000113487244
 14116      14.01000022888184    -0.9190999865531921
 14117      1.008000016212463     0.4196000099182129
 14118      1.008000016212463     0.4196000099182129
 14119      12.01000022888184     0.5972999930381775
 14120                     16    -0.5679000020027161
 14121      14.01000022888184    -0.5163000226020813
 14122      1.008000016212463     0.2935999929904938
 14123      12.01000022888184    0.03970000147819519
 14124      1.008000016212463     0.1105000004172325
 14125      12.01000022888184     0.0560000017285347
 14126      1.008000016212463   -0.01730000041425228
 14127      1.008000016212463   -0.01730000041425228
 14128      12.01000022888184    0.01360000018030405
 14129      1.008000016212463   -0.04250000044703484
 14130      1.008000016212463   -0.04250000044703484
 14131      12.01000022888184      0.805400013923645
 14132                     16    -0.8187999725341797
 14133                     16    -0.8187999725341797
 14134      12.01000022888184     0.5365999937057495
 14135                     16    -0.5819000005722046
 14136      14.01000022888184    -0.4156999886035919
 14137      1.008000016212463     0.2718999981880188
 14138      12.01000022888184    0.03370000049471855
 14139      1.008000016212463    0.08229999989271164
 14140      12.01000022888184    -0.1825000047683716
 14141      1.008000016212463    0.06030000001192093
 14142      1.008000016212463    0.06030000001192093
 14143      1.008000016212463    0.06030000001192093
 14144      12.01000022888184     0.5972999930381775
 14145                     16    -0.5679000020027161
 14146      14.01000022888184    -0.4156999886035919
 14147      1.008000016212463     0.2718999981880188
 14148      12.01000022888184   -0.05180000141263008
 14149      1.008000016212463    0.09220000356435776
 14150      12.01000022888184    -0.1102000027894974
 14151      1.008000016212463    0.04569999873638153
 14152      1.008000016212463    0.04569999873638153
 14153      12.01000022888184     0.3531000018119812
 14154      1.008000016212463   -0.03610000014305115
 14155      12.01000022888184    -0.4120999872684479
 14156      1.008000016212463     0.1000000014901161
 14157      1.008000016212463     0.1000000014901161
 14158      1.008000016212463     0.1000000014901161
 14159      12.01000022888184    -0.4120999872684479
 14160      1.008000016212463     0.1000000014901161
 14161      1.008000016212463     0.1000000014901161
 14162      1.008000016212463     0.1000000014901161
 14163      12.01000022888184     0.5972999930381775
 14164                     16    -0.5679000020027161
 14165      14.01000022888184    -0.4156999886035919
 14166      1.008000016212463     0.2718999981880188
 14167      12.01000022888184   -0.05180000141263008
 14168      1.008000016212463    0.09220000356435776
 14169      12.01000022888184    -0.1102000027894974
 14170      1.008000016212463    0.04569999873638153
 14171      1.008000016212463    0.04569999873638153
 14172      12.01000022888184     0.3531000018119812
 14173      1.008000016212463   -0.03610000014305115
 14174      12.01000022888184    -0.4120999872684479
 14175      1.008000016212463     0.1000000014901161
 14176      1.008000016212463     0.1000000014901161
 14177      1.008000016212463     0.1000000014901161
 14178      12.01000022888184    -0.4120999872684479
 14179      1.008000016212463     0.1000000014901161
 14180      1.008000016212463     0.1000000014901161
 14181      1.008000016212463     0.1000000014901161
 14182      12.01000022888184     0.5972999930381775
 14183                     16    -0.5679000020027161
 14184      14.01000022888184    -0.4156999886035919
 14185      1.008000016212463     0.2718999981880188
 14186      12.01000022888184  -0.003100000089034438
 14187      1.008000016212463    0.08500000089406967
 14188      12.01000022888184  -0.003599999938160181
 14189      1.008000016212463    0.01710000075399876
 14190      1.008000016212463    0.01710000075399876
 14191      12.01000022888184   -0.06449999660253525
 14192      1.008000016212463    0.03519999980926514
 14193      1.008000016212463    0.03519999980926514
 14194      12.01000022888184     0.6951000094413757
 14195                     16    -0.6086000204086304
 14196      14.01000022888184    -0.9406999945640564
 14197      1.008000016212463     0.4250999987125397
 14198      1.008000016212463     0.4250999987125397
 14199      12.01000022888184     0.5972999930381775
 14200                     16    -0.5679000020027161
 14201      14.01000022888184     -0.347900003194809
 14202      1.008000016212463     0.2746999859809875
 14203      12.01000022888184     -0.263700008392334
 14204      1.008000016212463     0.1560000032186508
 14205      12.01000022888184  -0.000699999975040555
 14206      1.008000016212463    0.03269999846816063
 14207      1.008000016212463    0.03269999846816063
 14208      12.01000022888184     0.0390000008046627
 14209      1.008000016212463    0.02850000001490116
 14210      1.008000016212463    0.02850000001490116
 14211      12.01000022888184    0.04859999939799309
 14212      1.008000016212463    0.06870000064373016
 14213      1.008000016212463    0.06870000064373016
 14214      14.01000022888184    -0.5295000076293945
 14215      1.008000016212463     0.3456000089645386
 14216      12.01000022888184     0.8076000213623047
 14217      14.01000022888184    -0.8626999855041504
 14218      1.008000016212463     0.4478000104427338
 14219      1.008000016212463     0.4478000104427338
 14220      14.01000022888184    -0.8626999855041504
 14221      1.008000016212463     0.4478000104427338
 14222      1.008000016212463     0.4478000104427338
 14223      12.01000022888184     0.7340999841690063
 14224                     16    -0.5893999934196472
 14225      14.01000022888184    -0.4156999886035919
 14226      1.008000016212463     0.2718999981880188
 14227      12.01000022888184   -0.05970000103116035
 14228      1.008000016212463     0.0869000032544136
 14229      12.01000022888184     0.1303000003099442
 14230      1.008000016212463     0.0186999998986721
 14231      12.01000022888184    -0.3203999996185303
 14232      1.008000016212463    0.08820000290870667
 14233      1.008000016212463    0.08820000290870667
 14234      1.008000016212463    0.08820000290870667
 14235      12.01000022888184    -0.0430000014603138
 14236      1.008000016212463    0.02360000088810921
 14237      1.008000016212463    0.02360000088810921
 14238      12.01000022888184   -0.06599999964237213
 14239      1.008000016212463    0.01860000006854534
 14240      1.008000016212463    0.01860000006854534
 14241      1.008000016212463    0.01860000006854534
 14242      12.01000022888184     0.5972999930381775
 14243                     16    -0.5679000020027161
 14244      14.01000022888184    -0.4156999886035919
 14245      1.008000016212463     0.2718999981880188
 14246      12.01000022888184    0.01429999992251396
 14247      1.008000016212463     0.1048000007867813
 14248      12.01000022888184    -0.2040999978780746
 14249      1.008000016212463    0.07970000058412552
 14250      1.008000016212463    0.07970000058412552
 14251      12.01000022888184     0.7129999995231628
 14252                     16    -0.5931000113487244
 14253      14.01000022888184    -0.9190999865531921
 14254      1.008000016212463     0.4196000099182129
 14255      1.008000016212463     0.4196000099182129
 14256      12.01000022888184     0.5972999930381775
 14257                     16    -0.5679000020027161
 14258      14.01000022888184    -0.4156999886035919
 14259      1.008000016212463     0.2718999981880188
 14260      12.01000022888184   -0.02490000054240227
 14261      1.008000016212463    0.08429999649524689
 14262      12.01000022888184     0.2117000073194504
 14263      1.008000016212463    0.03519999980926514
 14264      1.008000016212463    0.03519999980926514
 14265                     16    -0.6546000242233276
 14266      1.008000016212463     0.4275000095367432
 14267      12.01000022888184     0.5972999930381775
 14268                     16    -0.5679000020027161
 14269      14.01000022888184    -0.4156999886035919
 14270      1.008000016212463     0.2718999981880188
 14271      12.01000022888184    0.03370000049471855
 14272      1.008000016212463    0.08229999989271164
 14273      12.01000022888184    -0.1825000047683716
 14274      1.008000016212463    0.06030000001192093
 14275      1.008000016212463    0.06030000001192093
 14276      1.008000016212463    0.06030000001192093
 14277      12.01000022888184     0.5972999930381775
 14278                     16    -0.5679000020027161
 14279      14.01000022888184     -0.347900003194809
 14280      1.008000016212463     0.2746999859809875
 14281      12.01000022888184     -0.239999994635582
 14282      1.008000016212463     0.1425999999046326
 14283      12.01000022888184  -0.009399999864399433
 14284      1.008000016212463    0.03620000183582306
 14285      1.008000016212463    0.03620000183582306
 14286      12.01000022888184     0.0186999998986721
 14287      1.008000016212463    0.01030000019818544
 14288      1.008000016212463    0.01030000019818544
 14289      12.01000022888184    -0.0478999987244606
 14290      1.008000016212463    0.06210000067949295
 14291      1.008000016212463    0.06210000067949295
 14292      12.01000022888184   -0.01429999992251396
 14293      1.008000016212463     0.1134999990463257
 14294      1.008000016212463     0.1134999990463257
 14295      14.01000022888184    -0.3853999972343445
 14296      1.008000016212463     0.3400000035762787
 14297      1.008000016212463     0.3400000035762787
 14298      1.008000016212463     0.3400000035762787
 14299      12.01000022888184     0.7340999841690063
 14300                     16    -0.5893999934196472
 14301      14.01000022888184     -0.347900003194809
 14302      1.008000016212463     0.2746999859809875
 14303      12.01000022888184     -0.239999994635582
 14304      1.008000016212463     0.1425999999046326
 14305      12.01000022888184  -0.009399999864399433
 14306      1.008000016212463    0.03620000183582306
 14307      1.008000016212463    0.03620000183582306
 14308      12.01000022888184     0.0186999998986721
 14309      1.008000016212463    0.01030000019818544
 14310      1.008000016212463    0.01030000019818544
 14311      12.01000022888184    -0.0478999987244606
 14312      1.008000016212463    0.06210000067949295
 14313      1.008000016212463    0.06210000067949295
 14314      12.01000022888184   -0.01429999992251396
 14315      1.008000016212463     0.1134999990463257
 14316      1.008000016212463     0.1134999990463257
 14317      14.01000022888184    -0.3853999972343445
 14318      1.008000016212463     0.3400000035762787
 14319      1.008000016212463     0.3400000035762787
 14320      1.008000016212463     0.3400000035762787
 14321      12.01000022888184     0.7340999841690063
 14322                     16    -0.5893999934196472
 14323      14.01000022888184    -0.4156999886035919
 14324      1.008000016212463     0.2718999981880188
 14325      12.01000022888184   -0.05970000103116035
 14326      1.008000016212463     0.0869000032544136
 14327      12.01000022888184     0.1303000003099442
 14328      1.008000016212463     0.0186999998986721
 14329      12.01000022888184    -0.3203999996185303
 14330      1.008000016212463    0.08820000290870667
 14331      1.008000016212463    0.08820000290870667
 14332      1.008000016212463    0.08820000290870667
 14333      12.01000022888184    -0.0430000014603138
 14334      1.008000016212463    0.02360000088810921
 14335      1.008000016212463    0.02360000088810921
 14336      12.01000022888184   -0.06599999964237213
 14337      1.008000016212463    0.01860000006854534
 14338      1.008000016212463    0.01860000006854534
 14339      1.008000016212463    0.01860000006854534
 14340      12.01000022888184     0.5972999930381775
 14341                     16    -0.5679000020027161
 14342      14.01000022888184    -0.4156999886035919
 14343      1.008000016212463     0.2718999981880188
 14344      12.01000022888184   -0.05810000002384186
 14345      1.008000016212463      0.136000007390976
 14346      12.01000022888184  -0.007400000002235174
 14347      1.008000016212463    0.03669999912381172
 14348      1.008000016212463    0.03669999912381172
 14349      12.01000022888184     0.1868000030517578
 14350      14.01000022888184    -0.5432000160217285
 14351      12.01000022888184     0.1634999960660934
 14352      1.008000016212463     0.1435000002384186
 14353      14.01000022888184    -0.2795000076293945
 14354      1.008000016212463     0.3339000046253204
 14355      12.01000022888184    -0.2206999957561493
 14356      1.008000016212463     0.1861999928951263
 14357      12.01000022888184     0.5972999930381775
 14358                     16    -0.5679000020027161
 14359      14.01000022888184    -0.4156999886035919
 14360      1.008000016212463     0.2718999981880188
 14361      12.01000022888184   -0.05180000141263008
 14362      1.008000016212463    0.09220000356435776
 14363      12.01000022888184    -0.1102000027894974
 14364      1.008000016212463    0.04569999873638153
 14365      1.008000016212463    0.04569999873638153
 14366      12.01000022888184     0.3531000018119812
 14367      1.008000016212463   -0.03610000014305115
 14368      12.01000022888184    -0.4120999872684479
 14369      1.008000016212463     0.1000000014901161
 14370      1.008000016212463     0.1000000014901161
 14371      1.008000016212463     0.1000000014901161
 14372      12.01000022888184    -0.4120999872684479
 14373      1.008000016212463     0.1000000014901161
 14374      1.008000016212463     0.1000000014901161
 14375      1.008000016212463     0.1000000014901161
 14376      12.01000022888184     0.5972999930381775
 14377                     16    -0.5679000020027161
 14378      14.01000022888184    -0.4156999886035919
 14379      1.008000016212463     0.2718999981880188
 14380      12.01000022888184   -0.08749999850988388
 14381      1.008000016212463    0.09690000116825104
 14382      12.01000022888184     0.2985000014305115
 14383      1.008000016212463   -0.02969999983906746
 14384      12.01000022888184    -0.3192000091075897
 14385      1.008000016212463    0.07909999787807465
 14386      1.008000016212463    0.07909999787807465
 14387      1.008000016212463    0.07909999787807465
 14388      12.01000022888184    -0.3192000091075897
 14389      1.008000016212463    0.07909999787807465
 14390      1.008000016212463    0.07909999787807465
 14391      1.008000016212463    0.07909999787807465
 14392      12.01000022888184     0.5972999930381775
 14393                     16    -0.5679000020027161
 14394      14.01000022888184    -0.2547999918460846
 14395      12.01000022888184    0.01920000091195107
 14396      1.008000016212463    0.03909999877214432
 14397      1.008000016212463    0.03909999877214432
 14398      12.01000022888184    0.01889999955892563
 14399      1.008000016212463    0.02129999920725822
 14400      1.008000016212463    0.02129999920725822
 14401      12.01000022888184  -0.007000000216066837
 14402      1.008000016212463    0.02529999986290932
 14403      1.008000016212463    0.02529999986290932
 14404      12.01000022888184   -0.02659999951720238
 14405      1.008000016212463     0.0640999972820282
 14406      12.01000022888184     0.5896000266075134
 14407                     16    -0.5748000144958496
 14408      14.01000022888184    -0.4156999886035919
 14409      1.008000016212463     0.2718999981880188
 14410      12.01000022888184    0.02129999920725822
 14411      1.008000016212463     0.1124000027775764
 14412      12.01000022888184    -0.1230999976396561
 14413      1.008000016212463     0.1111999973654747
 14414      1.008000016212463     0.1111999973654747
 14415      32.06000137329102    -0.3118999898433685
 14416      1.008000016212463     0.1932999938726425
 14417      12.01000022888184     0.5972999930381775
 14418                     16    -0.5679000020027161
 14419      14.01000022888184    -0.4156999886035919
 14420      1.008000016212463     0.2718999981880188
 14421      12.01000022888184   -0.05810000002384186
 14422      1.008000016212463      0.136000007390976
 14423      12.01000022888184  -0.007400000002235174
 14424      1.008000016212463    0.03669999912381172
 14425      1.008000016212463    0.03669999912381172
 14426      12.01000022888184     0.1868000030517578
 14427      14.01000022888184    -0.5432000160217285
 14428      12.01000022888184     0.1634999960660934
 14429      1.008000016212463     0.1435000002384186
 14430      14.01000022888184    -0.2795000076293945
 14431      1.008000016212463     0.3339000046253204
 14432      12.01000022888184    -0.2206999957561493
 14433      1.008000016212463     0.1861999928951263
 14434      12.01000022888184     0.5972999930381775
 14435                     16    -0.5679000020027161
 14436      14.01000022888184    -0.4156999886035919
 14437      1.008000016212463     0.2718999981880188
 14438      12.01000022888184   -0.05180000141263008
 14439      1.008000016212463    0.09220000356435776
 14440      12.01000022888184    -0.1102000027894974
 14441      1.008000016212463    0.04569999873638153
 14442      1.008000016212463    0.04569999873638153
 14443      12.01000022888184     0.3531000018119812
 14444      1.008000016212463   -0.03610000014305115
 14445      12.01000022888184    -0.4120999872684479
 14446      1.008000016212463     0.1000000014901161
 14447      1.008000016212463     0.1000000014901161
 14448      1.008000016212463     0.1000000014901161
 14449      12.01000022888184    -0.4120999872684479
 14450      1.008000016212463     0.1000000014901161
 14451      1.008000016212463     0.1000000014901161
 14452      1.008000016212463     0.1000000014901161
 14453      12.01000022888184     0.5972999930381775
 14454                     16    -0.5679000020027161
 14455      14.01000022888184     -0.347900003194809
 14456      1.008000016212463     0.2746999859809875
 14457      12.01000022888184     -0.263700008392334
 14458      1.008000016212463     0.1560000032186508
 14459      12.01000022888184  -0.000699999975040555
 14460      1.008000016212463    0.03269999846816063
 14461      1.008000016212463    0.03269999846816063
 14462      12.01000022888184     0.0390000008046627
 14463      1.008000016212463    0.02850000001490116
 14464      1.008000016212463    0.02850000001490116
 14465      12.01000022888184    0.04859999939799309
 14466      1.008000016212463    0.06870000064373016
 14467      1.008000016212463    0.06870000064373016
 14468      14.01000022888184    -0.5295000076293945
 14469      1.008000016212463     0.3456000089645386
 14470      12.01000022888184     0.8076000213623047
 14471      14.01000022888184    -0.8626999855041504
 14472      1.008000016212463     0.4478000104427338
 14473      1.008000016212463     0.4478000104427338
 14474      14.01000022888184    -0.8626999855041504
 14475      1.008000016212463     0.4478000104427338
 14476      1.008000016212463     0.4478000104427338
 14477      12.01000022888184     0.7340999841690063
 14478                     16    -0.5893999934196472
 14479      14.01000022888184    -0.5163000226020813
 14480      1.008000016212463     0.2935999929904938
 14481      12.01000022888184    0.03810000047087669
 14482      1.008000016212463    0.08799999952316284
 14483      12.01000022888184   -0.03030000068247318
 14484      1.008000016212463   -0.01219999976456165
 14485      1.008000016212463   -0.01219999976456165
 14486      12.01000022888184     0.7993999719619751
 14487                     16    -0.8014000058174133
 14488                     16    -0.8014000058174133
 14489      12.01000022888184     0.5365999937057495
 14490                     16    -0.5819000005722046
 14491      14.01000022888184     -0.347900003194809
 14492      1.008000016212463     0.2746999859809875
 14493      12.01000022888184     -0.239999994635582
 14494      1.008000016212463     0.1425999999046326
 14495      12.01000022888184  -0.009399999864399433
 14496      1.008000016212463    0.03620000183582306
 14497      1.008000016212463    0.03620000183582306
 14498      12.01000022888184     0.0186999998986721
 14499      1.008000016212463    0.01030000019818544
 14500      1.008000016212463    0.01030000019818544
 14501      12.01000022888184    -0.0478999987244606
 14502      1.008000016212463    0.06210000067949295
 14503      1.008000016212463    0.06210000067949295
 14504      12.01000022888184   -0.01429999992251396
 14505      1.008000016212463     0.1134999990463257
 14506      1.008000016212463     0.1134999990463257
 14507      14.01000022888184    -0.3853999972343445
 14508      1.008000016212463     0.3400000035762787
 14509      1.008000016212463     0.3400000035762787
 14510      1.008000016212463     0.3400000035762787
 14511      12.01000022888184     0.7340999841690063
 14512                     16    -0.5893999934196472
 14513      14.01000022888184    -0.4156999886035919
 14514      1.008000016212463     0.2718999981880188
 14515      12.01000022888184  -0.002400000113993883
 14516      1.008000016212463    0.09780000150203705
 14517      12.01000022888184   -0.03429999947547913
 14518      1.008000016212463    0.02950000017881393
 14519      1.008000016212463    0.02950000017881393
 14520      12.01000022888184     0.0118000004440546
 14521      12.01000022888184    -0.1255999952554703
 14522      1.008000016212463     0.1330000013113022
 14523      12.01000022888184    -0.1703999936580658
 14524      1.008000016212463     0.1430000066757202
 14525      12.01000022888184    -0.1071999967098236
 14526      1.008000016212463     0.1297000050544739
 14527      12.01000022888184    -0.1703999936580658
 14528      1.008000016212463     0.1430000066757202
 14529      12.01000022888184    -0.1255999952554703
 14530      1.008000016212463     0.1330000013113022
 14531      12.01000022888184     0.5972999930381775
 14532                     16    -0.5679000020027161
 14533      14.01000022888184    -0.4156999886035919
 14534      1.008000016212463     0.2718999981880188
 14535      12.01000022888184   -0.08749999850988388
 14536      1.008000016212463    0.09690000116825104
 14537      12.01000022888184     0.2985000014305115
 14538      1.008000016212463   -0.02969999983906746
 14539      12.01000022888184    -0.3192000091075897
 14540      1.008000016212463    0.07909999787807465
 14541      1.008000016212463    0.07909999787807465
 14542      1.008000016212463    0.07909999787807465
 14543      12.01000022888184    -0.3192000091075897
 14544      1.008000016212463    0.07909999787807465
 14545      1.008000016212463    0.07909999787807465
 14546      1.008000016212463    0.07909999787807465
 14547      12.01000022888184     0.5972999930381775
 14548                     16    -0.5679000020027161
 14549      14.01000022888184    -0.4156999886035919
 14550      1.008000016212463     0.2718999981880188
 14551      12.01000022888184   -0.05180000141263008
 14552      1.008000016212463    0.09220000356435776
 14553      12.01000022888184    -0.1102000027894974
 14554      1.008000016212463    0.04569999873638153
 14555      1.008000016212463    0.04569999873638153
 14556      12.01000022888184     0.3531000018119812
 14557      1.008000016212463   -0.03610000014305115
 14558      12.01000022888184    -0.4120999872684479
 14559      1.008000016212463     0.1000000014901161
 14560      1.008000016212463     0.1000000014901161
 14561      1.008000016212463     0.1000000014901161
 14562      12.01000022888184    -0.4120999872684479
 14563      1.008000016212463     0.1000000014901161
 14564      1.008000016212463     0.1000000014901161
 14565      1.008000016212463     0.1000000014901161
 14566      12.01000022888184     0.5972999930381775
 14567                     16    -0.5679000020027161
 14568      14.01000022888184     -0.347900003194809
 14569      1.008000016212463     0.2746999859809875
 14570      12.01000022888184     -0.263700008392334
 14571      1.008000016212463     0.1560000032186508
 14572      12.01000022888184  -0.000699999975040555
 14573      1.008000016212463    0.03269999846816063
 14574      1.008000016212463    0.03269999846816063
 14575      12.01000022888184     0.0390000008046627
 14576      1.008000016212463    0.02850000001490116
 14577      1.008000016212463    0.02850000001490116
 14578      12.01000022888184    0.04859999939799309
 14579      1.008000016212463    0.06870000064373016
 14580      1.008000016212463    0.06870000064373016
 14581      14.01000022888184    -0.5295000076293945
 14582      1.008000016212463     0.3456000089645386
 14583      12.01000022888184     0.8076000213623047
 14584      14.01000022888184    -0.8626999855041504
 14585      1.008000016212463     0.4478000104427338
 14586      1.008000016212463     0.4478000104427338
 14587      14.01000022888184    -0.8626999855041504
 14588      1.008000016212463     0.4478000104427338
 14589      1.008000016212463     0.4478000104427338
 14590      12.01000022888184     0.7340999841690063
 14591                     16    -0.5893999934196472
 14592      14.01000022888184    -0.4156999886035919
 14593      1.008000016212463     0.2718999981880188
 14594      12.01000022888184  -0.002400000113993883
 14595      1.008000016212463    0.09780000150203705
 14596      12.01000022888184   -0.03429999947547913
 14597      1.008000016212463    0.02950000017881393
 14598      1.008000016212463    0.02950000017881393
 14599      12.01000022888184     0.0118000004440546
 14600      12.01000022888184    -0.1255999952554703
 14601      1.008000016212463     0.1330000013113022
 14602      12.01000022888184    -0.1703999936580658
 14603      1.008000016212463     0.1430000066757202
 14604      12.01000022888184    -0.1071999967098236
 14605      1.008000016212463     0.1297000050544739
 14606      12.01000022888184    -0.1703999936580658
 14607      1.008000016212463     0.1430000066757202
 14608      12.01000022888184    -0.1255999952554703
 14609      1.008000016212463     0.1330000013113022
 14610      12.01000022888184     0.5972999930381775
 14611                     16    -0.5679000020027161
 14612      14.01000022888184    -0.4156999886035919
 14613      1.008000016212463     0.2718999981880188
 14614      12.01000022888184    0.03370000049471855
 14615      1.008000016212463    0.08229999989271164
 14616      12.01000022888184    -0.1825000047683716
 14617      1.008000016212463    0.06030000001192093
 14618      1.008000016212463    0.06030000001192093
 14619      1.008000016212463    0.06030000001192093
 14620      12.01000022888184     0.5972999930381775
 14621                     16    -0.5679000020027161
 14622      14.01000022888184    -0.4156999886035919
 14623      1.008000016212463     0.2718999981880188
 14624      12.01000022888184   -0.05970000103116035
 14625      1.008000016212463     0.0869000032544136
 14626      12.01000022888184     0.1303000003099442
 14627      1.008000016212463     0.0186999998986721
 14628      12.01000022888184    -0.3203999996185303
 14629      1.008000016212463    0.08820000290870667
 14630      1.008000016212463    0.08820000290870667
 14631      1.008000016212463    0.08820000290870667
 14632      12.01000022888184    -0.0430000014603138
 14633      1.008000016212463    0.02360000088810921
 14634      1.008000016212463    0.02360000088810921
 14635      12.01000022888184   -0.06599999964237213
 14636      1.008000016212463    0.01860000006854534
 14637      1.008000016212463    0.01860000006854534
 14638      1.008000016212463    0.01860000006854534
 14639      12.01000022888184     0.5972999930381775
 14640                     16    -0.5679000020027161
 14641      14.01000022888184    -0.4156999886035919
 14642      1.008000016212463     0.2718999981880188
 14643      12.01000022888184    0.02129999920725822
 14644      1.008000016212463     0.1124000027775764
 14645      12.01000022888184    -0.1230999976396561
 14646      1.008000016212463     0.1111999973654747
 14647      1.008000016212463     0.1111999973654747
 14648      32.06000137329102    -0.3118999898433685
 14649      1.008000016212463     0.1932999938726425
 14650      12.01000022888184     0.5972999930381775
 14651                     16    -0.5679000020027161
 14652      14.01000022888184    -0.4156999886035919
 14653      1.008000016212463     0.2718999981880188
 14654      12.01000022888184   -0.02490000054240227
 14655      1.008000016212463    0.08429999649524689
 14656      12.01000022888184     0.2117000073194504
 14657      1.008000016212463    0.03519999980926514
 14658      1.008000016212463    0.03519999980926514
 14659                     16    -0.6546000242233276
 14660      1.008000016212463     0.4275000095367432
 14661      12.01000022888184     0.5972999930381775
 14662                     16    -0.5679000020027161
 14663      14.01000022888184     -0.347900003194809
 14664      1.008000016212463     0.2746999859809875
 14665      12.01000022888184     -0.263700008392334
 14666      1.008000016212463     0.1560000032186508
 14667      12.01000022888184  -0.000699999975040555
 14668      1.008000016212463    0.03269999846816063
 14669      1.008000016212463    0.03269999846816063
 14670      12.01000022888184     0.0390000008046627
 14671      1.008000016212463    0.02850000001490116
 14672      1.008000016212463    0.02850000001490116
 14673      12.01000022888184    0.04859999939799309
 14674      1.008000016212463    0.06870000064373016
 14675      1.008000016212463    0.06870000064373016
 14676      14.01000022888184    -0.5295000076293945
 14677      1.008000016212463     0.3456000089645386
 14678      12.01000022888184     0.8076000213623047
 14679      14.01000022888184    -0.8626999855041504
 14680      1.008000016212463     0.4478000104427338
 14681      1.008000016212463     0.4478000104427338
 14682      14.01000022888184    -0.8626999855041504
 14683      1.008000016212463     0.4478000104427338
 14684      1.008000016212463     0.4478000104427338
 14685      12.01000022888184     0.7340999841690063
 14686                     16    -0.5893999934196472
 14687      14.01000022888184    -0.4156999886035919
 14688      1.008000016212463     0.2718999981880188
 14689      12.01000022888184   -0.03889999911189079
 14690      1.008000016212463     0.1006999984383583
 14691      12.01000022888184     0.3653999865055084
 14692      1.008000016212463    0.00430000014603138
 14693      12.01000022888184    -0.2437999993562698
 14694      1.008000016212463    0.06419999897480011
 14695      1.008000016212463    0.06419999897480011
 14696      1.008000016212463    0.06419999897480011
 14697                     16    -0.6761000156402588
 14698      1.008000016212463     0.4101999998092651
 14699      12.01000022888184     0.5972999930381775
 14700                     16    -0.5679000020027161
 14701      14.01000022888184    -0.4156999886035919
 14702      1.008000016212463     0.2718999981880188
 14703      12.01000022888184   -0.08749999850988388
 14704      1.008000016212463    0.09690000116825104
 14705      12.01000022888184     0.2985000014305115
 14706      1.008000016212463   -0.02969999983906746
 14707      12.01000022888184    -0.3192000091075897
 14708      1.008000016212463    0.07909999787807465
 14709      1.008000016212463    0.07909999787807465
 14710      1.008000016212463    0.07909999787807465
 14711      12.01000022888184    -0.3192000091075897
 14712      1.008000016212463    0.07909999787807465
 14713      1.008000016212463    0.07909999787807465
 14714      1.008000016212463    0.07909999787807465
 14715      12.01000022888184     0.5972999930381775
 14716                     16    -0.5679000020027161
 14717      14.01000022888184    -0.5163000226020813
 14718      1.008000016212463     0.2935999929904938
 14719      12.01000022888184    0.03970000147819519
 14720      1.008000016212463     0.1105000004172325
 14721      12.01000022888184     0.0560000017285347
 14722      1.008000016212463   -0.01730000041425228
 14723      1.008000016212463   -0.01730000041425228
 14724      12.01000022888184    0.01360000018030405
 14725      1.008000016212463   -0.04250000044703484
 14726      1.008000016212463   -0.04250000044703484
 14727      12.01000022888184      0.805400013923645
 14728                     16    -0.8187999725341797
 14729                     16    -0.8187999725341797
 14730      12.01000022888184     0.5365999937057495
 14731                     16    -0.5819000005722046
 14732      14.01000022888184    -0.4156999886035919
 14733      1.008000016212463     0.2718999981880188
 14734      12.01000022888184   -0.02490000054240227
 14735      1.008000016212463    0.08429999649524689
 14736      12.01000022888184     0.2117000073194504
 14737      1.008000016212463    0.03519999980926514
 14738      1.008000016212463    0.03519999980926514
 14739                     16    -0.6546000242233276
 14740      1.008000016212463     0.4275000095367432
 14741      12.01000022888184     0.5972999930381775
 14742                     16    -0.5679000020027161
 14743      14.01000022888184    -0.4156999886035919
 14744      1.008000016212463     0.2718999981880188
 14745      12.01000022888184    0.03370000049471855
 14746      1.008000016212463    0.08229999989271164
 14747      12.01000022888184    -0.1825000047683716
 14748      1.008000016212463    0.06030000001192093
 14749      1.008000016212463    0.06030000001192093
 14750      1.008000016212463    0.06030000001192093
 14751      12.01000022888184     0.5972999930381775
 14752                     16    -0.5679000020027161
 14753      14.01000022888184    -0.4156999886035919
 14754      1.008000016212463     0.2718999981880188
 14755      12.01000022888184   -0.05810000002384186
 14756      1.008000016212463      0.136000007390976
 14757      12.01000022888184  -0.007400000002235174
 14758      1.008000016212463    0.03669999912381172
 14759      1.008000016212463    0.03669999912381172
 14760      12.01000022888184     0.1868000030517578
 14761      14.01000022888184    -0.5432000160217285
 14762      12.01000022888184     0.1634999960660934
 14763      1.008000016212463     0.1435000002384186
 14764      14.01000022888184    -0.2795000076293945
 14765      1.008000016212463     0.3339000046253204
 14766      12.01000022888184    -0.2206999957561493
 14767      1.008000016212463     0.1861999928951263
 14768      12.01000022888184     0.5972999930381775
 14769                     16    -0.5679000020027161
 14770      14.01000022888184    -0.4156999886035919
 14771      1.008000016212463     0.2718999981880188
 14772      12.01000022888184   -0.08749999850988388
 14773      1.008000016212463    0.09690000116825104
 14774      12.01000022888184     0.2985000014305115
 14775      1.008000016212463   -0.02969999983906746
 14776      12.01000022888184    -0.3192000091075897
 14777      1.008000016212463    0.07909999787807465
 14778      1.008000016212463    0.07909999787807465
 14779      1.008000016212463    0.07909999787807465
 14780      12.01000022888184    -0.3192000091075897
 14781      1.008000016212463    0.07909999787807465
 14782      1.008000016212463    0.07909999787807465
 14783      1.008000016212463    0.07909999787807465
 14784      12.01000022888184     0.5972999930381775
 14785                     16    -0.5679000020027161
 14786      14.01000022888184    -0.4156999886035919
 14787      1.008000016212463     0.2718999981880188
 14788      12.01000022888184  -0.003100000089034438
 14789      1.008000016212463    0.08500000089406967
 14790      12.01000022888184  -0.003599999938160181
 14791      1.008000016212463    0.01710000075399876
 14792      1.008000016212463    0.01710000075399876
 14793      12.01000022888184   -0.06449999660253525
 14794      1.008000016212463    0.03519999980926514
 14795      1.008000016212463    0.03519999980926514
 14796      12.01000022888184     0.6951000094413757
 14797                     16    -0.6086000204086304
 14798      14.01000022888184    -0.9406999945640564
 14799      1.008000016212463     0.4250999987125397
 14800      1.008000016212463     0.4250999987125397
 14801      12.01000022888184     0.5972999930381775
 14802                     16    -0.5679000020027161
 14803      14.01000022888184     -0.347900003194809
 14804      1.008000016212463     0.2746999859809875
 14805      12.01000022888184     -0.263700008392334
 14806      1.008000016212463     0.1560000032186508
 14807      12.01000022888184  -0.000699999975040555
 14808      1.008000016212463    0.03269999846816063
 14809      1.008000016212463    0.03269999846816063
 14810      12.01000022888184     0.0390000008046627
 14811      1.008000016212463    0.02850000001490116
 14812      1.008000016212463    0.02850000001490116
 14813      12.01000022888184    0.04859999939799309
 14814      1.008000016212463    0.06870000064373016
 14815      1.008000016212463    0.06870000064373016
 14816      14.01000022888184    -0.5295000076293945
 14817      1.008000016212463     0.3456000089645386
 14818      12.01000022888184     0.8076000213623047
 14819      14.01000022888184    -0.8626999855041504
 14820      1.008000016212463     0.4478000104427338
 14821      1.008000016212463     0.4478000104427338
 14822      14.01000022888184    -0.8626999855041504
 14823      1.008000016212463     0.4478000104427338
 14824      1.008000016212463     0.4478000104427338
 14825      12.01000022888184     0.7340999841690063
 14826                     16    -0.5893999934196472
 14827      14.01000022888184    -0.4156999886035919
 14828      1.008000016212463     0.2718999981880188
 14829      12.01000022888184    0.03370000049471855
 14830      1.008000016212463    0.08229999989271164
 14831      12.01000022888184    -0.1825000047683716
 14832      1.008000016212463    0.06030000001192093
 14833      1.008000016212463    0.06030000001192093
 14834      1.008000016212463    0.06030000001192093
 14835      12.01000022888184     0.5972999930381775
 14836                     16    -0.5679000020027161
 14837      14.01000022888184    -0.4156999886035919
 14838      1.008000016212463     0.2718999981880188
 14839      12.01000022888184   -0.02749999985098839
 14840      1.008000016212463     0.1123000010848045
 14841      12.01000022888184  -0.004999999888241291
 14842      1.008000016212463    0.03390000015497208
 14843      1.008000016212463    0.03390000015497208
 14844      12.01000022888184    -0.1414999961853027
 14845      12.01000022888184    -0.1638000011444092
 14846      1.008000016212463     0.2062000036239624
 14847      14.01000022888184    -0.3418000042438507
 14848      1.008000016212463     0.3411999940872192
 14849      12.01000022888184     0.1379999965429306
 14850      12.01000022888184    -0.2601000070571899
 14851      1.008000016212463     0.1571999937295914
 14852      12.01000022888184    -0.1133999973535538
 14853      1.008000016212463     0.1416999995708466
 14854      12.01000022888184    -0.1972000002861023
 14855      1.008000016212463     0.1447000056505203
 14856      12.01000022888184    -0.2387000024318695
 14857      1.008000016212463     0.1700000017881393
 14858      12.01000022888184     0.1243000030517578
 14859      12.01000022888184     0.5972999930381775
 14860                     16    -0.5679000020027161
 14861      14.01000022888184    -0.5163000226020813
 14862      1.008000016212463     0.2935999929904938
 14863      12.01000022888184    0.03970000147819519
 14864      1.008000016212463     0.1105000004172325
 14865      12.01000022888184     0.0560000017285347
 14866      1.008000016212463   -0.01730000041425228
 14867      1.008000016212463   -0.01730000041425228
 14868      12.01000022888184    0.01360000018030405
 14869      1.008000016212463   -0.04250000044703484
 14870      1.008000016212463   -0.04250000044703484
 14871      12.01000022888184      0.805400013923645
 14872                     16    -0.8187999725341797
 14873                     16    -0.8187999725341797
 14874      12.01000022888184     0.5365999937057495
 14875                     16    -0.5819000005722046
 14876      14.01000022888184    -0.4156999886035919
 14877      1.008000016212463     0.2718999981880188
 14878      12.01000022888184   -0.05810000002384186
 14879      1.008000016212463      0.136000007390976
 14880      12.01000022888184  -0.007400000002235174
 14881      1.008000016212463    0.03669999912381172
 14882      1.008000016212463    0.03669999912381172
 14883      12.01000022888184     0.1868000030517578
 14884      14.01000022888184    -0.5432000160217285
 14885      12.01000022888184     0.1634999960660934
 14886      1.008000016212463     0.1435000002384186
 14887      14.01000022888184    -0.2795000076293945
 14888      1.008000016212463     0.3339000046253204
 14889      12.01000022888184    -0.2206999957561493
 14890      1.008000016212463     0.1861999928951263
 14891      12.01000022888184     0.5972999930381775
 14892                     16    -0.5679000020027161
 14893      14.01000022888184    -0.4156999886035919
 14894      1.008000016212463     0.2718999981880188
 14895      12.01000022888184   -0.05970000103116035
 14896      1.008000016212463     0.0869000032544136
 14897      12.01000022888184     0.1303000003099442
 14898      1.008000016212463     0.0186999998986721
 14899      12.01000022888184    -0.3203999996185303
 14900      1.008000016212463    0.08820000290870667
 14901      1.008000016212463    0.08820000290870667
 14902      1.008000016212463    0.08820000290870667
 14903      12.01000022888184    -0.0430000014603138
 14904      1.008000016212463    0.02360000088810921
 14905      1.008000016212463    0.02360000088810921
 14906      12.01000022888184   -0.06599999964237213
 14907      1.008000016212463    0.01860000006854534
 14908      1.008000016212463    0.01860000006854534
 14909      1.008000016212463    0.01860000006854534
 14910      12.01000022888184     0.5972999930381775
 14911                     16    -0.5679000020027161
 14912      14.01000022888184     -0.347900003194809
 14913      1.008000016212463     0.2746999859809875
 14914      12.01000022888184     -0.239999994635582
 14915      1.008000016212463     0.1425999999046326
 14916      12.01000022888184  -0.009399999864399433
 14917      1.008000016212463    0.03620000183582306
 14918      1.008000016212463    0.03620000183582306
 14919      12.01000022888184     0.0186999998986721
 14920      1.008000016212463    0.01030000019818544
 14921      1.008000016212463    0.01030000019818544
 14922      12.01000022888184    -0.0478999987244606
 14923      1.008000016212463    0.06210000067949295
 14924      1.008000016212463    0.06210000067949295
 14925      12.01000022888184   -0.01429999992251396
 14926      1.008000016212463     0.1134999990463257
 14927      1.008000016212463     0.1134999990463257
 14928      14.01000022888184    -0.3853999972343445
 14929      1.008000016212463     0.3400000035762787
 14930      1.008000016212463     0.3400000035762787
 14931      1.008000016212463     0.3400000035762787
 14932      12.01000022888184     0.7340999841690063
 14933                     16    -0.5893999934196472
 14934      14.01000022888184    -0.5163000226020813
 14935      1.008000016212463     0.2935999929904938
 14936      12.01000022888184    0.03970000147819519
 14937      1.008000016212463     0.1105000004172325
 14938      12.01000022888184     0.0560000017285347
 14939      1.008000016212463   -0.01730000041425228
 14940      1.008000016212463   -0.01730000041425228
 14941      12.01000022888184    0.01360000018030405
 14942      1.008000016212463   -0.04250000044703484
 14943      1.008000016212463   -0.04250000044703484
 14944      12.01000022888184      0.805400013923645
 14945                     16    -0.8187999725341797
 14946                     16    -0.8187999725341797
 14947      12.01000022888184     0.5365999937057495
 14948                     16    -0.5819000005722046
 14949      14.01000022888184    -0.4156999886035919
 14950      1.008000016212463     0.2718999981880188
 14951      12.01000022888184   -0.05180000141263008
 14952      1.008000016212463    0.09220000356435776
 14953      12.01000022888184    -0.1102000027894974
 14954      1.008000016212463    0.04569999873638153
 14955      1.008000016212463    0.04569999873638153
 14956      12.01000022888184     0.3531000018119812
 14957      1.008000016212463   -0.03610000014305115
 14958      12.01000022888184    -0.4120999872684479
 14959      1.008000016212463     0.1000000014901161
 14960      1.008000016212463     0.1000000014901161
 14961      1.008000016212463     0.1000000014901161
 14962      12.01000022888184    -0.4120999872684479
 14963      1.008000016212463     0.1000000014901161
 14964      1.008000016212463     0.1000000014901161
 14965      1.008000016212463     0.1000000014901161
 14966      12.01000022888184     0.5972999930381775
 14967                     16    -0.5679000020027161
 14968      14.01000022888184    -0.4156999886035919
 14969      1.008000016212463     0.2718999981880188
 14970      12.01000022888184    0.03370000049471855
 14971      1.008000016212463    0.08229999989271164
 14972      12.01000022888184    -0.1825000047683716
 14973      1.008000016212463    0.06030000001192093
 14974      1.008000016212463    0.06030000001192093
 14975      1.008000016212463    0.06030000001192093
 14976      12.01000022888184     0.5972999930381775
 14977                     16    -0.5679000020027161
 14978      14.01000022888184    -0.4156999886035919
 14979      1.008000016212463     0.2718999981880188
 14980      12.01000022888184    0.03370000049471855
 14981      1.008000016212463    0.08229999989271164
 14982      12.01000022888184    -0.1825000047683716
 14983      1.008000016212463    0.06030000001192093
 14984      1.008000016212463    0.06030000001192093
 14985      1.008000016212463    0.06030000001192093
 14986      12.01000022888184     0.5972999930381775
 14987                     16    -0.5679000020027161
 14988      14.01000022888184    -0.5163000226020813
 14989      1.008000016212463     0.2935999929904938
 14990      12.01000022888184    0.03810000047087669
 14991      1.008000016212463    0.08799999952316284
 14992      12.01000022888184   -0.03030000068247318
 14993      1.008000016212463   -0.01219999976456165
 14994      1.008000016212463   -0.01219999976456165
 14995      12.01000022888184     0.7993999719619751
 14996                     16    -0.8014000058174133
 14997                     16    -0.8014000058174133
 14998      12.01000022888184     0.5365999937057495
 14999                     16    -0.5819000005722046
 15000      14.01000022888184    -0.4156999886035919
 15001      1.008000016212463     0.2718999981880188
 15002      12.01000022888184   -0.08749999850988388
 15003      1.008000016212463    0.09690000116825104
 15004      12.01000022888184     0.2985000014305115
 15005      1.008000016212463   -0.02969999983906746
 15006      12.01000022888184    -0.3192000091075897
 15007      1.008000016212463    0.07909999787807465
 15008      1.008000016212463    0.07909999787807465
 15009      1.008000016212463    0.07909999787807465
 15010      12.01000022888184    -0.3192000091075897
 15011      1.008000016212463    0.07909999787807465
 15012      1.008000016212463    0.07909999787807465
 15013      1.008000016212463    0.07909999787807465
 15014      12.01000022888184     0.5972999930381775
 15015                     16    -0.5679000020027161
 15016      14.01000022888184    -0.4156999886035919
 15017      1.008000016212463     0.2718999981880188
 15018      12.01000022888184   -0.05180000141263008
 15019      1.008000016212463    0.09220000356435776
 15020      12.01000022888184    -0.1102000027894974
 15021      1.008000016212463    0.04569999873638153
 15022      1.008000016212463    0.04569999873638153
 15023      12.01000022888184     0.3531000018119812
 15024      1.008000016212463   -0.03610000014305115
 15025      12.01000022888184    -0.4120999872684479
 15026      1.008000016212463     0.1000000014901161
 15027      1.008000016212463     0.1000000014901161
 15028      1.008000016212463     0.1000000014901161
 15029      12.01000022888184    -0.4120999872684479
 15030      1.008000016212463     0.1000000014901161
 15031      1.008000016212463     0.1000000014901161
 15032      1.008000016212463     0.1000000014901161
 15033      12.01000022888184     0.5972999930381775
 15034                     16    -0.5679000020027161
 15035      14.01000022888184     -0.347900003194809
 15036      1.008000016212463     0.2746999859809875
 15037      12.01000022888184     -0.263700008392334
 15038      1.008000016212463     0.1560000032186508
 15039      12.01000022888184  -0.000699999975040555
 15040      1.008000016212463    0.03269999846816063
 15041      1.008000016212463    0.03269999846816063
 15042      12.01000022888184     0.0390000008046627
 15043      1.008000016212463    0.02850000001490116
 15044      1.008000016212463    0.02850000001490116
 15045      12.01000022888184    0.04859999939799309
 15046      1.008000016212463    0.06870000064373016
 15047      1.008000016212463    0.06870000064373016
 15048      14.01000022888184    -0.5295000076293945
 15049      1.008000016212463     0.3456000089645386
 15050      12.01000022888184     0.8076000213623047
 15051      14.01000022888184    -0.8626999855041504
 15052      1.008000016212463     0.4478000104427338
 15053      1.008000016212463     0.4478000104427338
 15054      14.01000022888184    -0.8626999855041504
 15055      1.008000016212463     0.4478000104427338
 15056      1.008000016212463     0.4478000104427338
 15057      12.01000022888184     0.7340999841690063
 15058                     16    -0.5893999934196472
 15059      14.01000022888184    -0.4156999886035919
 15060      1.008000016212463     0.2718999981880188
 15061      12.01000022888184    0.03370000049471855
 15062      1.008000016212463    0.08229999989271164
 15063      12.01000022888184    -0.1825000047683716
 15064      1.008000016212463    0.06030000001192093
 15065      1.008000016212463    0.06030000001192093
 15066      1.008000016212463    0.06030000001192093
 15067      12.01000022888184     0.5972999930381775
 15068                     16    -0.5679000020027161
 15069      14.01000022888184    -0.5163000226020813
 15070      1.008000016212463     0.2935999929904938
 15071      12.01000022888184    0.03970000147819519
 15072      1.008000016212463     0.1105000004172325
 15073      12.01000022888184     0.0560000017285347
 15074      1.008000016212463   -0.01730000041425228
 15075      1.008000016212463   -0.01730000041425228
 15076      12.01000022888184    0.01360000018030405
 15077      1.008000016212463   -0.04250000044703484
 15078      1.008000016212463   -0.04250000044703484
 15079      12.01000022888184      0.805400013923645
 15080                     16    -0.8187999725341797
 15081                     16    -0.8187999725341797
 15082      12.01000022888184     0.5365999937057495
 15083                     16    -0.5819000005722046
 15084      14.01000022888184     -0.347900003194809
 15085      1.008000016212463     0.2746999859809875
 15086      12.01000022888184     -0.263700008392334
 15087      1.008000016212463     0.1560000032186508
 15088      12.01000022888184  -0.000699999975040555
 15089      1.008000016212463    0.03269999846816063
 15090      1.008000016212463    0.03269999846816063
 15091      12.01000022888184     0.0390000008046627
 15092      1.008000016212463    0.02850000001490116
 15093      1.008000016212463    0.02850000001490116
 15094      12.01000022888184    0.04859999939799309
 15095      1.008000016212463    0.06870000064373016
 15096      1.008000016212463    0.06870000064373016
 15097      14.01000022888184    -0.5295000076293945
 15098      1.008000016212463     0.3456000089645386
 15099      12.01000022888184     0.8076000213623047
 15100      14.01000022888184    -0.8626999855041504
 15101      1.008000016212463     0.4478000104427338
 15102      1.008000016212463     0.4478000104427338
 15103      14.01000022888184    -0.8626999855041504
 15104      1.008000016212463     0.4478000104427338
 15105      1.008000016212463     0.4478000104427338
 15106      12.01000022888184     0.7340999841690063
 15107                     16    -0.5893999934196472
 15108      14.01000022888184    -0.5192000269889832
 15109      1.008000016212463     0.3055000007152557
 15110      12.01000022888184    -0.2058999985456467
 15111      1.008000016212463     0.1398999989032745
 15112      12.01000022888184     0.0071000000461936
 15113      1.008000016212463  -0.007799999788403511
 15114      1.008000016212463  -0.007799999788403511
 15115      12.01000022888184    0.06750000268220901
 15116      1.008000016212463   -0.05480000004172325
 15117      1.008000016212463   -0.05480000004172325
 15118      12.01000022888184     0.8183000087738037
 15119                     16    -0.8220000267028809
 15120                     16    -0.8220000267028809
 15121      12.01000022888184     0.7419999837875366
 15122                     16    -0.7929999828338623
 15123                     16    -0.7929999828338623
